"","Date","calYear","waterYear","wy_doy","cond_uScm","water_temp_C","Flow","cumulative_dis"
"1",1984-04-25,"1984",1984,208,21,0,0.69,157.84
"2",1984-04-26,"1984",1984,209,21.1428571428571,0,0.6,158.44
"3",1984-04-27,"1984",1984,210,21.2857142857143,0,0.57,159.01
"4",1984-04-28,"1984",1984,211,21.4285714285714,0,0.65,159.66
"5",1984-04-29,"1984",1984,212,21.5714285714286,0,1.2,160.86
"6",1984-04-30,"1984",1984,213,21.7142857142857,0,2.21,163.07
"7",1984-05-01,"1984",1984,214,21.8571428571429,0,2.21,165.28
"8",1984-05-02,"1984",1984,215,22,0,1.74,167.02
"9",1984-05-03,"1984",1984,216,NA,NA,1.68,168.7
"10",1984-05-04,"1984",1984,217,NA,NA,1.68,170.38
"11",1984-05-05,"1984",1984,218,NA,NA,1.68,172.06
"12",1984-05-06,"1984",1984,219,NA,NA,1.68,173.74
"13",1984-05-07,"1984",1984,220,NA,NA,1.68,175.42
"14",1984-05-08,"1984",1984,221,NA,NA,1.68,177.1
"15",1984-05-09,"1984",1984,222,NA,NA,1.52,178.62
"16",1984-05-10,"1984",1984,223,NA,NA,1.59,180.21
"17",1984-05-11,"1984",1984,224,20,0,1.69,181.9
"18",1984-05-12,"1984",1984,225,18,0,6.09,187.99
"19",1984-05-13,"1984",1984,226,19,0,9.65,197.64
"20",1984-05-14,"1984",1984,227,16,0,13,210.64
"21",1984-05-15,"1984",1984,228,17,1,12.2,222.84
"22",1984-05-16,"1984",1984,229,16,1,14.7,237.54
"23",1984-05-17,"1984",1984,230,15,1,14.2,251.74
"24",1984-05-18,"1984",1984,231,14.6666666666667,1,10.8,262.54
"25",1984-05-19,"1984",1984,232,14.3333333333333,1,12.4,274.94
"26",1984-05-20,"1984",1984,233,14,1,16.9,291.84
"27",1984-05-21,"1984",1984,234,13,1,17,308.84
"28",1984-05-22,"1984",1984,235,14,2,18.6,327.44
"29",1984-05-23,"1984",1984,236,13,4,25,352.44
"30",1984-05-24,"1984",1984,237,12,4,31.9,384.34
"31",1984-05-25,"1984",1984,238,12,1,15,399.34
"32",1984-05-26,"1984",1984,239,12.5,2.5,13.2,412.54
"33",1984-05-27,"1984",1984,240,13,4,12,424.54
"34",1984-05-28,"1984",1984,241,13.5,5.5,12.5,437.04
"35",1984-05-29,"1984",1984,242,14,7,15.3,452.34
"36",1984-05-30,"1984",1984,243,14,6.5,17.9,470.24
"37",1984-05-31,"1984",1984,244,13,4.5,21.8,492.04
"38",1984-06-01,"1984",1984,245,13,3,17.9,509.94
"39",1984-06-02,"1984",1984,246,12.5,3,15.3,525.24
"40",1984-06-03,"1984",1984,247,12,3,14.3,539.54
"41",1984-06-04,"1984",1984,248,12,5,12.9,552.44
"42",1984-06-05,"1984",1984,249,12,2.5,12.6,565.04
"43",1984-06-06,"1984",1984,250,12.5,1.75,11.1,576.14
"44",1984-06-07,"1984",1984,251,13,1,8.79,584.93
"45",1984-06-08,"1984",1984,252,13,2.75,7.51,592.44
"46",1984-06-09,"1984",1984,253,13,4.5,6.41,598.85
"47",1984-06-10,"1984",1984,254,13,6.25,8.67,607.52
"48",1984-06-11,"1984",1984,255,13,8,14.8,622.32
"49",1984-06-12,"1984",1984,256,14,2,20.4,642.72
"50",1984-06-13,"1984",1984,257,13,4,29.3,672.02
"51",1984-06-14,"1984",1984,258,12,8,29.5,701.52
"52",1984-06-15,"1984",1984,259,12,6,33.8,735.32
"53",1984-06-16,"1984",1984,260,11,6,28.9,764.22
"54",1984-06-17,"1984",1984,261,10.5,6,22.2,786.42
"55",1984-06-18,"1984",1984,262,10,6,21.8,808.22
"56",1984-06-19,"1984",1984,263,11,6,22.1,830.32
"57",1984-06-20,"1984",1984,264,12,7,23.2,853.52
"58",1984-06-21,"1984",1984,265,10,8,24.5,878.02
"59",1984-06-22,"1984",1984,266,10.25,7.625,22.4,900.42
"60",1984-06-23,"1984",1984,267,10.5,7.25,20.9,921.32
"61",1984-06-24,"1984",1984,268,10.75,6.875,19.8,941.12
"62",1984-06-25,"1984",1984,269,11,6.5,21.4,962.52
"63",1984-06-26,"1984",1984,270,11.5,7.25,23.1,985.62
"64",1984-06-27,"1984",1984,271,12,8,23,1008.62
"65",1984-06-28,"1984",1984,272,11,8.5,23.8,1032.42
"66",1984-06-29,"1984",1984,273,10,9,31.6,1064.02
"67",1984-06-30,"1984",1984,274,12,12,41.3,1105.32
"68",1984-07-01,"1984",1984,275,11,10,32.6,1137.92
"69",1984-07-02,"1984",1984,276,10,8,27,1164.92
"70",1984-07-03,"1984",1984,277,10,8.5,23.7,1188.62
"71",1984-07-04,"1984",1984,278,NA,NA,22.5,1211.12
"72",1984-07-05,"1984",1984,279,NA,NA,22.4,1233.52
"73",1984-07-06,"1984",1984,280,NA,NA,22.9,1256.42
"74",1984-07-07,"1984",1984,281,NA,NA,24.5,1280.92
"75",1984-07-08,"1984",1984,282,NA,NA,27.3,1308.22
"76",1984-07-09,"1984",1984,283,NA,NA,39.8,1348.02
"77",1984-07-10,"1984",1984,284,NA,NA,25.8,1373.82
"78",1984-07-11,"1984",1984,285,NA,NA,20.6,1394.42
"79",1984-07-12,"1984",1984,286,NA,NA,19.7,1414.12
"80",1984-07-13,"1984",1984,287,NA,NA,25.4,1439.52
"81",1984-07-14,"1984",1984,288,NA,NA,24.2,1463.72
"82",1984-07-15,"1984",1984,289,NA,NA,14.3,1478.02
"83",1984-07-16,"1984",1984,290,9,9,13.9,1491.92
"84",1984-07-17,"1984",1984,291,9,10,13.9,1505.82
"85",1984-07-18,"1984",1984,292,9,9.75,14.8,1520.62
"86",1984-07-19,"1984",1984,293,9,9.5,17.5,1538.12
"87",1984-07-20,"1984",1984,294,9,9.25,17.8,1555.92
"88",1984-07-21,"1984",1984,295,9,9,20.4,1576.32
"89",1984-07-22,"1984",1984,296,9,8.75,34.6,1610.92
"90",1984-07-23,"1984",1984,297,9,8.5,48.7,1659.62
"91",1984-07-24,"1984",1984,298,9.5,7.75,29.9,1689.52
"92",1984-07-25,"1984",1984,299,10,7,24.5,1714.02
"93",1984-07-26,"1984",1984,300,NA,NA,22.4,1736.42
"94",1984-07-27,"1984",1984,301,NA,NA,22.8,1759.22
"95",1984-07-28,"1984",1984,302,NA,NA,25.8,1785.02
"96",1984-07-29,"1984",1984,303,NA,NA,33.3,1818.32
"97",1984-07-30,"1984",1984,304,NA,NA,24,1842.32
"98",1984-07-31,"1984",1984,305,NA,NA,21,1863.32
"99",1984-08-01,"1984",1984,306,NA,NA,20.5,1883.82
"100",1984-08-02,"1984",1984,307,NA,NA,19.6,1903.42
"101",1984-08-03,"1984",1984,308,NA,NA,17.8,1921.22
"102",1984-08-04,"1984",1984,309,NA,NA,16.6,1937.82
"103",1984-08-05,"1984",1984,310,NA,NA,16.1,1953.92
"104",1984-08-06,"1984",1984,311,NA,NA,16.2,1970.12
"105",1984-08-07,"1984",1984,312,NA,NA,16.2,1986.32
"106",1984-08-08,"1984",1984,313,NA,NA,14.6,2000.92
"107",1984-08-09,"1984",1984,314,NA,NA,12.4,2013.32
"108",1984-08-10,"1984",1984,315,NA,NA,11.9,2025.22
"109",1984-08-11,"1984",1984,316,NA,NA,11.8,2037.02
"110",1984-08-12,"1984",1984,317,NA,NA,11.9,2048.92
"111",1984-08-13,"1984",1984,318,NA,NA,12.3,2061.22
"112",1984-08-14,"1984",1984,319,NA,NA,12.6,2073.82
"113",1984-08-15,"1984",1984,320,9,10,12.1,2085.92
"114",1984-08-16,"1984",1984,321,NA,NA,13,2098.92
"115",1984-08-17,"1984",1984,322,NA,NA,13.4,2112.32
"116",1984-08-18,"1984",1984,323,NA,NA,13.1,2125.42
"117",1984-08-19,"1984",1984,324,NA,NA,15.4,2140.82
"118",1984-08-20,"1984",1984,325,NA,NA,17.7,2158.52
"119",1984-08-21,"1984",1984,326,NA,NA,17.6,2176.12
"120",1984-08-22,"1984",1984,327,NA,NA,15.6,2191.72
"121",1984-08-23,"1984",1984,328,NA,NA,15.1,2206.82
"122",1984-08-24,"1984",1984,329,NA,NA,15.2,2222.02
"123",1984-08-25,"1984",1984,330,NA,NA,13.9,2235.92
"124",1984-08-26,"1984",1984,331,NA,NA,14,2249.92
"125",1984-08-27,"1984",1984,332,NA,NA,12.9,2262.82
"126",1984-08-28,"1984",1984,333,NA,NA,10.5,2273.32
"127",1984-08-29,"1984",1984,334,NA,NA,9.66,2282.98
"128",1984-08-30,"1984",1984,335,NA,7.8,9.34,2292.32
"129",1984-08-31,"1984",1984,336,NA,NA,15.9,2308.22
"130",1984-09-01,"1984",1984,337,NA,NA,17.8,2326.02
"131",1984-09-02,"1984",1984,338,NA,NA,13.2,2339.22
"132",1984-09-03,"1984",1984,339,NA,NA,10.6,2349.82
"133",1984-09-04,"1984",1984,340,NA,NA,9.19,2359.01
"134",1984-09-05,"1984",1984,341,NA,NA,8.24,2367.25
"135",1984-09-06,"1984",1984,342,NA,NA,8.61,2375.86
"136",1984-09-07,"1984",1984,343,NA,NA,8,2383.86
"137",1984-09-08,"1984",1984,344,NA,NA,7.37,2391.23
"138",1984-09-09,"1984",1984,345,NA,NA,6.92,2398.15
"139",1984-09-10,"1984",1984,346,NA,NA,6.94,2405.09
"140",1984-09-11,"1984",1984,347,NA,NA,7.2,2412.29
"141",1984-09-12,"1984",1984,348,NA,NA,7.63,2419.92
"142",1984-09-13,"1984",1984,349,11,8,7.72,2427.64
"143",1984-10-24,"1984",1985,24,14,1,2.52,100.27
"144",1984-10-25,"1984",1985,25,NA,NA,2.52,102.79
"145",1984-10-26,"1984",1985,26,NA,NA,2.52,105.31
"146",1984-10-27,"1984",1985,27,NA,NA,2.52,107.83
"147",1984-10-28,"1984",1985,28,NA,NA,2.52,110.35
"148",1984-10-29,"1984",1985,29,NA,NA,2.52,112.87
"149",1984-10-30,"1984",1985,30,NA,NA,2.52,115.39
"150",1984-10-31,"1984",1985,31,NA,NA,1.07,116.46
"151",1984-11-01,"1984",1985,32,NA,NA,1.07,117.53
"152",1984-11-02,"1984",1985,33,NA,NA,1.07,118.6
"153",1984-11-03,"1984",1985,34,NA,NA,1.07,119.67
"154",1984-11-04,"1984",1985,35,NA,NA,1.07,120.74
"155",1984-11-05,"1984",1985,36,NA,NA,1.07,121.81
"156",1984-11-06,"1984",1985,37,NA,NA,1.07,122.88
"157",1984-11-07,"1984",1985,38,NA,NA,1.07,123.95
"158",1984-11-08,"1984",1985,39,NA,NA,1.07,125.02
"159",1984-11-09,"1984",1985,40,NA,NA,1.07,126.09
"160",1984-11-10,"1984",1985,41,NA,NA,1.07,127.16
"161",1984-11-11,"1984",1985,42,NA,NA,1.07,128.23
"162",1984-11-12,"1984",1985,43,NA,NA,1.07,129.3
"163",1984-11-13,"1984",1985,44,NA,NA,1.07,130.37
"164",1984-11-14,"1984",1985,45,NA,NA,1.07,131.44
"165",1984-11-15,"1984",1985,46,NA,NA,1.07,132.51
"166",1984-11-16,"1984",1985,47,NA,NA,1.07,133.58
"167",1984-11-17,"1984",1985,48,NA,NA,1.07,134.65
"168",1984-11-18,"1984",1985,49,NA,NA,1.07,135.72
"169",1984-11-19,"1984",1985,50,NA,NA,1.07,136.79
"170",1984-11-20,"1984",1985,51,NA,NA,1.07,137.86
"171",1984-11-21,"1984",1985,52,NA,NA,1.07,138.93
"172",1984-11-22,"1984",1985,53,NA,NA,1.07,140
"173",1984-11-23,"1984",1985,54,NA,NA,1.07,141.07
"174",1984-11-24,"1984",1985,55,NA,NA,1.07,142.14
"175",1984-11-25,"1984",1985,56,NA,NA,1.07,143.21
"176",1984-11-26,"1984",1985,57,NA,NA,1.07,144.28
"177",1984-11-27,"1984",1985,58,NA,NA,1.07,145.35
"178",1984-11-28,"1984",1985,59,NA,NA,1.07,146.42
"179",1984-11-29,"1984",1985,60,NA,NA,1.07,147.49
"180",1984-11-30,"1984",1985,61,NA,NA,0.36,147.85
"181",1984-12-01,"1984",1985,62,NA,NA,0.36,148.21
"182",1984-12-02,"1984",1985,63,NA,NA,0.36,148.57
"183",1984-12-03,"1984",1985,64,NA,NA,0.36,148.93
"184",1984-12-04,"1984",1985,65,NA,NA,0.36,149.29
"185",1984-12-05,"1984",1985,66,NA,NA,0.36,149.65
"186",1984-12-06,"1984",1985,67,NA,NA,0.36,150.01
"187",1984-12-07,"1984",1985,68,NA,NA,0.36,150.37
"188",1984-12-08,"1984",1985,69,NA,NA,0.36,150.73
"189",1984-12-09,"1984",1985,70,NA,NA,0.36,151.09
"190",1984-12-10,"1984",1985,71,NA,NA,0.36,151.45
"191",1984-12-11,"1984",1985,72,NA,NA,0.36,151.81
"192",1984-12-12,"1984",1985,73,NA,NA,0.36,152.17
"193",1984-12-13,"1984",1985,74,NA,NA,0.36,152.53
"194",1984-12-14,"1984",1985,75,NA,NA,0.36,152.89
"195",1984-12-15,"1984",1985,76,NA,NA,0.36,153.25
"196",1984-12-16,"1984",1985,77,NA,NA,0.36,153.61
"197",1984-12-17,"1984",1985,78,NA,NA,0.36,153.97
"198",1984-12-18,"1984",1985,79,NA,NA,0.36,154.33
"199",1984-12-19,"1984",1985,80,NA,NA,0.36,154.69
"200",1984-12-20,"1984",1985,81,NA,NA,0.36,155.05
"201",1984-12-21,"1984",1985,82,NA,NA,0.36,155.41
"202",1984-12-22,"1984",1985,83,NA,NA,0.36,155.77
"203",1984-12-23,"1984",1985,84,NA,NA,0.36,156.13
"204",1984-12-24,"1984",1985,85,NA,NA,0.36,156.49
"205",1984-12-25,"1984",1985,86,NA,NA,0.36,156.85
"206",1984-12-26,"1984",1985,87,NA,NA,0.36,157.21
"207",1984-12-27,"1984",1985,88,NA,NA,0.36,157.57
"208",1984-12-28,"1984",1985,89,NA,NA,0.36,157.93
"209",1984-12-29,"1984",1985,90,NA,NA,0.36,158.29
"210",1984-12-30,"1984",1985,91,NA,NA,0.36,158.65
"211",1984-12-31,"1984",1985,92,NA,NA,0.01,158.66
"212",1985-01-01,"1985",1985,93,NA,NA,0.01,158.67
"213",1985-01-02,"1985",1985,94,NA,NA,0.01,158.68
"214",1985-01-03,"1985",1985,95,NA,NA,0.01,158.69
"215",1985-01-04,"1985",1985,96,NA,NA,0.01,158.7
"216",1985-01-05,"1985",1985,97,NA,NA,0.01,158.71
"217",1985-01-06,"1985",1985,98,NA,NA,0.01,158.72
"218",1985-01-07,"1985",1985,99,NA,NA,0.01,158.73
"219",1985-01-08,"1985",1985,100,NA,NA,0.01,158.74
"220",1985-01-09,"1985",1985,101,NA,NA,0.01,158.75
"221",1985-01-10,"1985",1985,102,NA,NA,0.01,158.76
"222",1985-01-11,"1985",1985,103,NA,NA,0.01,158.77
"223",1985-01-12,"1985",1985,104,NA,NA,0.01,158.78
"224",1985-01-13,"1985",1985,105,NA,NA,0.01,158.79
"225",1985-01-14,"1985",1985,106,NA,NA,0.01,158.8
"226",1985-01-15,"1985",1985,107,NA,NA,0.01,158.81
"227",1985-01-16,"1985",1985,108,NA,NA,0.01,158.82
"228",1985-01-17,"1985",1985,109,NA,NA,0.01,158.83
"229",1985-01-18,"1985",1985,110,NA,NA,0.01,158.84
"230",1985-01-19,"1985",1985,111,NA,NA,0.01,158.85
"231",1985-01-20,"1985",1985,112,NA,NA,0.01,158.86
"232",1985-01-21,"1985",1985,113,NA,NA,0.01,158.87
"233",1985-01-22,"1985",1985,114,NA,NA,0.01,158.88
"234",1985-01-23,"1985",1985,115,NA,NA,0.01,158.89
"235",1985-01-24,"1985",1985,116,NA,NA,0.01,158.9
"236",1985-01-25,"1985",1985,117,NA,NA,0.01,158.91
"237",1985-01-26,"1985",1985,118,NA,NA,0.01,158.92
"238",1985-01-27,"1985",1985,119,NA,NA,0.01,158.93
"239",1985-01-28,"1985",1985,120,NA,NA,0.01,158.94
"240",1985-01-29,"1985",1985,121,NA,NA,0.01,158.95
"241",1985-01-30,"1985",1985,122,NA,NA,0.01,158.96
"242",1985-01-31,"1985",1985,123,NA,NA,0.01,158.97
"243",1985-02-01,"1985",1985,124,NA,NA,0.01,158.98
"244",1985-02-02,"1985",1985,125,NA,NA,0.01,158.99
"245",1985-02-03,"1985",1985,126,NA,NA,0.01,159
"246",1985-02-04,"1985",1985,127,NA,NA,0.01,159.01
"247",1985-02-05,"1985",1985,128,NA,NA,0.01,159.02
"248",1985-02-06,"1985",1985,129,NA,NA,0.01,159.03
"249",1985-02-07,"1985",1985,130,NA,NA,0.01,159.04
"250",1985-02-08,"1985",1985,131,NA,NA,0.01,159.05
"251",1985-02-09,"1985",1985,132,NA,NA,0.01,159.06
"252",1985-02-10,"1985",1985,133,NA,NA,0.01,159.07
"253",1985-02-11,"1985",1985,134,NA,NA,0.01,159.08
"254",1985-02-12,"1985",1985,135,NA,NA,0.01,159.09
"255",1985-02-13,"1985",1985,136,NA,NA,0.01,159.1
"256",1985-02-14,"1985",1985,137,NA,NA,0.01,159.11
"257",1985-02-15,"1985",1985,138,NA,NA,0.01,159.12
"258",1985-02-16,"1985",1985,139,NA,NA,0.01,159.13
"259",1985-02-17,"1985",1985,140,NA,NA,0.01,159.14
"260",1985-02-18,"1985",1985,141,NA,NA,0.01,159.15
"261",1985-02-19,"1985",1985,142,NA,NA,0.01,159.16
"262",1985-02-20,"1985",1985,143,NA,NA,0.01,159.17
"263",1985-02-21,"1985",1985,144,NA,NA,0.01,159.18
"264",1985-02-22,"1985",1985,145,NA,NA,0.01,159.19
"265",1985-02-23,"1985",1985,146,NA,NA,0.01,159.2
"266",1985-02-24,"1985",1985,147,NA,NA,0.01,159.21
"267",1985-02-25,"1985",1985,148,NA,NA,0.01,159.22
"268",1985-02-26,"1985",1985,149,NA,NA,0.01,159.23
"269",1985-02-27,"1985",1985,150,NA,NA,0.01,159.24
"270",1985-02-28,"1985",1985,151,NA,NA,0.36,159.6
"271",1985-03-01,"1985",1985,152,NA,NA,0.36,159.96
"272",1985-03-02,"1985",1985,153,NA,NA,0.36,160.32
"273",1985-03-03,"1985",1985,154,NA,NA,0.36,160.68
"274",1985-03-04,"1985",1985,155,NA,NA,0.36,161.04
"275",1985-03-05,"1985",1985,156,NA,NA,0.36,161.4
"276",1985-03-06,"1985",1985,157,NA,NA,0.36,161.76
"277",1985-03-07,"1985",1985,158,NA,NA,0.36,162.12
"278",1985-03-08,"1985",1985,159,NA,NA,0.36,162.48
"279",1985-03-09,"1985",1985,160,NA,NA,0.36,162.84
"280",1985-03-10,"1985",1985,161,NA,NA,0.36,163.2
"281",1985-03-11,"1985",1985,162,NA,NA,0.36,163.56
"282",1985-03-12,"1985",1985,163,NA,NA,0.36,163.92
"283",1985-03-13,"1985",1985,164,NA,NA,0.36,164.28
"284",1985-03-14,"1985",1985,165,NA,NA,0.36,164.64
"285",1985-03-15,"1985",1985,166,NA,NA,0.36,165
"286",1985-03-16,"1985",1985,167,NA,NA,0.36,165.36
"287",1985-03-17,"1985",1985,168,NA,NA,0.36,165.72
"288",1985-03-18,"1985",1985,169,NA,NA,0.36,166.08
"289",1985-03-19,"1985",1985,170,NA,NA,0.36,166.44
"290",1985-03-20,"1985",1985,171,NA,NA,0.36,166.8
"291",1985-03-21,"1985",1985,172,NA,NA,0.36,167.16
"292",1985-03-22,"1985",1985,173,NA,NA,0.36,167.52
"293",1985-03-23,"1985",1985,174,NA,NA,0.36,167.88
"294",1985-03-24,"1985",1985,175,NA,NA,0.36,168.24
"295",1985-03-25,"1985",1985,176,NA,NA,0.36,168.6
"296",1985-03-26,"1985",1985,177,NA,NA,0.36,168.96
"297",1985-03-27,"1985",1985,178,NA,NA,0.36,169.32
"298",1985-03-28,"1985",1985,179,NA,NA,0.36,169.68
"299",1985-03-29,"1985",1985,180,NA,NA,0.36,170.04
"300",1985-03-30,"1985",1985,181,NA,NA,0.36,170.4
"301",1985-03-31,"1985",1985,182,NA,NA,1.07,171.47
"302",1985-04-01,"1985",1985,183,NA,NA,1.07,172.54
"303",1985-04-02,"1985",1985,184,NA,NA,1.07,173.61
"304",1985-04-03,"1985",1985,185,NA,NA,1.07,174.68
"305",1985-04-04,"1985",1985,186,NA,NA,1.07,175.75
"306",1985-04-05,"1985",1985,187,NA,NA,1.07,176.82
"307",1985-04-06,"1985",1985,188,NA,NA,1.07,177.89
"308",1985-04-07,"1985",1985,189,NA,NA,1.07,178.96
"309",1985-04-08,"1985",1985,190,NA,NA,1.07,180.03
"310",1985-04-09,"1985",1985,191,NA,NA,1.07,181.1
"311",1985-04-10,"1985",1985,192,NA,NA,1.07,182.17
"312",1985-04-11,"1985",1985,193,NA,NA,1.07,183.24
"313",1985-04-12,"1985",1985,194,NA,NA,1.07,184.31
"314",1985-04-13,"1985",1985,195,NA,NA,1.07,185.38
"315",1985-04-14,"1985",1985,196,NA,NA,1.07,186.45
"316",1985-04-15,"1985",1985,197,NA,NA,1.07,187.52
"317",1985-04-16,"1985",1985,198,NA,NA,1.07,188.59
"318",1985-04-17,"1985",1985,199,NA,NA,1.07,189.66
"319",1985-04-18,"1985",1985,200,NA,NA,2.28,191.94
"320",1985-04-19,"1985",1985,201,NA,NA,1.63,193.57
"321",1985-04-20,"1985",1985,202,NA,NA,4.21,197.78
"322",1985-04-21,"1985",1985,203,NA,NA,1.3,199.08
"323",1985-04-22,"1985",1985,204,NA,NA,1.02,200.1
"324",1985-04-23,"1985",1985,205,NA,NA,0.98,201.08
"325",1985-04-24,"1985",1985,206,NA,NA,0.98,202.06
"326",1985-04-25,"1985",1985,207,NA,NA,0.89,202.95
"327",1985-04-26,"1985",1985,208,NA,NA,0.84,203.79
"328",1985-04-27,"1985",1985,209,NA,NA,1.22,205.01
"329",1985-04-28,"1985",1985,210,NA,NA,2.47,207.48
"330",1985-04-29,"1985",1985,211,NA,NA,2.84,210.32
"331",1985-04-30,"1985",1985,212,15,0,3.96,214.28
"332",1985-05-01,"1985",1985,213,16,0,5.43,219.71
"333",1985-05-02,"1985",1985,214,16,0,7.1,226.81
"334",1985-05-03,"1985",1985,215,15,1,9.41,236.22
"335",1985-05-04,"1985",1985,216,14,2,9.93,246.15
"336",1985-05-05,"1985",1985,217,14,1.5,7.98,254.13
"337",1985-05-06,"1985",1985,218,14,1,6.82,260.95
"338",1985-05-07,"1985",1985,219,15,1,8.26,269.21
"339",1985-05-08,"1985",1985,220,14,1,9.47,278.68
"340",1985-05-09,"1985",1985,221,13.8,0.8,9.39,288.07
"341",1985-05-10,"1985",1985,222,13.6,0.6,8.7,296.77
"342",1985-05-11,"1985",1985,223,13.4,0.4,5.77,302.54
"343",1985-05-12,"1985",1985,224,13.2,0.2,4.04,306.58
"344",1985-05-13,"1985",1985,225,13,0,3.09,309.67
"345",1985-05-14,"1985",1985,226,13.2857142857143,1,2.85,312.52
"346",1985-05-15,"1985",1985,227,13.5714285714286,2,3.23,315.75
"347",1985-05-16,"1985",1985,228,13.8571428571429,2.4,3.89,319.64
"348",1985-05-17,"1985",1985,229,14.1428571428571,2.8,4.91,324.55
"349",1985-05-18,"1985",1985,230,14.4285714285714,3.2,5.02,329.57
"350",1985-05-19,"1985",1985,231,14.7142857142857,3.6,5.16,334.73
"351",1985-05-20,"1985",1985,232,15,4,5.37,340.1
"352",1985-05-21,"1985",1985,233,15,3,5.7,345.8
"353",1985-05-22,"1985",1985,234,14,3,6.12,351.92
"354",1985-05-23,"1985",1985,235,13.6,3,9.41,361.33
"355",1985-05-24,"1985",1985,236,13.2,3,14.1,375.43
"356",1985-05-25,"1985",1985,237,12.8,3,15.7,391.13
"357",1985-05-26,"1985",1985,238,12.4,3,13.6,404.73
"358",1985-05-27,"1985",1985,239,12,3,13.9,418.63
"359",1985-05-28,"1985",1985,240,14,3,15.1,433.73
"360",1985-05-29,"1985",1985,241,13,2.5,13.4,447.13
"361",1985-05-30,"1985",1985,242,12,2,9.35,456.48
"362",1985-05-31,"1985",1985,243,12,2.75,8.07,464.55
"363",1985-06-01,"1985",1985,244,12,3.5,8.39,472.94
"364",1985-06-02,"1985",1985,245,12,4.25,10.3,483.24
"365",1985-06-03,"1985",1985,246,12,5,12.8,496.04
"366",1985-06-04,"1985",1985,247,12,4,14.7,510.74
"367",1985-06-05,"1985",1985,248,13,4,22.2,532.94
"368",1985-06-06,"1985",1985,249,12.6,4,40.6,573.54
"369",1985-06-07,"1985",1985,250,12.2,4,44.4,617.94
"370",1985-06-08,"1985",1985,251,11.8,4,35.6,653.54
"371",1985-06-09,"1985",1985,252,11.4,4,26.7,680.24
"372",1985-06-10,"1985",1985,253,11,4,19.6,699.84
"373",1985-06-11,"1985",1985,254,12,7,17.3,717.14
"374",1985-06-12,"1985",1985,255,13,7,18.7,735.84
"375",1985-06-13,"1985",1985,256,13.6,6.8,19.9,755.74
"376",1985-06-14,"1985",1985,257,14.2,6.6,19.5,775.24
"377",1985-06-15,"1985",1985,258,14.8,6.4,21.6,796.84
"378",1985-06-16,"1985",1985,259,15.4,6.2,24.5,821.34
"379",1985-06-17,"1985",1985,260,16,6,20.8,842.14
"380",1985-06-18,"1985",1985,261,14.25,7,19.1,861.24
"381",1985-06-19,"1985",1985,262,12.5,8,17.9,879.14
"382",1985-06-20,"1985",1985,263,12.4,8.2,19.4,898.54
"383",1985-06-21,"1985",1985,264,12.3,8.4,18.5,917.04
"384",1985-06-22,"1985",1985,265,12.2,8.6,17,934.04
"385",1985-06-23,"1985",1985,266,12.1,8.8,16.4,950.44
"386",1985-06-24,"1985",1985,267,12,9,26.5,976.94
"387",1985-06-25,"1985",1985,268,11,8,25.6,1002.54
"388",1985-06-26,"1985",1985,269,10,7,15.4,1017.94
"389",1985-06-27,"1985",1985,270,9,6,12.3,1030.24
"390",1985-06-28,"1985",1985,271,NA,NA,11.6,1041.84
"391",1985-06-29,"1985",1985,272,NA,NA,10.7,1052.54
"392",1985-06-30,"1985",1985,273,NA,NA,10.8,1063.34
"393",1985-07-01,"1985",1985,274,NA,NA,11.5,1074.84
"394",1985-07-02,"1985",1985,275,NA,NA,12.3,1087.14
"395",1985-07-03,"1985",1985,276,NA,NA,13.8,1100.94
"396",1985-07-04,"1985",1985,277,NA,NA,14.4,1115.34
"397",1985-07-05,"1985",1985,278,NA,NA,14.9,1130.24
"398",1985-07-06,"1985",1985,279,NA,NA,14.4,1144.64
"399",1985-07-07,"1985",1985,280,NA,NA,14.8,1159.44
"400",1985-07-08,"1985",1985,281,NA,NA,15.6,1175.04
"401",1985-07-09,"1985",1985,282,NA,NA,15.2,1190.24
"402",1985-07-10,"1985",1985,283,10,8,14.9,1205.14
"403",1985-07-11,"1985",1985,284,NA,NA,15.7,1220.84
"404",1985-07-12,"1985",1985,285,NA,NA,18.7,1239.54
"405",1985-07-13,"1985",1985,286,NA,NA,17.7,1257.24
"406",1985-07-14,"1985",1985,287,NA,NA,14.9,1272.14
"407",1985-07-15,"1985",1985,288,NA,NA,13.6,1285.74
"408",1985-07-16,"1985",1985,289,NA,NA,14,1299.74
"409",1985-07-17,"1985",1985,290,NA,NA,15.2,1314.94
"410",1985-07-18,"1985",1985,291,NA,NA,17.3,1332.24
"411",1985-07-19,"1985",1985,292,NA,NA,18.4,1350.64
"412",1985-07-20,"1985",1985,293,NA,NA,16.5,1367.14
"413",1985-07-21,"1985",1985,294,NA,NA,13.6,1380.74
"414",1985-07-22,"1985",1985,295,NA,NA,13.4,1394.14
"415",1985-07-23,"1985",1985,296,8,7,14.7,1408.84
"416",1985-07-24,"1985",1985,297,NA,NA,13.4,1422.24
"417",1985-07-25,"1985",1985,298,NA,NA,12.6,1434.84
"418",1985-07-26,"1985",1985,299,NA,NA,12.5,1447.34
"419",1985-07-27,"1985",1985,300,NA,NA,12.1,1459.44
"420",1985-07-28,"1985",1985,301,NA,NA,11.5,1470.94
"421",1985-07-29,"1985",1985,302,NA,NA,10.4,1481.34
"422",1985-07-30,"1985",1985,303,NA,NA,10.5,1491.84
"423",1985-07-31,"1985",1985,304,NA,NA,11,1502.84
"424",1985-08-01,"1985",1985,305,NA,NA,11,1513.84
"425",1985-08-02,"1985",1985,306,NA,NA,11.4,1525.24
"426",1985-08-03,"1985",1985,307,NA,NA,11.4,1536.64
"427",1985-08-04,"1985",1985,308,NA,NA,10.3,1546.94
"428",1985-08-05,"1985",1985,309,NA,NA,8.96,1555.9
"429",1985-08-06,"1985",1985,310,NA,NA,8.4,1564.3
"430",1985-08-07,"1985",1985,311,NA,NA,8.31,1572.61
"431",1985-08-08,"1985",1985,312,NA,NA,8.62,1581.23
"432",1985-08-09,"1985",1985,313,NA,NA,8.37,1589.6
"433",1985-08-10,"1985",1985,314,NA,NA,7.66,1597.26
"434",1985-08-11,"1985",1985,315,NA,NA,7.59,1604.85
"435",1985-08-12,"1985",1985,316,NA,NA,7.01,1611.86
"436",1985-08-13,"1985",1985,317,NA,NA,6.11,1617.97
"437",1985-08-14,"1985",1985,318,NA,NA,5.46,1623.43
"438",1985-08-15,"1985",1985,319,NA,NA,5.01,1628.44
"439",1985-08-16,"1985",1985,320,NA,NA,4.86,1633.3
"440",1985-08-17,"1985",1985,321,NA,NA,4.86,1638.16
"441",1985-08-18,"1985",1985,322,NA,NA,4.78,1642.94
"442",1985-08-19,"1985",1985,323,NA,NA,5.16,1648.1
"443",1985-08-20,"1985",1985,324,11,12,5.7,1653.8
"444",1985-08-21,"1985",1985,325,NA,NA,6.19,1659.99
"445",1985-08-22,"1985",1985,326,NA,NA,6.58,1666.57
"446",1985-08-23,"1985",1985,327,NA,NA,6.34,1672.91
"447",1985-08-24,"1985",1985,328,NA,NA,5.72,1678.63
"448",1985-08-25,"1985",1985,329,NA,NA,5.15,1683.78
"449",1985-08-26,"1985",1985,330,NA,NA,4.94,1688.72
"450",1985-08-27,"1985",1985,331,NA,NA,5.03,1693.75
"451",1985-08-28,"1985",1985,332,NA,NA,5.02,1698.77
"452",1985-08-29,"1985",1985,333,NA,NA,5.02,1703.79
"453",1985-08-30,"1985",1985,334,NA,NA,5.02,1708.81
"454",1985-08-31,"1985",1985,335,NA,NA,5.02,1713.83
"455",1985-09-01,"1985",1985,336,NA,NA,5.02,1718.85
"456",1985-09-02,"1985",1985,337,NA,NA,5.03,1723.88
"457",1985-09-03,"1985",1985,338,7,11,8.61,1732.49
"458",1985-09-04,"1985",1985,339,NA,NA,8.31,1740.8
"459",1985-09-05,"1985",1985,340,NA,NA,7.53,1748.33
"460",1985-09-06,"1985",1985,341,NA,NA,7.33,1755.66
"461",1985-09-07,"1985",1985,342,NA,NA,6.96,1762.62
"462",1985-09-08,"1985",1985,343,NA,NA,6.14,1768.76
"463",1985-09-09,"1985",1985,344,NA,NA,6.05,1774.81
"464",1985-09-10,"1985",1985,345,NA,NA,5.35,1780.16
"465",1985-09-11,"1985",1985,346,NA,NA,6.27,1786.43
"466",1985-09-12,"1985",1985,347,NA,NA,6.35,1792.78
"467",1985-09-13,"1985",1985,348,NA,NA,5.69,1798.47
"468",1985-09-14,"1985",1985,349,NA,NA,5.36,1803.83
"469",1985-09-15,"1985",1985,350,NA,NA,5.14,1808.97
"470",1985-09-16,"1985",1985,351,NA,NA,4.86,1813.83
"471",1985-09-17,"1985",1985,352,12,8,4.7,1818.53
"472",1985-10-15,"1985",1986,15,15,NA,1.63,30.73
"473",1985-10-16,"1985",1986,16,NA,NA,1.58,32.31
"474",1985-10-17,"1985",1986,17,NA,NA,1.58,33.89
"475",1985-10-18,"1985",1986,18,NA,NA,1.58,35.47
"476",1985-10-19,"1985",1986,19,NA,NA,1.58,37.05
"477",1985-10-20,"1985",1986,20,NA,NA,1.52,38.57
"478",1985-10-21,"1985",1986,21,NA,NA,1.42,39.99
"479",1985-10-22,"1985",1986,22,NA,NA,1.31,41.3
"480",1985-10-23,"1985",1986,23,NA,NA,1.21,42.51
"481",1985-10-24,"1985",1986,24,NA,NA,1.12,43.63
"482",1985-10-25,"1985",1986,25,NA,NA,1.07,44.7
"483",1985-10-26,"1985",1986,26,NA,NA,1.07,45.77
"484",1985-10-27,"1985",1986,27,NA,NA,1.07,46.84
"485",1985-10-28,"1985",1986,28,NA,NA,1.02,47.86
"486",1985-10-29,"1985",1986,29,NA,NA,0.98,48.84
"487",1985-10-30,"1985",1986,30,NA,NA,0.98,49.82
"488",1985-10-31,"1985",1986,31,NA,NA,1.07,50.89
"489",1985-11-01,"1985",1986,32,NA,NA,1.07,51.96
"490",1985-11-02,"1985",1986,33,NA,NA,1.07,53.03
"491",1985-11-03,"1985",1986,34,NA,NA,1.07,54.1
"492",1985-11-04,"1985",1986,35,NA,NA,1.07,55.17
"493",1985-11-05,"1985",1986,36,NA,NA,1.07,56.24
"494",1985-11-06,"1985",1986,37,NA,NA,1.07,57.31
"495",1985-11-07,"1985",1986,38,NA,NA,1.07,58.38
"496",1985-11-08,"1985",1986,39,NA,NA,1.07,59.45
"497",1985-11-09,"1985",1986,40,NA,NA,1.07,60.52
"498",1985-11-10,"1985",1986,41,NA,NA,1.07,61.59
"499",1985-11-11,"1985",1986,42,NA,NA,1.07,62.66
"500",1985-11-12,"1985",1986,43,NA,NA,1.07,63.73
"501",1985-11-13,"1985",1986,44,NA,NA,1.07,64.8
"502",1985-11-14,"1985",1986,45,NA,NA,1.07,65.87
"503",1985-11-15,"1985",1986,46,NA,NA,1.07,66.94
"504",1985-11-16,"1985",1986,47,NA,NA,1.07,68.01
"505",1985-11-17,"1985",1986,48,NA,NA,1.07,69.08
"506",1985-11-18,"1985",1986,49,NA,NA,1.07,70.15
"507",1985-11-19,"1985",1986,50,NA,NA,1.07,71.22
"508",1985-11-20,"1985",1986,51,NA,NA,1.07,72.29
"509",1985-11-21,"1985",1986,52,NA,NA,1.07,73.3599999999999
"510",1985-11-22,"1985",1986,53,NA,NA,1.07,74.4299999999999
"511",1985-11-23,"1985",1986,54,NA,NA,1.07,75.4999999999999
"512",1985-11-24,"1985",1986,55,NA,NA,1.07,76.5699999999999
"513",1985-11-25,"1985",1986,56,NA,NA,1.07,77.6399999999999
"514",1985-11-26,"1985",1986,57,NA,NA,1.07,78.7099999999999
"515",1985-11-27,"1985",1986,58,NA,NA,1.07,79.7799999999999
"516",1985-11-28,"1985",1986,59,NA,NA,1.07,80.8499999999999
"517",1985-11-29,"1985",1986,60,NA,NA,1.07,81.9199999999999
"518",1985-11-30,"1985",1986,61,NA,NA,0.36,82.2799999999999
"519",1985-12-01,"1985",1986,62,NA,NA,0.36,82.6399999999999
"520",1985-12-02,"1985",1986,63,NA,NA,0.36,82.9999999999999
"521",1985-12-03,"1985",1986,64,NA,NA,0.36,83.3599999999999
"522",1985-12-04,"1985",1986,65,NA,NA,0.36,83.7199999999999
"523",1985-12-05,"1985",1986,66,NA,NA,0.36,84.0799999999999
"524",1985-12-06,"1985",1986,67,NA,NA,0.36,84.4399999999999
"525",1985-12-07,"1985",1986,68,NA,NA,0.36,84.7999999999999
"526",1985-12-08,"1985",1986,69,NA,NA,0.36,85.1599999999999
"527",1985-12-09,"1985",1986,70,NA,NA,0.36,85.5199999999999
"528",1985-12-10,"1985",1986,71,NA,NA,0.36,85.8799999999999
"529",1985-12-11,"1985",1986,72,NA,NA,0.36,86.2399999999999
"530",1985-12-12,"1985",1986,73,NA,NA,0.36,86.5999999999999
"531",1985-12-13,"1985",1986,74,NA,NA,0.36,86.9599999999999
"532",1985-12-14,"1985",1986,75,NA,NA,0.36,87.3199999999999
"533",1985-12-15,"1985",1986,76,NA,NA,0.36,87.6799999999999
"534",1985-12-16,"1985",1986,77,NA,NA,0.36,88.0399999999999
"535",1985-12-17,"1985",1986,78,NA,NA,0.36,88.3999999999999
"536",1985-12-18,"1985",1986,79,NA,NA,0.36,88.7599999999999
"537",1985-12-19,"1985",1986,80,NA,NA,0.36,89.1199999999999
"538",1985-12-20,"1985",1986,81,NA,NA,0.36,89.4799999999999
"539",1985-12-21,"1985",1986,82,NA,NA,0.36,89.8399999999999
"540",1985-12-22,"1985",1986,83,NA,NA,0.36,90.1999999999999
"541",1985-12-23,"1985",1986,84,NA,NA,0.36,90.5599999999999
"542",1985-12-24,"1985",1986,85,NA,NA,0.36,90.9199999999999
"543",1985-12-25,"1985",1986,86,NA,NA,0.36,91.2799999999999
"544",1985-12-26,"1985",1986,87,NA,NA,0.36,91.6399999999999
"545",1985-12-27,"1985",1986,88,NA,NA,0.36,91.9999999999999
"546",1985-12-28,"1985",1986,89,NA,NA,0.36,92.3599999999999
"547",1985-12-29,"1985",1986,90,NA,NA,0.36,92.7199999999999
"548",1985-12-30,"1985",1986,91,NA,NA,0.36,93.0799999999999
"549",1985-12-31,"1985",1986,92,NA,NA,0.01,93.0899999999999
"550",1986-01-01,"1986",1986,93,NA,NA,0.01,93.0999999999999
"551",1986-01-02,"1986",1986,94,NA,NA,0.01,93.1099999999999
"552",1986-01-03,"1986",1986,95,NA,NA,0.01,93.1199999999999
"553",1986-01-04,"1986",1986,96,NA,NA,0.01,93.1299999999999
"554",1986-01-05,"1986",1986,97,NA,NA,0.01,93.1399999999999
"555",1986-01-06,"1986",1986,98,NA,NA,0.01,93.1499999999999
"556",1986-01-07,"1986",1986,99,NA,NA,0.01,93.1599999999999
"557",1986-01-08,"1986",1986,100,NA,NA,0.01,93.1699999999999
"558",1986-01-09,"1986",1986,101,NA,NA,0.01,93.1799999999999
"559",1986-01-10,"1986",1986,102,NA,NA,0.01,93.1899999999999
"560",1986-01-11,"1986",1986,103,NA,NA,0.01,93.1999999999999
"561",1986-01-12,"1986",1986,104,NA,NA,0.01,93.2099999999999
"562",1986-01-13,"1986",1986,105,NA,NA,0.01,93.2199999999999
"563",1986-01-14,"1986",1986,106,NA,NA,0.01,93.23
"564",1986-01-15,"1986",1986,107,NA,NA,0.01,93.24
"565",1986-01-16,"1986",1986,108,NA,NA,0.01,93.25
"566",1986-01-17,"1986",1986,109,NA,NA,0.01,93.26
"567",1986-01-18,"1986",1986,110,NA,NA,0.01,93.27
"568",1986-01-19,"1986",1986,111,NA,NA,0.01,93.28
"569",1986-01-20,"1986",1986,112,NA,NA,0.01,93.29
"570",1986-01-21,"1986",1986,113,NA,NA,0.01,93.3
"571",1986-01-22,"1986",1986,114,NA,NA,0.01,93.31
"572",1986-01-23,"1986",1986,115,NA,NA,0.01,93.32
"573",1986-01-24,"1986",1986,116,NA,NA,0.01,93.33
"574",1986-01-25,"1986",1986,117,NA,NA,0.01,93.34
"575",1986-01-26,"1986",1986,118,NA,NA,0.01,93.35
"576",1986-01-27,"1986",1986,119,NA,NA,0.01,93.36
"577",1986-01-28,"1986",1986,120,NA,NA,0.01,93.37
"578",1986-01-29,"1986",1986,121,NA,NA,0.01,93.38
"579",1986-01-30,"1986",1986,122,NA,NA,0.01,93.39
"580",1986-01-31,"1986",1986,123,NA,NA,0.01,93.4
"581",1986-02-01,"1986",1986,124,NA,NA,0.01,93.41
"582",1986-02-02,"1986",1986,125,NA,NA,0.01,93.42
"583",1986-02-03,"1986",1986,126,NA,NA,0.01,93.43
"584",1986-02-04,"1986",1986,127,NA,NA,0.01,93.44
"585",1986-02-05,"1986",1986,128,NA,NA,0.01,93.4500000000001
"586",1986-02-06,"1986",1986,129,NA,NA,0.01,93.4600000000001
"587",1986-02-07,"1986",1986,130,NA,NA,0.01,93.4700000000001
"588",1986-02-08,"1986",1986,131,NA,NA,0.01,93.4800000000001
"589",1986-02-09,"1986",1986,132,NA,NA,0.01,93.4900000000001
"590",1986-02-10,"1986",1986,133,NA,NA,0.01,93.5000000000001
"591",1986-02-11,"1986",1986,134,NA,NA,0.01,93.5100000000001
"592",1986-02-12,"1986",1986,135,NA,NA,0.01,93.5200000000001
"593",1986-02-13,"1986",1986,136,NA,NA,0.01,93.5300000000001
"594",1986-02-14,"1986",1986,137,NA,NA,0.01,93.5400000000001
"595",1986-02-15,"1986",1986,138,NA,NA,0.01,93.5500000000001
"596",1986-02-16,"1986",1986,139,NA,NA,0.01,93.5600000000001
"597",1986-02-17,"1986",1986,140,NA,NA,0.01,93.5700000000001
"598",1986-02-18,"1986",1986,141,NA,NA,0.01,93.5800000000001
"599",1986-02-19,"1986",1986,142,NA,NA,0.01,93.5900000000001
"600",1986-02-20,"1986",1986,143,NA,NA,0.01,93.6000000000001
"601",1986-02-21,"1986",1986,144,NA,NA,0.01,93.6100000000001
"602",1986-02-22,"1986",1986,145,NA,NA,0.01,93.6200000000001
"603",1986-02-23,"1986",1986,146,NA,NA,0.01,93.6300000000002
"604",1986-02-24,"1986",1986,147,NA,NA,0.01,93.6400000000002
"605",1986-02-25,"1986",1986,148,NA,NA,0.01,93.6500000000002
"606",1986-02-26,"1986",1986,149,NA,NA,0.01,93.6600000000002
"607",1986-02-27,"1986",1986,150,NA,NA,0.01,93.6700000000002
"608",1986-02-28,"1986",1986,151,NA,NA,0.36,94.0300000000002
"609",1986-03-01,"1986",1986,152,NA,NA,0.36,94.3900000000002
"610",1986-03-02,"1986",1986,153,NA,NA,0.36,94.7500000000002
"611",1986-03-03,"1986",1986,154,NA,NA,0.36,95.1100000000002
"612",1986-03-04,"1986",1986,155,NA,NA,0.36,95.4700000000002
"613",1986-03-05,"1986",1986,156,NA,NA,0.36,95.8300000000002
"614",1986-03-06,"1986",1986,157,NA,NA,0.36,96.1900000000002
"615",1986-03-07,"1986",1986,158,NA,NA,0.36,96.5500000000002
"616",1986-03-08,"1986",1986,159,NA,NA,0.36,96.9100000000002
"617",1986-03-09,"1986",1986,160,NA,NA,0.36,97.2700000000002
"618",1986-03-10,"1986",1986,161,NA,NA,0.36,97.6300000000002
"619",1986-03-11,"1986",1986,162,NA,NA,0.36,97.9900000000002
"620",1986-03-12,"1986",1986,163,NA,NA,0.36,98.3500000000002
"621",1986-03-13,"1986",1986,164,NA,NA,0.36,98.7100000000002
"622",1986-03-14,"1986",1986,165,NA,NA,0.36,99.0700000000002
"623",1986-03-15,"1986",1986,166,NA,NA,0.36,99.4300000000002
"624",1986-03-16,"1986",1986,167,NA,NA,0.36,99.7900000000002
"625",1986-03-17,"1986",1986,168,NA,NA,0.36,100.15
"626",1986-03-18,"1986",1986,169,NA,NA,0.36,100.51
"627",1986-03-19,"1986",1986,170,NA,NA,0.36,100.87
"628",1986-03-20,"1986",1986,171,NA,NA,0.36,101.23
"629",1986-03-21,"1986",1986,172,NA,NA,0.36,101.59
"630",1986-03-22,"1986",1986,173,NA,NA,0.36,101.95
"631",1986-03-23,"1986",1986,174,NA,NA,0.36,102.31
"632",1986-03-24,"1986",1986,175,NA,NA,0.36,102.67
"633",1986-03-25,"1986",1986,176,NA,NA,0.36,103.03
"634",1986-03-26,"1986",1986,177,NA,NA,0.36,103.39
"635",1986-03-27,"1986",1986,178,NA,NA,0.36,103.75
"636",1986-03-28,"1986",1986,179,NA,NA,0.36,104.11
"637",1986-03-29,"1986",1986,180,NA,NA,0.36,104.47
"638",1986-03-30,"1986",1986,181,NA,NA,0.36,104.83
"639",1986-03-31,"1986",1986,182,NA,NA,1.07,105.9
"640",1986-04-01,"1986",1986,183,NA,NA,1.07,106.97
"641",1986-04-02,"1986",1986,184,NA,NA,1.07,108.04
"642",1986-04-03,"1986",1986,185,NA,NA,1.07,109.11
"643",1986-04-04,"1986",1986,186,NA,NA,1.07,110.18
"644",1986-04-05,"1986",1986,187,NA,NA,1.07,111.25
"645",1986-04-06,"1986",1986,188,NA,NA,1.07,112.32
"646",1986-04-07,"1986",1986,189,NA,NA,1.07,113.39
"647",1986-04-08,"1986",1986,190,NA,NA,1.07,114.46
"648",1986-04-09,"1986",1986,191,NA,NA,1.07,115.53
"649",1986-04-10,"1986",1986,192,NA,NA,1.07,116.6
"650",1986-04-11,"1986",1986,193,NA,NA,1.07,117.67
"651",1986-04-12,"1986",1986,194,NA,NA,1.07,118.74
"652",1986-04-13,"1986",1986,195,NA,NA,1.07,119.81
"653",1986-04-14,"1986",1986,196,NA,NA,1.07,120.88
"654",1986-04-15,"1986",1986,197,NA,NA,1.07,121.95
"655",1986-04-16,"1986",1986,198,NA,NA,1.07,123.02
"656",1986-04-17,"1986",1986,199,NA,NA,1.07,124.09
"657",1986-04-18,"1986",1986,200,NA,NA,1.07,125.16
"658",1986-04-19,"1986",1986,201,NA,NA,1.07,126.23
"659",1986-04-20,"1986",1986,202,NA,NA,1.07,127.3
"660",1986-04-21,"1986",1986,203,NA,NA,1.07,128.37
"661",1986-04-22,"1986",1986,204,NA,NA,1.07,129.44
"662",1986-04-23,"1986",1986,205,18,NA,1.07,130.51
"663",1986-04-24,"1986",1986,206,17.5,NA,0.89,131.4
"664",1986-04-25,"1986",1986,207,17,NA,0.78,132.18
"665",1986-04-26,"1986",1986,208,16.8571428571429,NA,0.99,133.17
"666",1986-04-27,"1986",1986,209,16.7142857142857,NA,0.72,133.89
"667",1986-04-28,"1986",1986,210,16.5714285714286,NA,0.57,134.46
"668",1986-04-29,"1986",1986,211,16.4285714285714,NA,0.69,135.15
"669",1986-04-30,"1986",1986,212,16.2857142857143,NA,1.84,136.99
"670",1986-05-01,"1986",1986,213,16.1428571428571,NA,3.55,140.54
"671",1986-05-02,"1986",1986,214,16,1.5,4.85,145.39
"672",1986-05-03,"1986",1986,215,15,1.5,6.67,152.06
"673",1986-05-04,"1986",1986,216,15,2,6.96,159.02
"674",1986-05-05,"1986",1986,217,16,NA,3.68,162.7
"675",1986-05-06,"1986",1986,218,15.875,NA,2.48,165.18
"676",1986-05-07,"1986",1986,219,15.75,NA,2.06,167.24
"677",1986-05-08,"1986",1986,220,15.625,NA,1.51,168.75
"678",1986-05-09,"1986",1986,221,15.5,NA,1.42,170.17
"679",1986-05-10,"1986",1986,222,15.375,NA,1.54,171.71
"680",1986-05-11,"1986",1986,223,15.25,NA,2.46,174.17
"681",1986-05-12,"1986",1986,224,15.125,NA,3.19,177.36
"682",1986-05-13,"1986",1986,225,15,1.5,3.99,181.35
"683",1986-05-14,"1986",1986,226,15,1.57142857142857,4.15,185.5
"684",1986-05-15,"1986",1986,227,15,1.64285714285714,4.01,189.51
"685",1986-05-16,"1986",1986,228,15,1.71428571428571,3.23,192.74
"686",1986-05-17,"1986",1986,229,15,1.78571428571429,3.05,195.79
"687",1986-05-18,"1986",1986,230,15,1.85714285714286,3.37,199.16
"688",1986-05-19,"1986",1986,231,15,1.92857142857143,5.68,204.84
"689",1986-05-20,"1986",1986,232,15,2,8.82,213.66
"690",1986-05-21,"1986",1986,233,14.875,2.125,9.99,223.65
"691",1986-05-22,"1986",1986,234,14.75,2.25,9.14,232.79
"692",1986-05-23,"1986",1986,235,14.625,2.375,11.4,244.19
"693",1986-05-24,"1986",1986,236,14.5,2.5,11.6,255.79
"694",1986-05-25,"1986",1986,237,14.375,2.625,13.6,269.39
"695",1986-05-26,"1986",1986,238,14.25,2.75,13.2,282.59
"696",1986-05-27,"1986",1986,239,14.125,2.875,10.7,293.29
"697",1986-05-28,"1986",1986,240,14,3,9.98,303.27
"698",1986-05-29,"1986",1986,241,14,2.92857142857143,8.74,312.01
"699",1986-05-30,"1986",1986,242,14,2.85714285714286,10.6,322.61
"700",1986-05-31,"1986",1986,243,14,2.78571428571429,15,337.61
"701",1986-06-01,"1986",1986,244,14,2.71428571428571,18.2,355.81
"702",1986-06-02,"1986",1986,245,14,2.64285714285714,21.5,377.31
"703",1986-06-03,"1986",1986,246,14,2.57142857142857,31.5,408.81
"704",1986-06-04,"1986",1986,247,14,2.5,34.3,443.11
"705",1986-06-05,"1986",1986,248,13.875,3.0625,36.9,480.01
"706",1986-06-06,"1986",1986,249,13.75,3.625,33.4,513.41
"707",1986-06-07,"1986",1986,250,13.625,4.1875,30,543.41
"708",1986-06-08,"1986",1986,251,13.5,4.75,29.7,573.11
"709",1986-06-09,"1986",1986,252,13.375,5.3125,23.3,596.41
"710",1986-06-10,"1986",1986,253,13.25,5.875,15.1,611.51
"711",1986-06-11,"1986",1986,254,13.125,6.4375,17.8,629.31
"712",1986-06-12,"1986",1986,255,13,7,22.6,651.91
"713",1986-06-13,"1986",1986,256,12.8,6.5,24.3,676.21
"714",1986-06-14,"1986",1986,257,12.6,6,26.1,702.31
"715",1986-06-15,"1986",1986,258,12.4,5.5,28.2,730.51
"716",1986-06-16,"1986",1986,259,12.2,5,32,762.51
"717",1986-06-17,"1986",1986,260,12,4.5,34.5,797.01
"718",1986-06-18,"1986",1986,261,11.875,4.6875,39.7,836.71
"719",1986-06-19,"1986",1986,262,11.75,4.875,38.5,875.21
"720",1986-06-20,"1986",1986,263,11.625,5.0625,35.1,910.31
"721",1986-06-21,"1986",1986,264,11.5,5.25,29.5,939.81
"722",1986-06-22,"1986",1986,265,11.375,5.4375,29.5,969.31
"723",1986-06-23,"1986",1986,266,11.25,5.625,32.4,1001.71
"724",1986-06-24,"1986",1986,267,11.125,5.8125,31.7,1033.41
"725",1986-06-25,"1986",1986,268,11,6,34.9,1068.31
"726",1986-06-26,"1986",1986,269,10.8333333333333,6,37.2,1105.51
"727",1986-06-27,"1986",1986,270,10.6666666666667,6,36,1141.51
"728",1986-06-28,"1986",1986,271,10.5,6,39.3,1180.81
"729",1986-06-29,"1986",1986,272,10.3333333333333,6,36.7,1217.51
"730",1986-06-30,"1986",1986,273,10.1666666666667,6,33.3,1250.81
"731",1986-07-01,"1986",1986,274,10,6,29.5,1280.31
"732",1986-07-02,"1986",1986,275,NA,NA,28.8,1309.11
"733",1986-07-03,"1986",1986,276,NA,NA,34,1343.11
"734",1986-07-04,"1986",1986,277,NA,NA,40.1,1383.21
"735",1986-07-05,"1986",1986,278,NA,NA,33.6,1416.81
"736",1986-07-06,"1986",1986,279,NA,NA,25.4,1442.21
"737",1986-07-07,"1986",1986,280,NA,NA,24.1,1466.31
"738",1986-07-08,"1986",1986,281,NA,NA,22.9,1489.21
"739",1986-07-09,"1986",1986,282,NA,NA,22.4,1511.61
"740",1986-07-10,"1986",1986,283,NA,NA,22.2,1533.81
"741",1986-07-11,"1986",1986,284,NA,NA,26.8,1560.61
"742",1986-07-12,"1986",1986,285,NA,NA,27,1587.61
"743",1986-07-13,"1986",1986,286,NA,NA,25.8,1613.41
"744",1986-07-14,"1986",1986,287,NA,NA,25.1,1638.51
"745",1986-07-15,"1986",1986,288,8,9,26.3,1664.81
"746",1986-07-16,"1986",1986,289,8,9,26.7,1691.51
"747",1986-07-17,"1986",1986,290,8,9,25.1,1716.61
"748",1986-07-18,"1986",1986,291,8,9,23.9,1740.51
"749",1986-07-19,"1986",1986,292,8,9,20.1,1760.61
"750",1986-07-20,"1986",1986,293,8,9,17.2,1777.81
"751",1986-07-21,"1986",1986,294,8,9,16.3,1794.11
"752",1986-07-22,"1986",1986,295,8,9,17.9,1812.01
"753",1986-07-23,"1986",1986,296,7.875,9.25,20.2,1832.21
"754",1986-07-24,"1986",1986,297,7.75,9.5,19,1851.21
"755",1986-07-25,"1986",1986,298,7.625,9.75,15.7,1866.91
"756",1986-07-26,"1986",1986,299,7.5,10,14.6,1881.51
"757",1986-07-27,"1986",1986,300,7.375,10.25,14.1,1895.61
"758",1986-07-28,"1986",1986,301,7.25,10.5,13.4,1909.01
"759",1986-07-29,"1986",1986,302,7.125,10.75,13.3,1922.31
"760",1986-07-30,"1986",1986,303,7,11,13.3,1935.61
"761",1986-07-31,"1986",1986,304,NA,NA,13.2,1948.81
"762",1986-08-01,"1986",1986,305,NA,NA,13.3,1962.11
"763",1986-08-02,"1986",1986,306,NA,NA,13.6,1975.71
"764",1986-08-03,"1986",1986,307,NA,NA,13.1,1988.81
"765",1986-08-04,"1986",1986,308,NA,NA,12.6,2001.41
"766",1986-08-05,"1986",1986,309,NA,NA,12,2013.41
"767",1986-08-06,"1986",1986,310,NA,NA,12.8,2026.21
"768",1986-08-07,"1986",1986,311,NA,NA,13.5,2039.71
"769",1986-08-08,"1986",1986,312,NA,NA,15.2,2054.91
"770",1986-08-09,"1986",1986,313,NA,NA,13.8,2068.71
"771",1986-08-10,"1986",1986,314,NA,NA,12.7,2081.41
"772",1986-08-11,"1986",1986,315,NA,NA,12.8,2094.21
"773",1986-08-12,"1986",1986,316,7.5,9.75,13.1,2107.31
"774",1986-08-13,"1986",1986,317,7.71428571428571,10,13.2,2120.51
"775",1986-08-14,"1986",1986,318,7.92857142857143,10.25,12.4,2132.91
"776",1986-08-15,"1986",1986,319,8.14285714285714,10.5,11.4,2144.31
"777",1986-08-16,"1986",1986,320,8.35714285714286,10.75,11.8,2156.11
"778",1986-08-17,"1986",1986,321,8.57142857142857,11,12,2168.11
"779",1986-08-18,"1986",1986,322,8.78571428571428,11.25,12.9,2181.01
"780",1986-08-19,"1986",1986,323,9,11.5,13.2,2194.21
"781",1986-08-20,"1986",1986,324,8.85714285714286,11.1428571428571,12.4,2206.61
"782",1986-08-21,"1986",1986,325,8.71428571428571,10.7857142857143,12.8,2219.41
"783",1986-08-22,"1986",1986,326,8.57142857142857,10.4285714285714,13,2232.41
"784",1986-08-23,"1986",1986,327,8.42857142857143,10.0714285714286,12.3,2244.71
"785",1986-08-24,"1986",1986,328,8.28571428571429,9.71428571428571,11.8,2256.51
"786",1986-08-25,"1986",1986,329,8.14285714285714,9.35714285714286,11.4,2267.91
"787",1986-08-26,"1986",1986,330,8,9,10.4,2278.31
"788",1986-08-27,"1986",1986,331,NA,NA,9.47,2287.78
"789",1986-08-28,"1986",1986,332,NA,NA,9.86,2297.64
"790",1986-08-29,"1986",1986,333,NA,NA,11.8,2309.44
"791",1986-08-30,"1986",1986,334,NA,NA,12.4,2321.84
"792",1986-08-31,"1986",1986,335,NA,NA,11.6,2333.44
"793",1986-09-01,"1986",1986,336,NA,NA,10.2,2343.64
"794",1986-09-02,"1986",1986,337,NA,NA,9.05,2352.69
"795",1986-09-03,"1986",1986,338,NA,NA,8.25,2360.94
"796",1986-09-04,"1986",1986,339,NA,NA,7.86,2368.8
"797",1986-09-05,"1986",1986,340,NA,NA,7.72,2376.52
"798",1986-09-06,"1986",1986,341,NA,NA,8.06,2384.58
"799",1986-09-07,"1986",1986,342,NA,NA,10.7,2395.28
"800",1986-09-08,"1986",1986,343,NA,NA,11.9,2407.18
"801",1986-09-09,"1986",1986,344,10,6,11.3,2418.48
"802",1987-03-10,"1987",1987,161,19,4,0.36,136.46
"803",1987-03-11,"1987",1987,162,18,2,0.36,136.82
"804",1987-03-12,"1987",1987,163,19,1,0.36,137.18
"805",1987-03-13,"1987",1987,164,19,NA,0.36,137.54
"806",1987-03-14,"1987",1987,165,20,NA,0.36,137.9
"807",1987-03-15,"1987",1987,166,20,NA,0.36,138.26
"808",1987-03-16,"1987",1987,167,19.5,NA,0.36,138.62
"809",1987-03-17,"1987",1987,168,19,NA,0.36,138.98
"810",1987-03-18,"1987",1987,169,19.5,NA,0.36,139.34
"811",1987-03-19,"1987",1987,170,20,NA,0.36,139.7
"812",1987-03-20,"1987",1987,171,NA,NA,0.36,140.06
"813",1987-03-21,"1987",1987,172,NA,NA,0.36,140.42
"814",1987-03-22,"1987",1987,173,NA,NA,0.36,140.78
"815",1987-03-23,"1987",1987,174,NA,NA,0.36,141.14
"816",1987-03-24,"1987",1987,175,NA,NA,0.36,141.5
"817",1987-03-25,"1987",1987,176,NA,NA,0.36,141.86
"818",1987-03-26,"1987",1987,177,NA,NA,0.36,142.22
"819",1987-03-27,"1987",1987,178,NA,NA,0.36,142.58
"820",1987-03-28,"1987",1987,179,19,NA,0.36,142.94
"821",1987-03-29,"1987",1987,180,19.3333333333333,NA,0.36,143.3
"822",1987-03-30,"1987",1987,181,19.6666666666667,NA,0.36,143.66
"823",1987-03-31,"1987",1987,182,20,NA,1.07,144.73
"824",1987-04-01,"1987",1987,183,18.75,NA,1.07,145.8
"825",1987-04-02,"1987",1987,184,17.5,NA,1.07,146.87
"826",1987-04-03,"1987",1987,185,16.25,NA,1.07,147.94
"827",1987-04-04,"1987",1987,186,15,NA,1.07,149.01
"828",1987-04-05,"1987",1987,187,16.6666666666667,NA,1.07,150.08
"829",1987-04-06,"1987",1987,188,18.3333333333333,NA,1.07,151.15
"830",1987-04-07,"1987",1987,189,20,NA,1.07,152.22
"831",1987-04-08,"1987",1987,190,19.6666666666667,NA,1.07,153.29
"832",1987-04-09,"1987",1987,191,19.3333333333333,NA,1.07,154.36
"833",1987-04-10,"1987",1987,192,19,NA,1.07,155.43
"834",1987-04-11,"1987",1987,193,19,NA,1.07,156.5
"835",1987-04-12,"1987",1987,194,19,NA,1.07,157.57
"836",1987-04-13,"1987",1987,195,19,NA,1.07,158.64
"837",1987-04-14,"1987",1987,196,19,NA,1.07,159.71
"838",1987-04-15,"1987",1987,197,20,NA,1.07,160.78
"839",1987-04-16,"1987",1987,198,21,NA,1.07,161.85
"840",1987-04-17,"1987",1987,199,22,NA,1.07,162.92
"841",1987-04-18,"1987",1987,200,20.5,NA,1.07,163.99
"842",1987-04-19,"1987",1987,201,19,NA,1.07,165.06
"843",1987-04-20,"1987",1987,202,17.5,NA,1.07,166.13
"844",1987-04-21,"1987",1987,203,16,NA,1.07,167.2
"845",1987-04-22,"1987",1987,204,16,NA,1.39,168.59
"846",1987-04-23,"1987",1987,205,16,NA,2.58,171.17
"847",1987-04-24,"1987",1987,206,16,NA,3.56,174.73
"848",1987-04-25,"1987",1987,207,15,NA,3.96,178.69
"849",1987-04-26,"1987",1987,208,14,NA,4.55,183.24
"850",1987-04-27,"1987",1987,209,14,NA,4.96,188.2
"851",1987-04-28,"1987",1987,210,15,NA,5.68,193.88
"852",1987-04-29,"1987",1987,211,14,NA,5.86,199.74
"853",1987-04-30,"1987",1987,212,13,NA,7.64,207.38
"854",1987-05-01,"1987",1987,213,13,NA,8.08,215.46
"855",1987-05-02,"1987",1987,214,12,NA,5.2,220.66
"856",1987-05-03,"1987",1987,215,13,NA,3.67,224.33
"857",1987-05-04,"1987",1987,216,14,NA,2.86,227.19
"858",1987-05-05,"1987",1987,217,14,NA,2.78,229.97
"859",1987-05-06,"1987",1987,218,14,NA,3.8,233.77
"860",1987-05-07,"1987",1987,219,14,NA,5.59,239.36
"861",1987-05-08,"1987",1987,220,14,NA,8.09,247.45
"862",1987-05-09,"1987",1987,221,13,NA,9,256.45
"863",1987-05-10,"1987",1987,222,13,NA,9.25,265.7
"864",1987-05-11,"1987",1987,223,13,NA,12,277.7
"865",1987-05-12,"1987",1987,224,13,NA,16.1,293.8
"866",1987-05-13,"1987",1987,225,12.875,NA,16.6,310.4
"867",1987-05-14,"1987",1987,226,12.75,NA,17.4,327.8
"868",1987-05-15,"1987",1987,227,12.625,NA,20.7,348.5
"869",1987-05-16,"1987",1987,228,12.5,NA,22.4,370.9
"870",1987-05-17,"1987",1987,229,12.375,NA,18.3,389.2
"871",1987-05-18,"1987",1987,230,12.25,NA,15.4,404.6
"872",1987-05-19,"1987",1987,231,12.125,NA,14.4,419
"873",1987-05-20,"1987",1987,232,12,NA,14.7,433.7
"874",1987-05-21,"1987",1987,233,12.1428571428571,NA,12.7,446.4
"875",1987-05-22,"1987",1987,234,12.2857142857143,NA,12.6,459
"876",1987-05-23,"1987",1987,235,12.4285714285714,NA,12.6,471.6
"877",1987-05-24,"1987",1987,236,12.5714285714286,NA,11.5,483.1
"878",1987-05-25,"1987",1987,237,12.7142857142857,NA,10.2,493.3
"879",1987-05-26,"1987",1987,238,12.8571428571429,NA,8.86,502.16
"880",1987-05-27,"1987",1987,239,13,NA,7.43,509.59
"881",1987-05-28,"1987",1987,240,13,NA,6.92,516.51
"882",1987-05-29,"1987",1987,241,13,NA,6.96,523.47
"883",1987-05-30,"1987",1987,242,13,NA,7.57,531.04
"884",1987-05-31,"1987",1987,243,13,NA,9.31,540.35
"885",1987-06-01,"1987",1987,244,13,NA,10.2,550.55
"886",1987-06-02,"1987",1987,245,13,NA,9.54,560.09
"887",1987-06-03,"1987",1987,246,12.75,NA,10.4,570.49
"888",1987-06-04,"1987",1987,247,12.5,NA,12.1,582.59
"889",1987-06-05,"1987",1987,248,12.25,NA,14.8,597.39
"890",1987-06-06,"1987",1987,249,12,NA,18.4,615.79
"891",1987-06-07,"1987",1987,250,11.75,NA,18.6,634.39
"892",1987-06-08,"1987",1987,251,11.5,NA,29.9,664.29
"893",1987-06-09,"1987",1987,252,11.25,NA,32.4,696.69
"894",1987-06-10,"1987",1987,253,11,NA,23.4,720.09
"895",1987-06-11,"1987",1987,254,10.8333333333333,NA,20.4,740.49
"896",1987-06-12,"1987",1987,255,10.6666666666667,NA,19.5,759.99
"897",1987-06-13,"1987",1987,256,10.5,NA,20.9,780.89
"898",1987-06-14,"1987",1987,257,10.3333333333333,NA,20.5,801.39
"899",1987-06-15,"1987",1987,258,10.1666666666667,NA,20.9,822.29
"900",1987-06-16,"1987",1987,259,10,NA,19.6,841.89
"901",1987-06-17,"1987",1987,260,10.1428571428571,NA,16.3,858.19
"902",1987-06-18,"1987",1987,261,10.2857142857143,NA,15.2,873.39
"903",1987-06-19,"1987",1987,262,10.4285714285714,NA,15.4,888.79
"904",1987-06-20,"1987",1987,263,10.5714285714286,NA,15.2,903.99
"905",1987-06-21,"1987",1987,264,10.7142857142857,NA,14.7,918.69
"906",1987-06-22,"1987",1987,265,10.8571428571429,NA,15,933.69
"907",1987-06-23,"1987",1987,266,11,NA,15,948.69
"908",1987-06-24,"1987",1987,267,10.7142857142857,NA,14.2,962.89
"909",1987-06-25,"1987",1987,268,10.4285714285714,NA,14.4,977.29
"910",1987-06-26,"1987",1987,269,10.1428571428571,NA,14.4,991.69
"911",1987-06-27,"1987",1987,270,9.85714285714286,NA,14.2,1005.89
"912",1987-06-28,"1987",1987,271,9.57142857142857,NA,15,1020.89
"913",1987-06-29,"1987",1987,272,9.28571428571429,NA,19.7,1040.59
"914",1987-06-30,"1987",1987,273,9,NA,22.3,1062.89
"915",1987-07-01,"1987",1987,274,9,NA,19.8,1082.69
"916",1987-07-02,"1987",1987,275,9,NA,17.2,1099.89
"917",1987-07-03,"1987",1987,276,9,NA,15.9,1115.79
"918",1987-07-04,"1987",1987,277,9,NA,14.6,1130.39
"919",1987-07-05,"1987",1987,278,9,NA,13.7,1144.09
"920",1987-07-06,"1987",1987,279,9,NA,13.1,1157.19
"921",1987-07-07,"1987",1987,280,9,11,13.1,1170.29
"922",1987-07-08,"1987",1987,281,9,10.7142857142857,12.6,1182.89
"923",1987-07-09,"1987",1987,282,9,10.4285714285714,12.9,1195.79
"924",1987-07-10,"1987",1987,283,9,10.1428571428571,13.1,1208.89
"925",1987-07-11,"1987",1987,284,9,9.85714285714286,17.3,1226.19
"926",1987-07-12,"1987",1987,285,9,9.57142857142857,17.2,1243.39
"927",1987-07-13,"1987",1987,286,9,9.28571428571429,14.2,1257.59
"928",1987-07-14,"1987",1987,287,9,9,13.2,1270.79
"929",1987-07-15,"1987",1987,288,9.14285714285714,NA,12.8,1283.59
"930",1987-07-16,"1987",1987,289,9.28571428571429,NA,12.8,1296.39
"931",1987-07-17,"1987",1987,290,9.42857142857143,NA,12.7,1309.09
"932",1987-07-18,"1987",1987,291,9.57142857142857,NA,12.7,1321.79
"933",1987-07-19,"1987",1987,292,9.71428571428571,NA,12.4,1334.19
"934",1987-07-20,"1987",1987,293,9.85714285714286,NA,12.5,1346.69
"935",1987-07-21,"1987",1987,294,10,NA,13.8,1360.49
"936",1987-07-22,"1987",1987,295,9.71428571428571,NA,15.5,1375.99
"937",1987-07-23,"1987",1987,296,9.42857142857143,NA,14.9,1390.89
"938",1987-07-24,"1987",1987,297,9.14285714285714,NA,14.7,1405.59
"939",1987-07-25,"1987",1987,298,8.85714285714286,NA,14.5,1420.09
"940",1987-07-26,"1987",1987,299,8.57142857142857,NA,15.2,1435.29
"941",1987-07-27,"1987",1987,300,8.28571428571429,NA,16.6,1451.89
"942",1987-07-28,"1987",1987,301,8,NA,15.8,1467.69
"943",1987-07-29,"1987",1987,302,8.14285714285714,NA,16.3,1483.99
"944",1987-07-30,"1987",1987,303,8.28571428571429,NA,22.5,1506.49
"945",1987-07-31,"1987",1987,304,8.42857142857143,NA,35.6,1542.09
"946",1987-08-01,"1987",1987,305,8.57142857142857,NA,21.7,1563.79
"947",1987-08-02,"1987",1987,306,8.71428571428571,NA,17.9,1581.69
"948",1987-08-03,"1987",1987,307,8.85714285714286,NA,15.2,1596.89
"949",1987-08-04,"1987",1987,308,9,NA,13.6,1610.49
"950",1987-08-05,"1987",1987,309,9.14285714285714,NA,12.3,1622.79
"951",1987-08-06,"1987",1987,310,9.28571428571429,NA,12.5,1635.29
"952",1987-08-07,"1987",1987,311,9.42857142857143,NA,13.7,1648.99
"953",1987-08-08,"1987",1987,312,9.57142857142857,NA,13.3,1662.29
"954",1987-08-09,"1987",1987,313,9.71428571428571,NA,12.9,1675.19
"955",1987-08-10,"1987",1987,314,9.85714285714286,NA,11.9,1687.09
"956",1987-08-11,"1987",1987,315,10,11,11.4,1698.49
"957",1987-08-12,"1987",1987,316,9.85714285714286,11.1428571428571,10.6,1709.09
"958",1987-08-13,"1987",1987,317,9.71428571428571,11.2857142857143,9.44,1718.53
"959",1987-08-14,"1987",1987,318,9.57142857142857,11.4285714285714,9.22,1727.75
"960",1987-08-15,"1987",1987,319,9.42857142857143,11.5714285714286,9.46,1737.21
"961",1987-08-16,"1987",1987,320,9.28571428571429,11.7142857142857,9,1746.21
"962",1987-08-17,"1987",1987,321,9.14285714285714,11.8571428571429,8.35,1754.56
"963",1987-08-18,"1987",1987,322,9,12,7.49,1762.05
"964",1987-08-19,"1987",1987,323,9,NA,7.34,1769.39
"965",1987-08-20,"1987",1987,324,9,NA,7.34,1776.73
"966",1987-08-21,"1987",1987,325,9,NA,7.79,1784.52
"967",1987-08-22,"1987",1987,326,9,NA,8.61,1793.13
"968",1987-08-23,"1987",1987,327,9,NA,9.72,1802.85
"969",1987-08-24,"1987",1987,328,9,NA,10.3,1813.15
"970",1987-08-25,"1987",1987,329,9,NA,10.1,1823.25
"971",1987-08-26,"1987",1987,330,9,NA,9.36,1832.61
"972",1987-08-27,"1987",1987,331,9.16666666666667,NA,8.36,1840.97
"973",1987-08-28,"1987",1987,332,9.33333333333333,NA,7.7,1848.67
"974",1987-08-29,"1987",1987,333,9.5,NA,6.91,1855.58
"975",1987-08-30,"1987",1987,334,9.66666666666667,NA,6.58,1862.16
"976",1987-08-31,"1987",1987,335,9.83333333333333,NA,6.59,1868.75
"977",1987-09-01,"1987",1987,336,10,10,6.59,1875.34
"978",1987-09-02,"1987",1987,337,10,9.85714285714286,6.76,1882.1
"979",1987-09-03,"1987",1987,338,10,9.71428571428571,6.87,1888.97
"980",1987-09-04,"1987",1987,339,10,9.57142857142857,7,1895.97
"981",1987-09-05,"1987",1987,340,10,9.42857142857143,6.34,1902.31
"982",1987-09-06,"1987",1987,341,10,9.28571428571429,5.86,1908.17
"983",1987-09-07,"1987",1987,342,10,9.14285714285714,5.41,1913.58
"984",1987-09-08,"1987",1987,343,10,9,4.81,1918.39
"985",1987-09-09,"1987",1987,344,10,8.85714285714286,4.5,1922.89
"986",1987-09-10,"1987",1987,345,10,8.71428571428571,4.3,1927.19
"987",1987-09-11,"1987",1987,346,10,8.57142857142857,4.15,1931.34
"988",1987-09-12,"1987",1987,347,10,8.42857142857143,4.07,1935.41
"989",1987-09-13,"1987",1987,348,10,8.28571428571429,4.3,1939.71
"990",1987-09-14,"1987",1987,349,10,8.14285714285714,5.4,1945.11
"991",1987-09-15,"1987",1987,350,10,8,5.96,1951.07
"992",1987-09-16,"1987",1987,351,NA,NA,5.96,1957.03
"993",1987-09-17,"1987",1987,352,NA,NA,5.59,1962.62
"994",1987-09-18,"1987",1987,353,NA,NA,4.95,1967.57
"995",1987-09-19,"1987",1987,354,NA,NA,4.51,1972.08
"996",1987-09-20,"1987",1987,355,NA,NA,4.11,1976.19
"997",1987-09-21,"1987",1987,356,NA,NA,4.08,1980.27
"998",1987-09-22,"1987",1987,357,NA,NA,3.58,1983.85
"999",1987-09-23,"1987",1987,358,NA,NA,3.4,1987.25
"1000",1987-09-24,"1987",1987,359,12,9,3.33,1990.58
"1001",1987-09-25,"1987",1987,360,12,8.83333333333333,3.26,1993.84
"1002",1987-09-26,"1987",1987,361,12,8.66666666666667,3.05,1996.89
"1003",1987-09-27,"1987",1987,362,12,8.5,3.05,1999.94
"1004",1987-09-28,"1987",1987,363,12,8.33333333333333,3.05,2002.99
"1005",1987-09-29,"1987",1987,364,12,8.16666666666667,2.86,2005.85
"1006",1987-10-05,"1987",1988,5,12,8,1.79,9.67
"1007",1987-10-06,"1987",1988,6,12,NA,1.74,11.41
"1008",1987-10-07,"1987",1988,7,12,NA,1.68,13.09
"1009",1987-10-08,"1987",1988,8,12,NA,1.58,14.67
"1010",1987-10-09,"1987",1988,9,12,NA,1.58,16.25
"1011",1987-10-10,"1987",1988,10,12,NA,1.47,17.72
"1012",1987-10-11,"1987",1988,11,12,NA,1.42,19.14
"1013",1987-10-12,"1987",1988,12,12,NA,1.36,20.5
"1014",1987-10-13,"1987",1988,13,12,NA,1.36,21.86
"1015",1987-10-14,"1987",1988,14,12.1428571428571,NA,1.36,23.22
"1016",1987-10-15,"1987",1988,15,12.2857142857143,NA,1.36,24.58
"1017",1987-10-16,"1987",1988,16,12.4285714285714,NA,1.36,25.94
"1018",1987-10-17,"1987",1988,17,12.5714285714286,NA,1.36,27.3
"1019",1987-10-18,"1987",1988,18,12.7142857142857,NA,1.36,28.66
"1020",1987-10-19,"1987",1988,19,12.8571428571429,NA,1.36,30.02
"1021",1987-10-20,"1987",1988,20,13,2,1.36,31.38
"1022",1987-10-21,"1987",1988,21,13,1.85714285714286,1.36,32.74
"1023",1987-10-22,"1987",1988,22,13,1.71428571428571,1.36,34.1
"1024",1987-10-23,"1987",1988,23,13,1.57142857142857,1.36,35.46
"1025",1987-10-24,"1987",1988,24,13,1.42857142857143,1.36,36.82
"1026",1987-10-25,"1987",1988,25,13,1.28571428571429,1.36,38.18
"1027",1987-10-26,"1987",1988,26,13,1.14285714285714,1.36,39.54
"1028",1987-10-27,"1987",1988,27,13,1,1.36,40.9
"1029",1987-10-28,"1987",1988,28,12.8571428571429,NA,1.36,42.26
"1030",1987-10-29,"1987",1988,29,12.7142857142857,NA,1.36,43.62
"1031",1987-10-30,"1987",1988,30,12.5714285714286,NA,1.36,44.98
"1032",1987-10-31,"1987",1988,31,12.4285714285714,NA,1.07,46.05
"1033",1987-11-01,"1987",1988,32,12.2857142857143,NA,1.07,47.12
"1034",1987-11-02,"1987",1988,33,12.1428571428571,NA,1.07,48.19
"1035",1987-11-03,"1987",1988,34,12,NA,1.07,49.26
"1036",1987-11-04,"1987",1988,35,12.2857142857143,NA,1.07,50.33
"1037",1987-11-05,"1987",1988,36,12.5714285714286,NA,1.07,51.4
"1038",1987-11-06,"1987",1988,37,12.8571428571429,NA,1.07,52.47
"1039",1987-11-07,"1987",1988,38,13.1428571428571,NA,1.07,53.54
"1040",1987-11-08,"1987",1988,39,13.4285714285714,NA,1.07,54.61
"1041",1987-11-09,"1987",1988,40,13.7142857142857,NA,1.07,55.68
"1042",1987-11-10,"1987",1988,41,14,3,1.07,56.75
"1043",1987-11-11,"1987",1988,42,NA,NA,1.07,57.82
"1044",1987-11-12,"1987",1988,43,NA,NA,1.07,58.89
"1045",1987-11-13,"1987",1988,44,NA,NA,1.07,59.96
"1046",1987-11-14,"1987",1988,45,NA,NA,1.07,61.03
"1047",1987-11-15,"1987",1988,46,NA,NA,1.07,62.1
"1048",1987-11-16,"1987",1988,47,NA,NA,1.07,63.17
"1049",1987-11-17,"1987",1988,48,NA,NA,1.07,64.24
"1050",1987-11-18,"1987",1988,49,NA,NA,1.07,65.31
"1051",1987-11-19,"1987",1988,50,NA,NA,1.07,66.38
"1052",1987-11-20,"1987",1988,51,NA,NA,1.07,67.45
"1053",1987-11-21,"1987",1988,52,NA,NA,1.07,68.52
"1054",1987-11-22,"1987",1988,53,NA,NA,1.07,69.59
"1055",1987-11-23,"1987",1988,54,NA,NA,1.07,70.66
"1056",1987-11-24,"1987",1988,55,16,NA,1.07,71.73
"1057",1987-11-25,"1987",1988,56,15.8571428571429,NA,1.07,72.7999999999999
"1058",1987-11-26,"1987",1988,57,15.7142857142857,NA,1.07,73.8699999999999
"1059",1987-11-27,"1987",1988,58,15.5714285714286,NA,1.07,74.9399999999999
"1060",1987-11-28,"1987",1988,59,15.4285714285714,NA,1.07,76.0099999999999
"1061",1987-11-29,"1987",1988,60,15.2857142857143,NA,1.07,77.0799999999999
"1062",1987-11-30,"1987",1988,61,15.1428571428571,NA,0.36,77.4399999999999
"1063",1987-12-01,"1987",1988,62,15,NA,0.36,77.7999999999999
"1064",1987-12-02,"1987",1988,63,15.5,NA,0.36,78.1599999999999
"1065",1987-12-03,"1987",1988,64,16,NA,0.36,78.5199999999999
"1066",1987-12-04,"1987",1988,65,16.5,NA,0.36,78.8799999999999
"1067",1987-12-05,"1987",1988,66,17,NA,0.36,79.2399999999999
"1068",1987-12-06,"1987",1988,67,17.5,NA,0.36,79.5999999999999
"1069",1987-12-07,"1987",1988,68,18,NA,0.36,79.9599999999999
"1070",1987-12-08,"1987",1988,69,18.5,0,0.36,80.3199999999999
"1071",1987-12-09,"1987",1988,70,18.4285714285714,0,0.36,80.6799999999999
"1072",1987-12-10,"1987",1988,71,18.3571428571429,0,0.36,81.0399999999999
"1073",1987-12-11,"1987",1988,72,18.2857142857143,0,0.36,81.3999999999999
"1074",1987-12-12,"1987",1988,73,18.2142857142857,0,0.36,81.7599999999999
"1075",1987-12-13,"1987",1988,74,18.1428571428571,0,0.36,82.1199999999999
"1076",1987-12-14,"1987",1988,75,18.0714285714286,0,0.36,82.4799999999999
"1077",1987-12-15,"1987",1988,76,18,0,0.36,82.8399999999999
"1078",1987-12-16,"1987",1988,77,NA,NA,0.36,83.1999999999999
"1079",1987-12-17,"1987",1988,78,NA,NA,0.36,83.5599999999999
"1080",1987-12-18,"1987",1988,79,NA,NA,0.36,83.9199999999999
"1081",1987-12-19,"1987",1988,80,NA,NA,0.36,84.2799999999999
"1082",1987-12-20,"1987",1988,81,NA,NA,0.36,84.6399999999999
"1083",1987-12-21,"1987",1988,82,NA,NA,0.36,84.9999999999999
"1084",1987-12-22,"1987",1988,83,NA,NA,0.36,85.3599999999999
"1085",1987-12-23,"1987",1988,84,NA,NA,0.36,85.7199999999999
"1086",1987-12-24,"1987",1988,85,NA,NA,0.36,86.0799999999999
"1087",1987-12-25,"1987",1988,86,NA,NA,0.36,86.4399999999999
"1088",1987-12-26,"1987",1988,87,NA,NA,0.36,86.7999999999999
"1089",1987-12-27,"1987",1988,88,NA,NA,0.36,87.1599999999999
"1090",1987-12-28,"1987",1988,89,NA,NA,0.36,87.5199999999999
"1091",1987-12-29,"1987",1988,90,NA,NA,0.36,87.8799999999999
"1092",1987-12-30,"1987",1988,91,NA,NA,0.36,88.2399999999999
"1093",1987-12-31,"1987",1988,92,NA,NA,0.01,88.2499999999999
"1094",1988-01-01,"1988",1988,93,NA,NA,0.01,88.2599999999999
"1095",1988-01-02,"1988",1988,94,NA,NA,0.01,88.2699999999999
"1096",1988-01-03,"1988",1988,95,NA,NA,0.01,88.2799999999999
"1097",1988-01-04,"1988",1988,96,NA,NA,0.01,88.2899999999999
"1098",1988-01-05,"1988",1988,97,NA,NA,0.01,88.2999999999999
"1099",1988-01-06,"1988",1988,98,NA,NA,0.01,88.3099999999999
"1100",1988-01-07,"1988",1988,99,NA,NA,0.01,88.3199999999999
"1101",1988-01-08,"1988",1988,100,NA,NA,0.01,88.3299999999999
"1102",1988-01-09,"1988",1988,101,NA,NA,0.01,88.34
"1103",1988-01-10,"1988",1988,102,NA,NA,0.01,88.35
"1104",1988-01-11,"1988",1988,103,NA,NA,0.01,88.36
"1105",1988-01-12,"1988",1988,104,NA,NA,0.01,88.37
"1106",1988-01-13,"1988",1988,105,NA,NA,0.01,88.38
"1107",1988-01-14,"1988",1988,106,NA,NA,0.01,88.39
"1108",1988-01-15,"1988",1988,107,NA,NA,0.01,88.4
"1109",1988-01-16,"1988",1988,108,NA,NA,0.01,88.41
"1110",1988-01-17,"1988",1988,109,NA,NA,0.01,88.42
"1111",1988-01-18,"1988",1988,110,NA,NA,0.01,88.43
"1112",1988-01-19,"1988",1988,111,NA,NA,0.01,88.44
"1113",1988-01-20,"1988",1988,112,NA,NA,0.01,88.45
"1114",1988-01-21,"1988",1988,113,NA,NA,0.01,88.46
"1115",1988-01-22,"1988",1988,114,NA,NA,0.01,88.47
"1116",1988-01-23,"1988",1988,115,NA,NA,0.01,88.48
"1117",1988-01-24,"1988",1988,116,NA,NA,0.01,88.49
"1118",1988-01-25,"1988",1988,117,NA,NA,0.01,88.5
"1119",1988-01-26,"1988",1988,118,NA,NA,0.01,88.51
"1120",1988-01-27,"1988",1988,119,NA,NA,0.01,88.52
"1121",1988-01-28,"1988",1988,120,NA,NA,0.01,88.53
"1122",1988-01-29,"1988",1988,121,NA,NA,0.01,88.54
"1123",1988-01-30,"1988",1988,122,NA,NA,0.01,88.55
"1124",1988-01-31,"1988",1988,123,NA,NA,0.01,88.5600000000001
"1125",1988-02-01,"1988",1988,124,NA,NA,0.01,88.5700000000001
"1126",1988-02-02,"1988",1988,125,NA,NA,0.01,88.5800000000001
"1127",1988-02-03,"1988",1988,126,NA,NA,0.01,88.5900000000001
"1128",1988-02-04,"1988",1988,127,NA,NA,0.01,88.6000000000001
"1129",1988-02-05,"1988",1988,128,NA,NA,0.01,88.6100000000001
"1130",1988-02-06,"1988",1988,129,NA,NA,0.01,88.6200000000001
"1131",1988-02-07,"1988",1988,130,NA,NA,0.01,88.6300000000001
"1132",1988-02-08,"1988",1988,131,NA,NA,0.01,88.6400000000001
"1133",1988-02-09,"1988",1988,132,NA,NA,0.01,88.6500000000001
"1134",1988-02-10,"1988",1988,133,NA,NA,0.01,88.6600000000001
"1135",1988-02-11,"1988",1988,134,NA,NA,0.01,88.6700000000001
"1136",1988-02-12,"1988",1988,135,NA,NA,0.01,88.6800000000001
"1137",1988-02-13,"1988",1988,136,NA,NA,0.01,88.6900000000001
"1138",1988-02-14,"1988",1988,137,NA,NA,0.01,88.7000000000001
"1139",1988-02-15,"1988",1988,138,NA,NA,0.01,88.7100000000001
"1140",1988-02-16,"1988",1988,139,NA,NA,0.01,88.7200000000001
"1141",1988-02-17,"1988",1988,140,NA,NA,0.01,88.7300000000001
"1142",1988-02-18,"1988",1988,141,NA,NA,0.01,88.7400000000002
"1143",1988-02-19,"1988",1988,142,NA,NA,0.01,88.7500000000002
"1144",1988-02-20,"1988",1988,143,NA,NA,0.01,88.7600000000002
"1145",1988-02-21,"1988",1988,144,NA,NA,0.01,88.7700000000002
"1146",1988-02-22,"1988",1988,145,NA,NA,0.01,88.7800000000002
"1147",1988-02-23,"1988",1988,146,NA,NA,0.01,88.7900000000002
"1148",1988-02-24,"1988",1988,147,NA,NA,0.01,88.8000000000002
"1149",1988-02-25,"1988",1988,148,NA,NA,0.01,88.8100000000002
"1150",1988-02-26,"1988",1988,149,NA,NA,0.01,88.8200000000002
"1151",1988-02-27,"1988",1988,150,NA,NA,0.01,88.8300000000002
"1152",1988-02-28,"1988",1988,151,NA,NA,0.01,88.8400000000002
"1153",1988-02-29,"1988",1988,152,NA,NA,0.36,89.2000000000002
"1154",1988-03-01,"1988",1988,153,NA,NA,0.36,89.5600000000002
"1155",1988-03-02,"1988",1988,154,NA,NA,0.36,89.9200000000002
"1156",1988-03-03,"1988",1988,155,NA,NA,0.36,90.2800000000002
"1157",1988-03-04,"1988",1988,156,NA,NA,0.36,90.6400000000002
"1158",1988-03-05,"1988",1988,157,NA,NA,0.36,91.0000000000002
"1159",1988-03-06,"1988",1988,158,NA,NA,0.36,91.3600000000002
"1160",1988-03-07,"1988",1988,159,NA,NA,0.36,91.7200000000002
"1161",1988-03-08,"1988",1988,160,NA,NA,0.36,92.0800000000002
"1162",1988-03-09,"1988",1988,161,NA,NA,0.36,92.4400000000002
"1163",1988-03-10,"1988",1988,162,NA,NA,0.36,92.8000000000002
"1164",1988-03-11,"1988",1988,163,NA,NA,0.36,93.1600000000002
"1165",1988-03-12,"1988",1988,164,NA,NA,0.36,93.5200000000002
"1166",1988-03-13,"1988",1988,165,NA,NA,0.36,93.8800000000002
"1167",1988-03-14,"1988",1988,166,NA,NA,0.36,94.2400000000002
"1168",1988-03-15,"1988",1988,167,NA,NA,0.36,94.6000000000002
"1169",1988-03-16,"1988",1988,168,NA,NA,0.36,94.9600000000002
"1170",1988-03-17,"1988",1988,169,NA,NA,0.36,95.3200000000002
"1171",1988-03-18,"1988",1988,170,NA,NA,0.36,95.6800000000002
"1172",1988-03-19,"1988",1988,171,NA,NA,0.36,96.0400000000002
"1173",1988-03-20,"1988",1988,172,NA,NA,0.36,96.4000000000002
"1174",1988-03-21,"1988",1988,173,NA,NA,0.36,96.7600000000002
"1175",1988-03-22,"1988",1988,174,NA,NA,0.36,97.1200000000002
"1176",1988-03-23,"1988",1988,175,NA,NA,0.36,97.4800000000002
"1177",1988-03-24,"1988",1988,176,NA,NA,0.36,97.8400000000002
"1178",1988-03-25,"1988",1988,177,NA,NA,0.36,98.2000000000002
"1179",1988-03-26,"1988",1988,178,NA,NA,0.36,98.5600000000002
"1180",1988-03-27,"1988",1988,179,NA,NA,0.36,98.9200000000002
"1181",1988-03-28,"1988",1988,180,NA,NA,0.36,99.2800000000002
"1182",1988-03-29,"1988",1988,181,NA,NA,0.36,99.6400000000002
"1183",1988-03-30,"1988",1988,182,NA,NA,0.36,100
"1184",1988-03-31,"1988",1988,183,NA,NA,1.07,101.07
"1185",1988-04-01,"1988",1988,184,NA,NA,1.07,102.14
"1186",1988-04-02,"1988",1988,185,NA,NA,1.07,103.21
"1187",1988-04-03,"1988",1988,186,NA,NA,1.07,104.28
"1188",1988-04-04,"1988",1988,187,NA,NA,1.07,105.35
"1189",1988-04-05,"1988",1988,188,NA,NA,1.07,106.42
"1190",1988-04-06,"1988",1988,189,NA,NA,1.07,107.49
"1191",1988-04-07,"1988",1988,190,NA,NA,1.07,108.56
"1192",1988-04-08,"1988",1988,191,NA,NA,1.07,109.63
"1193",1988-04-09,"1988",1988,192,NA,NA,1.07,110.7
"1194",1988-04-10,"1988",1988,193,NA,NA,1.07,111.77
"1195",1988-04-11,"1988",1988,194,NA,NA,1.07,112.84
"1196",1988-04-12,"1988",1988,195,NA,NA,1.07,113.91
"1197",1988-04-13,"1988",1988,196,NA,NA,1.07,114.98
"1198",1988-04-14,"1988",1988,197,NA,NA,1.07,116.05
"1199",1988-04-15,"1988",1988,198,NA,NA,1.07,117.12
"1200",1988-04-16,"1988",1988,199,NA,NA,1.07,118.19
"1201",1988-04-17,"1988",1988,200,NA,NA,1.07,119.26
"1202",1988-04-18,"1988",1988,201,NA,NA,1.07,120.33
"1203",1988-04-19,"1988",1988,202,NA,NA,1.07,121.4
"1204",1988-04-20,"1988",1988,203,NA,NA,1.15,122.55
"1205",1988-04-21,"1988",1988,204,16,1,1.21,123.76
"1206",1988-04-22,"1988",1988,205,14.5,1,1.07,124.83
"1207",1988-04-23,"1988",1988,206,13,1,0.89,125.72
"1208",1988-04-24,"1988",1988,207,13.6666666666667,0.8,0.81,126.53
"1209",1988-04-25,"1988",1988,208,14.3333333333333,0.6,0.69,127.22
"1210",1988-04-26,"1988",1988,209,15,0.4,0.6,127.82
"1211",1988-04-27,"1988",1988,210,17,0.2,0.57,128.39
"1212",1988-04-28,"1988",1988,211,19,0,0.65,129.04
"1213",1988-04-29,"1988",1988,212,22,1,1.2,130.24
"1214",1988-04-30,"1988",1988,213,20,1.5,2.21,132.45
"1215",1988-05-01,"1988",1988,214,18,2,2.21,134.66
"1216",1988-05-02,"1988",1988,215,17,2,1.74,136.4
"1217",1988-05-03,"1988",1988,216,16,2,1.68,138.08
"1218",1988-05-04,"1988",1988,217,14.5,2.5,1.68,139.76
"1219",1988-05-05,"1988",1988,218,13,3,1.68,141.44
"1220",1988-05-06,"1988",1988,219,11.5,2.5,1.68,143.12
"1221",1988-05-07,"1988",1988,220,10,2,1.68,144.8
"1222",1988-05-08,"1988",1988,221,12,2.66666666666667,1.68,146.48
"1223",1988-05-09,"1988",1988,222,14,3.33333333333333,1.52,148
"1224",1988-05-10,"1988",1988,223,16,4,1.7,149.7
"1225",1988-05-11,"1988",1988,224,15.5,4,3.97,153.67
"1226",1988-05-12,"1988",1988,225,15,4,7.12,160.79
"1227",1988-05-13,"1988",1988,226,15,3.83333333333333,8.11,168.9
"1228",1988-05-14,"1988",1988,227,15,3.66666666666667,8.11,177.01
"1229",1988-05-15,"1988",1988,228,15,3.5,8.11,185.12
"1230",1988-05-16,"1988",1988,229,17.5,3.25,8.11,193.23
"1231",1988-05-17,"1988",1988,230,20,3,8.11,201.34
"1232",1988-05-18,"1988",1988,231,13,2,6.32,207.66
"1233",1988-05-19,"1988",1988,232,13.25,2.6,4.54,212.2
"1234",1988-05-20,"1988",1988,233,13.5,3.2,4.54,216.74
"1235",1988-05-21,"1988",1988,234,13.75,3.8,4.54,221.28
"1236",1988-05-22,"1988",1988,235,14,4.4,4.44,225.72
"1237",1988-05-23,"1988",1988,236,5,5,8.3,234.02
"1238",1988-05-24,"1988",1988,237,6,4.8125,12.4,246.42
"1239",1988-05-25,"1988",1988,238,7,4.625,13.7,260.12
"1240",1988-05-26,"1988",1988,239,8,4.4375,15.2,275.32
"1241",1988-05-27,"1988",1988,240,9,4.25,17.2,292.52
"1242",1988-05-28,"1988",1988,241,10,4.0625,20.2,312.72
"1243",1988-05-29,"1988",1988,242,11,3.875,18.6,331.32
"1244",1988-05-30,"1988",1988,243,12,3.6875,12.4,343.72
"1245",1988-05-31,"1988",1988,244,13,3.5,9.44,353.16
"1246",1988-06-01,"1988",1988,245,13,3.92857142857143,11,364.16
"1247",1988-06-02,"1988",1988,246,13,4.35714285714286,17.4,381.56
"1248",1988-06-03,"1988",1988,247,13,4.78571428571429,26.4,407.96
"1249",1988-06-04,"1988",1988,248,13,5.21428571428571,27.4,435.36
"1250",1988-06-05,"1988",1988,249,13,5.64285714285714,26.8,462.16
"1251",1988-06-06,"1988",1988,250,13,6.07142857142857,23.1,485.26
"1252",1988-06-07,"1988",1988,251,13,6.5,24.8,510.06
"1253",1988-06-08,"1988",1988,252,13,6.5,24.9,534.96
"1254",1988-06-09,"1988",1988,253,13,6.5,26.7,561.66
"1255",1988-06-10,"1988",1988,254,13,6.5,28,589.66
"1256",1988-06-11,"1988",1988,255,13,6.5,25,614.66
"1257",1988-06-12,"1988",1988,256,13,6.5,20.4,635.06
"1258",1988-06-13,"1988",1988,257,13,6.5,19.6,654.66
"1259",1988-06-14,"1988",1988,258,13,6.5,18.6,673.26
"1260",1988-06-15,"1988",1988,259,12.7142857142857,6.8,19.1,692.36
"1261",1988-06-16,"1988",1988,260,12.4285714285714,7.1,20.1,712.46
"1262",1988-06-17,"1988",1988,261,12.1428571428571,7.4,23.9,736.36
"1263",1988-06-18,"1988",1988,262,11.8571428571429,7.7,26.2,762.56
"1264",1988-06-19,"1988",1988,263,11.5714285714286,8,25.7,788.26
"1265",1988-06-20,"1988",1988,264,11.2857142857143,8.3,28.4,816.66
"1266",1988-06-21,"1988",1988,265,11,8.6,24.3,840.96
"1267",1988-06-22,"1988",1988,266,10.7142857142857,8.51428571428571,24.5,865.46
"1268",1988-06-23,"1988",1988,267,10.4285714285714,8.42857142857143,25.3,890.76
"1269",1988-06-24,"1988",1988,268,10.1428571428571,8.34285714285714,27.6,918.36
"1270",1988-06-25,"1988",1988,269,9.85714285714286,8.25714285714286,27.9,946.26
"1271",1988-06-26,"1988",1988,270,9.57142857142857,8.17142857142857,32.2,978.46
"1272",1988-06-27,"1988",1988,271,9.28571428571429,8.08571428571429,23.2,1001.66
"1273",1988-06-28,"1988",1988,272,9,8,44,1045.66
"1274",1988-06-29,"1988",1988,273,9.28571428571429,8,31.8,1077.46
"1275",1988-06-30,"1988",1988,274,9.57142857142857,8,25.2,1102.66
"1276",1988-07-01,"1988",1988,275,9.85714285714286,8,21.8,1124.46
"1277",1988-07-02,"1988",1988,276,10.1428571428571,8,20.8,1145.26
"1278",1988-07-03,"1988",1988,277,10.4285714285714,8,21,1166.26
"1279",1988-07-04,"1988",1988,278,10.7142857142857,8,23.3,1189.56
"1280",1988-07-05,"1988",1988,279,11,8,23.1,1212.66
"1281",1988-07-06,"1988",1988,280,10.8571428571429,7.85714285714286,21.3,1233.96
"1282",1988-07-07,"1988",1988,281,10.7142857142857,7.71428571428571,18.1,1252.06
"1283",1988-07-08,"1988",1988,282,10.5714285714286,7.57142857142857,17.6,1269.66
"1284",1988-07-09,"1988",1988,283,10.4285714285714,7.42857142857143,15.6,1285.26
"1285",1988-07-10,"1988",1988,284,10.2857142857143,7.28571428571429,14.6,1299.86
"1286",1988-07-11,"1988",1988,285,10.1428571428571,7.14285714285714,14.7,1314.56
"1287",1988-07-12,"1988",1988,286,10,7,15,1329.56
"1288",1988-07-13,"1988",1988,287,9.625,NA,16.4,1345.96
"1289",1988-07-14,"1988",1988,288,9.25,NA,15.6,1361.56
"1290",1988-07-15,"1988",1988,289,8.875,NA,14.2,1375.76
"1291",1988-07-16,"1988",1988,290,8.5,NA,13.1,1388.86
"1292",1988-07-17,"1988",1988,291,8.125,NA,12.6,1401.46
"1293",1988-07-18,"1988",1988,292,7.75,NA,13.1,1414.56
"1294",1988-07-19,"1988",1988,293,7.375,NA,12.6,1427.16
"1295",1988-07-20,"1988",1988,294,7,NA,11.5,1438.66
"1296",1988-07-21,"1988",1988,295,7.16666666666667,NA,11.2,1449.86
"1297",1988-07-22,"1988",1988,296,7.33333333333333,NA,11,1460.86
"1298",1988-07-23,"1988",1988,297,7.5,NA,11,1471.86
"1299",1988-07-24,"1988",1988,298,7.66666666666667,NA,11,1482.86
"1300",1988-07-25,"1988",1988,299,7.83333333333333,NA,11.9,1494.76
"1301",1988-07-26,"1988",1988,300,8,11,11.5,1506.26
"1302",1988-07-27,"1988",1988,301,7.85714285714286,10.2214285714286,11.9,1518.16
"1303",1988-07-28,"1988",1988,302,7.71428571428571,9.44285714285714,12.7,1530.86
"1304",1988-07-29,"1988",1988,303,7.57142857142857,8.66428571428571,12.3,1543.16
"1305",1988-07-30,"1988",1988,304,7.42857142857143,7.88571428571429,12.6,1555.76
"1306",1988-07-31,"1988",1988,305,7.28571428571429,7.10714285714286,13.6,1569.36
"1307",1988-08-01,"1988",1988,306,7.14285714285714,6.32857142857143,14,1583.36
"1308",1988-08-02,"1988",1988,307,7,5.55,13.8,1597.16
"1309",1988-08-03,"1988",1988,308,7.28571428571429,NA,13.4,1610.56
"1310",1988-08-04,"1988",1988,309,7.57142857142857,NA,13,1623.56
"1311",1988-08-05,"1988",1988,310,7.85714285714286,NA,12.3,1635.86
"1312",1988-08-06,"1988",1988,311,8.14285714285714,NA,11.9,1647.76
"1313",1988-08-07,"1988",1988,312,8.42857142857143,NA,12,1659.76
"1314",1988-08-08,"1988",1988,313,8.71428571428571,NA,11.1,1670.86
"1315",1988-08-09,"1988",1988,314,9,NA,10.3,1681.16
"1316",1988-08-10,"1988",1988,315,9,NA,9.42,1690.58
"1317",1988-08-11,"1988",1988,316,9,NA,8.87,1699.45
"1318",1988-08-12,"1988",1988,317,9,NA,8.8,1708.25
"1319",1988-08-13,"1988",1988,318,9,NA,8.58,1716.83
"1320",1988-08-14,"1988",1988,319,9,NA,8.71,1725.54
"1321",1988-08-15,"1988",1988,320,9,NA,9.01,1734.55
"1322",1988-08-16,"1988",1988,321,9,11.5,9.11,1743.66
"1323",1988-08-17,"1988",1988,322,9,NA,8.74,1752.4
"1324",1988-08-18,"1988",1988,323,9,NA,8.02,1760.42
"1325",1988-08-19,"1988",1988,324,9,NA,7.58,1768
"1326",1988-08-20,"1988",1988,325,9,NA,7.72,1775.72
"1327",1988-08-21,"1988",1988,326,9,NA,8.07,1783.79
"1328",1988-08-22,"1988",1988,327,9,NA,8.02,1791.81
"1329",1988-08-23,"1988",1988,328,9,NA,7.97,1799.78
"1330",1988-08-24,"1988",1988,329,8.85714285714286,NA,7.91,1807.69
"1331",1988-08-25,"1988",1988,330,8.71428571428571,NA,7.53,1815.22
"1332",1988-08-26,"1988",1988,331,8.57142857142857,NA,7.43,1822.65
"1333",1988-08-27,"1988",1988,332,8.42857142857143,NA,7.13,1829.78
"1334",1988-08-28,"1988",1988,333,8.28571428571429,NA,6.89,1836.67
"1335",1988-08-29,"1988",1988,334,8.14285714285714,NA,6.38,1843.05
"1336",1988-08-30,"1988",1988,335,8,10.5,6.04,1849.09
"1337",1988-08-31,"1988",1988,336,8.28571428571429,10.5,6.05,1855.14
"1338",1988-09-01,"1988",1988,337,8.57142857142857,10.5,6.2,1861.34
"1339",1988-09-02,"1988",1988,338,8.85714285714286,10.5,6.15,1867.49
"1340",1988-09-03,"1988",1988,339,9.14285714285714,10.5,5.95,1873.44
"1341",1988-09-04,"1988",1988,340,9.42857142857143,10.5,5.39,1878.83
"1342",1988-09-05,"1988",1988,341,9.71428571428571,10.5,4.68,1883.51
"1343",1988-09-06,"1988",1988,342,10,10.5,4.35,1887.86
"1344",1988-09-07,"1988",1988,343,9.85714285714286,10.3571428571429,4,1891.86
"1345",1988-09-08,"1988",1988,344,9.71428571428571,10.2142857142857,3.96,1895.82
"1346",1988-09-09,"1988",1988,345,9.57142857142857,10.0714285714286,3.92,1899.74
"1347",1988-09-10,"1988",1988,346,9.42857142857143,9.92857142857143,4.23,1903.97
"1348",1988-09-11,"1988",1988,347,9.28571428571429,9.78571428571429,5.49,1909.46
"1349",1988-09-12,"1988",1988,348,9.14285714285714,9.64285714285714,5.8,1915.26
"1350",1988-09-13,"1988",1988,349,9,9.5,5.29,1920.55
"1351",1988-09-14,"1988",1988,350,9.64285714285714,8.57142857142857,4.52,1925.07
"1352",1988-09-15,"1988",1988,351,10.2857142857143,7.64285714285714,3.79,1928.86
"1353",1988-09-16,"1988",1988,352,10.9285714285714,6.71428571428571,3.59,1932.45
"1354",1988-09-17,"1988",1988,353,11.5714285714286,5.78571428571429,3.31,1935.76
"1355",1988-09-18,"1988",1988,354,12.2142857142857,4.85714285714286,2.87,1938.63
"1356",1988-09-19,"1988",1988,355,12.8571428571429,3.92857142857143,2.5,1941.13
"1357",1988-09-20,"1988",1988,356,13.5,3,2.78,1943.91
"1358",1988-10-04,"1988",1989,4,14,5,1.68,6.62
"1359",1988-10-05,"1988",1989,5,13.5714285714286,NA,1.68,8.3
"1360",1988-10-06,"1988",1989,6,13.1428571428571,NA,1.63,9.93
"1361",1988-10-07,"1988",1989,7,12.7142857142857,NA,1.58,11.51
"1362",1988-10-08,"1988",1989,8,12.2857142857143,NA,1.58,13.09
"1363",1988-10-09,"1988",1989,9,11.8571428571429,NA,1.46,14.55
"1364",1988-10-10,"1988",1989,10,11.4285714285714,NA,1.47,16.02
"1365",1988-10-11,"1988",1989,11,11,NA,1.47,17.49
"1366",1988-10-12,"1988",1989,12,11.4285714285714,NA,1.42,18.91
"1367",1988-10-13,"1988",1989,13,11.8571428571429,NA,1.25,20.16
"1368",1988-10-14,"1988",1989,14,12.2857142857143,NA,1.21,21.37
"1369",1988-10-15,"1988",1989,15,12.7142857142857,NA,1.12,22.49
"1370",1988-10-16,"1988",1989,16,13.1428571428571,NA,1.07,23.56
"1371",1988-10-17,"1988",1989,17,13.5714285714286,NA,1.14,24.7
"1372",1988-10-18,"1988",1989,18,14,1,1.17,25.87
"1373",1988-10-19,"1988",1989,19,14,1.02857142857143,1.17,27.04
"1374",1988-10-20,"1988",1989,20,14,1.05714285714286,1.17,28.21
"1375",1988-10-21,"1988",1989,21,14,1.08571428571429,1.17,29.38
"1376",1988-10-22,"1988",1989,22,14,1.11428571428571,1.17,30.55
"1377",1988-10-23,"1988",1989,23,14,1.14285714285714,1.17,31.72
"1378",1988-10-24,"1988",1989,24,14,1.17142857142857,1.17,32.89
"1379",1988-10-25,"1988",1989,25,14,1.2,1.17,34.06
"1380",1988-10-26,"1988",1989,26,14.3571428571429,1.17142857142857,1.17,35.23
"1381",1988-10-27,"1988",1989,27,14.7142857142857,1.14285714285714,1.17,36.4
"1382",1988-10-28,"1988",1989,28,15.0714285714286,1.11428571428571,1.17,37.57
"1383",1988-10-29,"1988",1989,29,15.4285714285714,1.08571428571429,1.17,38.74
"1384",1988-10-30,"1988",1989,30,15.7857142857143,1.05714285714286,1.17,39.91
"1385",1988-10-31,"1988",1989,31,16.1428571428571,1.02857142857143,1.07,40.98
"1386",1988-11-01,"1988",1989,32,16.5,1,1.07,42.05
"1387",1988-11-02,"1988",1989,33,16.4285714285714,NA,1.07,43.12
"1388",1988-11-03,"1988",1989,34,16.3571428571429,NA,1.07,44.19
"1389",1988-11-04,"1988",1989,35,16.2857142857143,NA,1.07,45.26
"1390",1988-11-05,"1988",1989,36,16.2142857142857,NA,1.07,46.33
"1391",1988-11-06,"1988",1989,37,16.1428571428571,NA,1.07,47.4
"1392",1988-11-07,"1988",1989,38,16.0714285714286,NA,1.07,48.47
"1393",1988-11-08,"1988",1989,39,16,NA,1.07,49.54
"1394",1988-11-09,"1988",1989,40,16,NA,1.07,50.61
"1395",1988-11-10,"1988",1989,41,16,NA,1.07,51.68
"1396",1988-11-11,"1988",1989,42,16,NA,1.07,52.75
"1397",1988-11-12,"1988",1989,43,16,NA,1.07,53.82
"1398",1988-11-13,"1988",1989,44,16,NA,1.07,54.89
"1399",1988-11-14,"1988",1989,45,16,NA,1.07,55.96
"1400",1988-11-15,"1988",1989,46,16,NA,1.07,57.03
"1401",1988-11-16,"1988",1989,47,16.2857142857143,NA,1.07,58.1
"1402",1988-11-17,"1988",1989,48,16.5714285714286,NA,1.07,59.17
"1403",1988-11-18,"1988",1989,49,16.8571428571429,NA,1.07,60.24
"1404",1988-11-19,"1988",1989,50,17.1428571428571,NA,1.07,61.31
"1405",1988-11-20,"1988",1989,51,17.4285714285714,NA,1.07,62.38
"1406",1988-11-21,"1988",1989,52,17.7142857142857,NA,1.07,63.45
"1407",1988-11-22,"1988",1989,53,18,1.9,1.07,64.52
"1408",1988-11-23,"1988",1989,54,18.5714285714286,NA,1.07,65.59
"1409",1988-11-24,"1988",1989,55,19.1428571428571,NA,1.07,66.66
"1410",1988-11-25,"1988",1989,56,19.7142857142857,NA,1.07,67.73
"1411",1988-11-26,"1988",1989,57,20.2857142857143,NA,1.07,68.8
"1412",1988-11-27,"1988",1989,58,20.8571428571429,NA,1.07,69.87
"1413",1988-11-28,"1988",1989,59,21.4285714285714,NA,1.07,70.94
"1414",1988-11-29,"1988",1989,60,22,NA,1.07,72.01
"1415",1988-11-30,"1988",1989,61,NA,NA,0.36,72.37
"1416",1988-12-01,"1988",1989,62,NA,NA,0.36,72.73
"1417",1988-12-02,"1988",1989,63,NA,NA,0.36,73.09
"1418",1988-12-03,"1988",1989,64,NA,NA,0.36,73.45
"1419",1988-12-04,"1988",1989,65,NA,NA,0.36,73.81
"1420",1988-12-05,"1988",1989,66,NA,NA,0.36,74.17
"1421",1988-12-06,"1988",1989,67,NA,NA,0.36,74.53
"1422",1988-12-07,"1988",1989,68,NA,NA,0.36,74.89
"1423",1988-12-08,"1988",1989,69,NA,NA,0.36,75.25
"1424",1988-12-09,"1988",1989,70,NA,NA,0.36,75.61
"1425",1988-12-10,"1988",1989,71,NA,NA,0.36,75.97
"1426",1988-12-11,"1988",1989,72,NA,NA,0.36,76.33
"1427",1988-12-12,"1988",1989,73,NA,NA,0.36,76.69
"1428",1988-12-13,"1988",1989,74,NA,NA,0.36,77.05
"1429",1988-12-14,"1988",1989,75,NA,NA,0.36,77.41
"1430",1988-12-15,"1988",1989,76,NA,NA,0.36,77.77
"1431",1988-12-16,"1988",1989,77,NA,NA,0.36,78.13
"1432",1988-12-17,"1988",1989,78,NA,NA,0.36,78.49
"1433",1988-12-18,"1988",1989,79,NA,NA,0.36,78.85
"1434",1988-12-19,"1988",1989,80,NA,NA,0.36,79.21
"1435",1988-12-20,"1988",1989,81,NA,NA,0.36,79.57
"1436",1988-12-21,"1988",1989,82,NA,NA,0.36,79.93
"1437",1988-12-22,"1988",1989,83,NA,NA,0.36,80.29
"1438",1988-12-23,"1988",1989,84,NA,NA,0.36,80.65
"1439",1988-12-24,"1988",1989,85,NA,NA,0.36,81.01
"1440",1988-12-25,"1988",1989,86,NA,NA,0.36,81.37
"1441",1988-12-26,"1988",1989,87,NA,NA,0.36,81.73
"1442",1988-12-27,"1988",1989,88,NA,NA,0.36,82.09
"1443",1988-12-28,"1988",1989,89,NA,NA,0.36,82.45
"1444",1988-12-29,"1988",1989,90,NA,NA,0.36,82.81
"1445",1988-12-30,"1988",1989,91,NA,NA,0.36,83.17
"1446",1988-12-31,"1988",1989,92,NA,NA,0.01,83.18
"1447",1989-01-01,"1989",1989,93,NA,NA,0.01,83.19
"1448",1989-01-02,"1989",1989,94,NA,NA,0.01,83.2
"1449",1989-01-03,"1989",1989,95,NA,NA,0.01,83.21
"1450",1989-01-04,"1989",1989,96,NA,NA,0.01,83.22
"1451",1989-01-05,"1989",1989,97,NA,NA,0.01,83.23
"1452",1989-01-06,"1989",1989,98,NA,NA,0.01,83.24
"1453",1989-01-07,"1989",1989,99,NA,NA,0.01,83.25
"1454",1989-01-08,"1989",1989,100,NA,NA,0.01,83.26
"1455",1989-01-09,"1989",1989,101,NA,NA,0.01,83.27
"1456",1989-01-10,"1989",1989,102,NA,NA,0.01,83.28
"1457",1989-01-11,"1989",1989,103,NA,NA,0.01,83.29
"1458",1989-01-12,"1989",1989,104,NA,NA,0.01,83.3
"1459",1989-01-13,"1989",1989,105,NA,NA,0.01,83.31
"1460",1989-01-14,"1989",1989,106,NA,NA,0.01,83.32
"1461",1989-01-15,"1989",1989,107,NA,NA,0.01,83.33
"1462",1989-01-16,"1989",1989,108,NA,NA,0.01,83.34
"1463",1989-01-17,"1989",1989,109,NA,NA,0.01,83.35
"1464",1989-01-18,"1989",1989,110,NA,NA,0.01,83.3600000000001
"1465",1989-01-19,"1989",1989,111,NA,NA,0.01,83.3700000000001
"1466",1989-01-20,"1989",1989,112,NA,NA,0.01,83.3800000000001
"1467",1989-01-21,"1989",1989,113,NA,NA,0.01,83.3900000000001
"1468",1989-01-22,"1989",1989,114,NA,NA,0.01,83.4000000000001
"1469",1989-01-23,"1989",1989,115,NA,NA,0.01,83.4100000000001
"1470",1989-01-24,"1989",1989,116,NA,NA,0.01,83.4200000000001
"1471",1989-01-25,"1989",1989,117,NA,NA,0.01,83.4300000000001
"1472",1989-01-26,"1989",1989,118,NA,NA,0.01,83.4400000000001
"1473",1989-01-27,"1989",1989,119,NA,NA,0.01,83.4500000000001
"1474",1989-01-28,"1989",1989,120,NA,NA,0.01,83.4600000000001
"1475",1989-01-29,"1989",1989,121,NA,NA,0.01,83.4700000000001
"1476",1989-01-30,"1989",1989,122,NA,NA,0.01,83.4800000000001
"1477",1989-01-31,"1989",1989,123,NA,NA,0.01,83.4900000000001
"1478",1989-02-01,"1989",1989,124,NA,NA,0.01,83.5000000000001
"1479",1989-02-02,"1989",1989,125,NA,NA,0.01,83.5100000000001
"1480",1989-02-03,"1989",1989,126,NA,NA,0.01,83.5200000000001
"1481",1989-02-04,"1989",1989,127,NA,NA,0.01,83.5300000000001
"1482",1989-02-05,"1989",1989,128,NA,NA,0.01,83.5400000000001
"1483",1989-02-06,"1989",1989,129,NA,NA,0.01,83.5500000000002
"1484",1989-02-07,"1989",1989,130,NA,NA,0.01,83.5600000000002
"1485",1989-02-08,"1989",1989,131,NA,NA,0.01,83.5700000000002
"1486",1989-02-09,"1989",1989,132,NA,NA,0.01,83.5800000000002
"1487",1989-02-10,"1989",1989,133,NA,NA,0.01,83.5900000000002
"1488",1989-02-11,"1989",1989,134,NA,NA,0.01,83.6000000000002
"1489",1989-02-12,"1989",1989,135,NA,NA,0.01,83.6100000000002
"1490",1989-02-13,"1989",1989,136,NA,NA,0.01,83.6200000000002
"1491",1989-02-14,"1989",1989,137,NA,NA,0.01,83.6300000000002
"1492",1989-02-15,"1989",1989,138,NA,NA,0.01,83.6400000000002
"1493",1989-02-16,"1989",1989,139,NA,NA,0.01,83.6500000000002
"1494",1989-02-17,"1989",1989,140,NA,NA,0.01,83.6600000000002
"1495",1989-02-18,"1989",1989,141,NA,NA,0.01,83.6700000000002
"1496",1989-02-19,"1989",1989,142,NA,NA,0.01,83.6800000000002
"1497",1989-02-20,"1989",1989,143,NA,NA,0.01,83.6900000000002
"1498",1989-02-21,"1989",1989,144,NA,NA,0.01,83.7000000000002
"1499",1989-02-22,"1989",1989,145,NA,NA,0.01,83.7100000000002
"1500",1989-02-23,"1989",1989,146,NA,NA,0.01,83.7200000000002
"1501",1989-02-24,"1989",1989,147,NA,NA,0.01,83.7300000000002
"1502",1989-02-25,"1989",1989,148,NA,NA,0.01,83.7400000000003
"1503",1989-02-26,"1989",1989,149,NA,NA,0.01,83.7500000000003
"1504",1989-02-27,"1989",1989,150,NA,NA,0.01,83.7600000000003
"1505",1989-02-28,"1989",1989,151,NA,NA,0.36,84.1200000000003
"1506",1989-03-01,"1989",1989,152,NA,NA,0.36,84.4800000000003
"1507",1989-03-02,"1989",1989,153,NA,NA,0.36,84.8400000000003
"1508",1989-03-03,"1989",1989,154,NA,NA,0.36,85.2000000000003
"1509",1989-03-04,"1989",1989,155,NA,NA,0.36,85.5600000000003
"1510",1989-03-05,"1989",1989,156,NA,NA,0.36,85.9200000000003
"1511",1989-03-06,"1989",1989,157,NA,NA,0.36,86.2800000000003
"1512",1989-03-07,"1989",1989,158,NA,NA,0.36,86.6400000000003
"1513",1989-03-08,"1989",1989,159,NA,NA,0.36,87.0000000000003
"1514",1989-03-09,"1989",1989,160,NA,NA,0.36,87.3600000000003
"1515",1989-03-10,"1989",1989,161,NA,NA,0.36,87.7200000000003
"1516",1989-03-11,"1989",1989,162,NA,NA,0.36,88.0800000000003
"1517",1989-03-12,"1989",1989,163,NA,NA,0.36,88.4400000000003
"1518",1989-03-13,"1989",1989,164,NA,NA,0.36,88.8000000000003
"1519",1989-03-14,"1989",1989,165,NA,NA,0.36,89.1600000000003
"1520",1989-03-15,"1989",1989,166,NA,NA,0.36,89.5200000000003
"1521",1989-03-16,"1989",1989,167,NA,NA,0.36,89.8800000000003
"1522",1989-03-17,"1989",1989,168,NA,NA,0.36,90.2400000000003
"1523",1989-03-18,"1989",1989,169,NA,NA,0.36,90.6000000000003
"1524",1989-03-19,"1989",1989,170,NA,NA,0.36,90.9600000000002
"1525",1989-03-20,"1989",1989,171,NA,NA,0.36,91.3200000000002
"1526",1989-03-21,"1989",1989,172,NA,NA,0.36,91.6800000000002
"1527",1989-03-22,"1989",1989,173,NA,NA,0.36,92.0400000000002
"1528",1989-03-23,"1989",1989,174,NA,NA,0.36,92.4000000000002
"1529",1989-03-24,"1989",1989,175,NA,NA,0.36,92.7600000000002
"1530",1989-03-25,"1989",1989,176,NA,NA,0.36,93.1200000000002
"1531",1989-03-26,"1989",1989,177,NA,NA,0.36,93.4800000000002
"1532",1989-03-27,"1989",1989,178,NA,NA,0.36,93.8400000000002
"1533",1989-03-28,"1989",1989,179,NA,NA,0.36,94.2000000000002
"1534",1989-03-29,"1989",1989,180,NA,NA,0.36,94.5600000000002
"1535",1989-03-30,"1989",1989,181,NA,NA,0.36,94.9200000000002
"1536",1989-03-31,"1989",1989,182,NA,NA,1.07,95.9900000000002
"1537",1989-04-01,"1989",1989,183,NA,NA,1.07,97.0600000000002
"1538",1989-04-02,"1989",1989,184,NA,NA,1.07,98.1300000000002
"1539",1989-04-03,"1989",1989,185,NA,NA,1.07,99.2000000000002
"1540",1989-04-04,"1989",1989,186,NA,NA,1.07,100.27
"1541",1989-04-05,"1989",1989,187,NA,NA,1.07,101.34
"1542",1989-04-06,"1989",1989,188,NA,NA,1.07,102.41
"1543",1989-04-07,"1989",1989,189,NA,NA,1.07,103.48
"1544",1989-04-08,"1989",1989,190,NA,NA,1.07,104.55
"1545",1989-04-09,"1989",1989,191,NA,NA,1.07,105.62
"1546",1989-04-10,"1989",1989,192,NA,NA,1.07,106.69
"1547",1989-04-11,"1989",1989,193,NA,NA,1.07,107.76
"1548",1989-04-12,"1989",1989,194,NA,NA,1.07,108.83
"1549",1989-04-13,"1989",1989,195,NA,NA,1.07,109.9
"1550",1989-04-14,"1989",1989,196,NA,NA,1.07,110.97
"1551",1989-04-15,"1989",1989,197,NA,NA,1.07,112.04
"1552",1989-04-16,"1989",1989,198,NA,NA,1.07,113.11
"1553",1989-04-17,"1989",1989,199,NA,NA,1.07,114.18
"1554",1989-04-18,"1989",1989,200,NA,NA,1.07,115.25
"1555",1989-04-19,"1989",1989,201,NA,NA,1.07,116.32
"1556",1989-04-20,"1989",1989,202,NA,NA,1.07,117.39
"1557",1989-04-21,"1989",1989,203,NA,NA,1.07,118.46
"1558",1989-04-22,"1989",1989,204,NA,NA,1.07,119.53
"1559",1989-04-23,"1989",1989,205,NA,NA,1.07,120.6
"1560",1989-04-24,"1989",1989,206,NA,NA,2.63,123.23
"1561",1989-04-25,"1989",1989,207,NA,NA,4.02,127.25
"1562",1989-04-26,"1989",1989,208,NA,NA,4.23,131.48
"1563",1989-04-27,"1989",1989,209,NA,NA,3.49,134.97
"1564",1989-04-28,"1989",1989,210,NA,NA,2.44,137.41
"1565",1989-04-29,"1989",1989,211,NA,NA,1.88,139.29
"1566",1989-04-30,"1989",1989,212,NA,NA,1.58,140.87
"1567",1989-05-01,"1989",1989,213,NA,NA,1.36,142.23
"1568",1989-05-02,"1989",1989,214,NA,NA,1.31,143.54
"1569",1989-05-03,"1989",1989,215,NA,NA,1.21,144.75
"1570",1989-05-04,"1989",1989,216,NA,NA,1.19,145.94
"1571",1989-05-05,"1989",1989,217,NA,NA,1.23,147.17
"1572",1989-05-06,"1989",1989,218,NA,NA,2.48,149.65
"1573",1989-05-07,"1989",1989,219,NA,NA,5.11,154.76
"1574",1989-05-08,"1989",1989,220,NA,NA,6.35,161.11
"1575",1989-05-09,"1989",1989,221,NA,NA,7.86,168.97
"1576",1989-05-10,"1989",1989,222,NA,NA,9.61,178.58
"1577",1989-05-11,"1989",1989,223,NA,NA,8.03,186.61
"1578",1989-05-12,"1989",1989,224,NA,NA,5.41,192.02
"1579",1989-05-13,"1989",1989,225,NA,NA,4.05,196.07
"1580",1989-05-14,"1989",1989,226,NA,NA,3.5,199.57
"1581",1989-05-15,"1989",1989,227,NA,NA,3.55,203.12
"1582",1989-05-16,"1989",1989,228,NA,NA,3.64,206.76
"1583",1989-05-17,"1989",1989,229,NA,NA,4.58,211.34
"1584",1989-05-18,"1989",1989,230,NA,NA,9.13,220.47
"1585",1989-05-19,"1989",1989,231,NA,NA,9.23,229.7
"1586",1989-05-20,"1989",1989,232,NA,NA,9.6,239.3
"1587",1989-05-21,"1989",1989,233,NA,NA,9.81,249.11
"1588",1989-05-22,"1989",1989,234,NA,NA,12.9,262.01
"1589",1989-05-23,"1989",1989,235,NA,NA,13.4,275.41
"1590",1989-05-24,"1989",1989,236,NA,NA,10.7,286.11
"1591",1989-05-25,"1989",1989,237,NA,NA,7.68,293.79
"1592",1989-05-26,"1989",1989,238,NA,NA,6.64,300.43
"1593",1989-05-27,"1989",1989,239,NA,NA,9.72,310.15
"1594",1989-05-28,"1989",1989,240,NA,NA,14.4,324.55
"1595",1989-05-29,"1989",1989,241,NA,NA,17.3,341.85
"1596",1989-05-30,"1989",1989,242,NA,NA,16.5,358.35
"1597",1989-05-31,"1989",1989,243,NA,NA,15.3,373.65
"1598",1989-06-01,"1989",1989,244,NA,NA,14.5,388.15
"1599",1989-06-02,"1989",1989,245,NA,NA,12,400.15
"1600",1989-06-03,"1989",1989,246,NA,NA,10.2,410.35
"1601",1989-06-04,"1989",1989,247,NA,NA,10.3,420.65
"1602",1989-06-05,"1989",1989,248,NA,NA,11.6,432.25
"1603",1989-06-06,"1989",1989,249,NA,NA,11.6,443.85
"1604",1989-06-07,"1989",1989,250,NA,NA,12.5,456.35
"1605",1989-06-08,"1989",1989,251,NA,NA,13.3,469.65
"1606",1989-06-09,"1989",1989,252,NA,NA,15.3,484.95
"1607",1989-06-10,"1989",1989,253,NA,NA,21.1,506.05
"1608",1989-06-11,"1989",1989,254,NA,NA,20.2,526.25
"1609",1989-06-12,"1989",1989,255,NA,NA,17.9,544.15
"1610",1989-06-13,"1989",1989,256,NA,NA,15.8,559.95
"1611",1989-06-14,"1989",1989,257,NA,NA,15.5,575.45
"1612",1989-06-15,"1989",1989,258,NA,NA,20.9,596.35
"1613",1989-06-16,"1989",1989,259,NA,NA,25.6,621.95
"1614",1989-06-17,"1989",1989,260,NA,NA,21,642.95
"1615",1989-06-18,"1989",1989,261,NA,NA,21.3,664.25
"1616",1989-06-19,"1989",1989,262,NA,NA,23.3,687.55
"1617",1989-06-20,"1989",1989,263,NA,NA,20.6,708.15
"1618",1989-06-21,"1989",1989,264,NA,NA,14.8,722.95
"1619",1989-06-22,"1989",1989,265,NA,NA,12.6,735.55
"1620",1989-06-23,"1989",1989,266,NA,NA,9.27,744.82
"1621",1989-06-24,"1989",1989,267,NA,NA,9.86,754.68
"1622",1989-06-25,"1989",1989,268,NA,NA,12.2,766.88
"1623",1989-06-26,"1989",1989,269,NA,NA,13.2,780.08
"1624",1989-06-27,"1989",1989,270,NA,NA,14.6,794.68
"1625",1989-06-28,"1989",1989,271,NA,NA,15.7,810.38
"1626",1989-06-29,"1989",1989,272,NA,NA,15.3,825.68
"1627",1989-06-30,"1989",1989,273,NA,NA,15.8,841.48
"1628",1989-07-01,"1989",1989,274,NA,NA,16.1,857.58
"1629",1989-07-02,"1989",1989,275,NA,NA,15.5,873.08
"1630",1989-07-03,"1989",1989,276,NA,NA,15.4,888.48
"1631",1989-07-04,"1989",1989,277,NA,NA,16.5,904.98
"1632",1989-07-05,"1989",1989,278,NA,NA,17,921.98
"1633",1989-07-06,"1989",1989,279,NA,NA,17.6,939.58
"1634",1989-07-07,"1989",1989,280,NA,NA,17.1,956.68
"1635",1989-07-08,"1989",1989,281,NA,NA,16.5,973.18
"1636",1989-07-09,"1989",1989,282,NA,NA,15.8,988.98
"1637",1989-07-10,"1989",1989,283,NA,NA,14.9,1003.88
"1638",1989-07-11,"1989",1989,284,NA,NA,14.8,1018.68
"1639",1989-07-12,"1989",1989,285,NA,NA,15,1033.68
"1640",1989-07-13,"1989",1989,286,NA,NA,15,1048.68
"1641",1989-07-14,"1989",1989,287,NA,NA,15,1063.68
"1642",1989-07-15,"1989",1989,288,NA,NA,15,1078.68
"1643",1989-07-16,"1989",1989,289,NA,NA,15,1093.68
"1644",1989-07-17,"1989",1989,290,NA,NA,13.2,1106.88
"1645",1989-07-18,"1989",1989,291,NA,NA,12.3,1119.18
"1646",1989-07-19,"1989",1989,292,NA,NA,12.1,1131.28
"1647",1989-07-20,"1989",1989,293,NA,NA,12.5,1143.78
"1648",1989-07-21,"1989",1989,294,NA,NA,12.6,1156.38
"1649",1989-07-22,"1989",1989,295,NA,NA,13.7,1170.08
"1650",1989-07-23,"1989",1989,296,NA,NA,12.7,1182.78
"1651",1989-07-24,"1989",1989,297,NA,NA,11.6,1194.38
"1652",1989-07-25,"1989",1989,298,NA,NA,10.8,1205.18
"1653",1989-07-26,"1989",1989,299,NA,NA,10.3,1215.48
"1654",1989-07-27,"1989",1989,300,NA,NA,10.3,1225.78
"1655",1989-07-28,"1989",1989,301,NA,NA,18.9,1244.68
"1656",1989-07-29,"1989",1989,302,NA,NA,33.9,1278.58
"1657",1989-07-30,"1989",1989,303,NA,NA,22.5,1301.08
"1658",1989-07-31,"1989",1989,304,NA,NA,18.1,1319.18
"1659",1989-08-01,"1989",1989,305,NA,NA,20.5,1339.68
"1660",1989-08-02,"1989",1989,306,NA,NA,19.6,1359.28
"1661",1989-08-03,"1989",1989,307,NA,NA,16.8,1376.08
"1662",1989-08-04,"1989",1989,308,NA,NA,13.8,1389.88
"1663",1989-08-05,"1989",1989,309,NA,NA,12.1,1401.98
"1664",1989-08-06,"1989",1989,310,NA,NA,10.7,1412.68
"1665",1989-08-07,"1989",1989,311,NA,NA,9.86,1422.54
"1666",1989-08-08,"1989",1989,312,0,NA,11.3,1433.84
"1667",1989-08-09,"1989",1989,313,2,NA,20.1,1453.94
"1668",1989-08-10,"1989",1989,314,4,NA,19.1,1473.04
"1669",1989-08-11,"1989",1989,315,6,NA,23.7,1496.74
"1670",1989-08-12,"1989",1989,316,8,NA,22.2,1518.94
"1671",1989-08-13,"1989",1989,317,10,NA,17.8,1536.74
"1672",1989-08-14,"1989",1989,318,12,NA,17.5,1554.24
"1673",1989-08-15,"1989",1989,319,14,NA,15.4,1569.64
"1674",1989-08-16,"1989",1989,320,NA,NA,13.4,1583.04
"1675",1989-08-17,"1989",1989,321,NA,NA,12.8,1595.84
"1676",1989-08-18,"1989",1989,322,NA,NA,12.2,1608.04
"1677",1989-08-19,"1989",1989,323,NA,NA,11,1619.04
"1678",1989-08-20,"1989",1989,324,NA,NA,10.1,1629.14
"1679",1989-08-21,"1989",1989,325,NA,NA,9.14,1638.28
"1680",1989-08-22,"1989",1989,326,NA,NA,8.77,1647.05
"1681",1989-08-23,"1989",1989,327,NA,NA,8.38,1655.43
"1682",1989-08-24,"1989",1989,328,NA,NA,7.77,1663.2
"1683",1989-08-25,"1989",1989,329,NA,NA,6.84,1670.04
"1684",1989-08-26,"1989",1989,330,NA,NA,6.94,1676.98
"1685",1989-08-27,"1989",1989,331,NA,NA,6.78,1683.76
"1686",1989-08-28,"1989",1989,332,NA,NA,6.5,1690.26
"1687",1989-08-29,"1989",1989,333,12,NA,6.12,1696.38
"1688",1989-08-30,"1989",1989,334,12.2857142857143,NA,5.61,1701.99
"1689",1989-08-31,"1989",1989,335,12.5714285714286,NA,5.78,1707.77
"1690",1989-09-01,"1989",1989,336,12.8571428571429,NA,5.71,1713.48
"1691",1989-09-02,"1989",1989,337,13.1428571428571,NA,5.18,1718.66
"1692",1989-09-03,"1989",1989,338,13.4285714285714,NA,5.23,1723.89
"1693",1989-09-04,"1989",1989,339,13.7142857142857,NA,4.81,1728.7
"1694",1989-09-05,"1989",1989,340,14,NA,4.64,1733.34
"1695",1989-09-06,"1989",1989,341,14,NA,4.72,1738.06
"1696",1989-09-07,"1989",1989,342,14,NA,5.24,1743.3
"1697",1989-09-08,"1989",1989,343,14,NA,5.6,1748.9
"1698",1989-09-09,"1989",1989,344,14,NA,4.79,1753.69
"1699",1989-09-10,"1989",1989,345,14,NA,4.02,1757.71
"1700",1989-09-11,"1989",1989,346,14,NA,3.69,1761.4
"1701",1989-09-12,"1989",1989,347,14,NA,3.55,1764.95
"1702",1989-09-13,"1989",1989,348,12.1428571428571,NA,3.29,1768.24
"1703",1989-09-14,"1989",1989,349,10.2857142857143,NA,2.96,1771.2
"1704",1989-09-15,"1989",1989,350,8.42857142857143,NA,2.75,1773.95
"1705",1989-09-16,"1989",1989,351,6.57142857142857,NA,2.51,1776.46
"1706",1989-09-17,"1989",1989,352,4.71428571428571,NA,2.38,1778.84
"1707",1989-09-18,"1989",1989,353,2.85714285714286,NA,2.59,1781.43
"1708",1989-09-19,"1989",1989,354,1,NA,2.93,1784.36
"1709",1989-09-20,"1989",1989,355,3.14285714285714,NA,3.19,1787.55
"1710",1989-09-21,"1989",1989,356,5.28571428571429,NA,3.04,1790.59
"1711",1989-09-22,"1989",1989,357,7.42857142857143,NA,2.89,1793.48
"1712",1989-09-23,"1989",1989,358,9.57142857142857,NA,2.59,1796.07
"1713",1989-09-24,"1989",1989,359,11.7142857142857,NA,2.48,1798.55
"1714",1989-09-25,"1989",1989,360,13.8571428571429,NA,2.46,1801.01
"1715",1989-09-26,"1989",1989,361,16,NA,2.59,1803.6
"1716",1989-10-03,"1989",1990,3,14,NA,2.52,7.68
"1717",1989-10-04,"1989",1990,4,NA,NA,2.36,10.04
"1718",1989-10-05,"1989",1990,5,NA,NA,2.21,12.25
"1719",1989-10-06,"1989",1990,6,NA,NA,2,14.25
"1720",1989-10-07,"1989",1990,7,NA,NA,1.78,16.03
"1721",1989-10-08,"1989",1990,8,NA,NA,1.79,17.82
"1722",1989-10-09,"1989",1990,9,NA,NA,1.67,19.49
"1723",1989-10-10,"1989",1990,10,NA,NA,1.52,21.01
"1724",1989-10-11,"1989",1990,11,NA,NA,1.35,22.36
"1725",1989-10-12,"1989",1990,12,NA,NA,1.26,23.62
"1726",1989-10-13,"1989",1990,13,NA,NA,1.26,24.88
"1727",1989-10-14,"1989",1990,14,NA,NA,1.47,26.35
"1728",1989-10-15,"1989",1990,15,NA,NA,1.85,28.2
"1729",1989-10-16,"1989",1990,16,NA,NA,1.85,30.05
"1730",1989-10-17,"1989",1990,17,15.5,NA,1.68,31.73
"1731",1989-10-18,"1989",1990,18,15.2857142857143,NA,1.58,33.31
"1732",1989-10-19,"1989",1990,19,15.0714285714286,NA,1.42,34.73
"1733",1989-10-20,"1989",1990,20,14.8571428571429,NA,1.36,36.09
"1734",1989-10-21,"1989",1990,21,14.6428571428571,NA,1.36,37.45
"1735",1989-10-22,"1989",1990,22,14.4285714285714,NA,1.31,38.76
"1736",1989-10-23,"1989",1990,23,14.2142857142857,NA,1.38,40.14
"1737",1989-10-24,"1989",1990,24,14,NA,1.79,41.93
"1738",1989-10-25,"1989",1990,25,14.4285714285714,NA,1.79,43.72
"1739",1989-10-26,"1989",1990,26,14.8571428571429,NA,1.79,45.51
"1740",1989-10-27,"1989",1990,27,15.2857142857143,NA,1.79,47.3
"1741",1989-10-28,"1989",1990,28,15.7142857142857,NA,1.79,49.09
"1742",1989-10-29,"1989",1990,29,16.1428571428571,NA,1.79,50.88
"1743",1989-10-30,"1989",1990,30,16.5714285714286,NA,1.79,52.67
"1744",1989-10-31,"1989",1990,31,17,NA,1.07,53.74
"1745",1989-11-01,"1989",1990,32,16.8571428571429,NA,1.07,54.81
"1746",1989-11-02,"1989",1990,33,16.7142857142857,NA,1.07,55.88
"1747",1989-11-03,"1989",1990,34,16.5714285714286,NA,1.07,56.95
"1748",1989-11-04,"1989",1990,35,16.4285714285714,NA,1.07,58.02
"1749",1989-11-05,"1989",1990,36,16.2857142857143,NA,1.07,59.09
"1750",1989-11-06,"1989",1990,37,16.1428571428571,NA,1.07,60.16
"1751",1989-11-07,"1989",1990,38,16,NA,1.07,61.23
"1752",1989-11-08,"1989",1990,39,16,NA,1.07,62.3
"1753",1989-11-09,"1989",1990,40,16,NA,1.07,63.37
"1754",1989-11-10,"1989",1990,41,16,NA,1.07,64.44
"1755",1989-11-11,"1989",1990,42,16,NA,1.07,65.51
"1756",1989-11-12,"1989",1990,43,16,NA,1.07,66.58
"1757",1989-11-13,"1989",1990,44,16,NA,1.07,67.65
"1758",1989-11-14,"1989",1990,45,16,NA,1.07,68.72
"1759",1989-11-15,"1989",1990,46,16.2857142857143,NA,1.07,69.79
"1760",1989-11-16,"1989",1990,47,16.5714285714286,NA,1.07,70.86
"1761",1989-11-17,"1989",1990,48,16.8571428571429,NA,1.07,71.93
"1762",1989-11-18,"1989",1990,49,17.1428571428571,NA,1.07,73
"1763",1989-11-19,"1989",1990,50,17.4285714285714,NA,1.07,74.07
"1764",1989-11-20,"1989",1990,51,17.7142857142857,NA,1.07,75.1399999999999
"1765",1989-11-21,"1989",1990,52,18,NA,1.07,76.2099999999999
"1766",1989-11-22,"1989",1990,53,NA,NA,1.07,77.2799999999999
"1767",1989-11-23,"1989",1990,54,NA,NA,1.07,78.3499999999999
"1768",1989-11-24,"1989",1990,55,NA,NA,1.07,79.4199999999999
"1769",1989-11-25,"1989",1990,56,NA,NA,1.07,80.4899999999999
"1770",1989-11-26,"1989",1990,57,NA,NA,1.07,81.5599999999999
"1771",1989-11-27,"1989",1990,58,NA,NA,1.07,82.6299999999999
"1772",1989-11-28,"1989",1990,59,NA,NA,1.07,83.6999999999999
"1773",1989-11-29,"1989",1990,60,NA,NA,1.07,84.7699999999999
"1774",1989-11-30,"1989",1990,61,NA,NA,0.36,85.1299999999999
"1775",1989-12-01,"1989",1990,62,NA,NA,0.36,85.4899999999999
"1776",1989-12-02,"1989",1990,63,NA,NA,0.36,85.8499999999999
"1777",1989-12-03,"1989",1990,64,NA,NA,0.36,86.2099999999999
"1778",1989-12-04,"1989",1990,65,NA,NA,0.36,86.5699999999999
"1779",1989-12-05,"1989",1990,66,NA,NA,0.36,86.9299999999999
"1780",1989-12-06,"1989",1990,67,NA,NA,0.36,87.2899999999999
"1781",1989-12-07,"1989",1990,68,NA,NA,0.36,87.6499999999999
"1782",1989-12-08,"1989",1990,69,NA,NA,0.36,88.0099999999999
"1783",1989-12-09,"1989",1990,70,NA,NA,0.36,88.3699999999999
"1784",1989-12-10,"1989",1990,71,NA,NA,0.36,88.7299999999999
"1785",1989-12-11,"1989",1990,72,NA,NA,0.36,89.0899999999999
"1786",1989-12-12,"1989",1990,73,NA,NA,0.36,89.4499999999999
"1787",1989-12-13,"1989",1990,74,NA,NA,0.36,89.8099999999999
"1788",1989-12-14,"1989",1990,75,NA,NA,0.36,90.1699999999999
"1789",1989-12-15,"1989",1990,76,NA,NA,0.36,90.5299999999999
"1790",1989-12-16,"1989",1990,77,NA,NA,0.36,90.8899999999999
"1791",1989-12-17,"1989",1990,78,NA,NA,0.36,91.2499999999999
"1792",1989-12-18,"1989",1990,79,NA,NA,0.36,91.6099999999999
"1793",1989-12-19,"1989",1990,80,NA,NA,0.36,91.9699999999999
"1794",1989-12-20,"1989",1990,81,NA,NA,0.36,92.3299999999999
"1795",1989-12-21,"1989",1990,82,NA,NA,0.36,92.6899999999999
"1796",1989-12-22,"1989",1990,83,NA,NA,0.36,93.0499999999999
"1797",1989-12-23,"1989",1990,84,NA,NA,0.36,93.4099999999999
"1798",1989-12-24,"1989",1990,85,NA,NA,0.36,93.7699999999999
"1799",1989-12-25,"1989",1990,86,NA,NA,0.36,94.1299999999999
"1800",1989-12-26,"1989",1990,87,NA,NA,0.36,94.4899999999999
"1801",1989-12-27,"1989",1990,88,NA,NA,0.36,94.8499999999999
"1802",1989-12-28,"1989",1990,89,NA,NA,0.36,95.2099999999999
"1803",1989-12-29,"1989",1990,90,NA,NA,0.36,95.5699999999999
"1804",1989-12-30,"1989",1990,91,NA,NA,0.36,95.9299999999999
"1805",1989-12-31,"1989",1990,92,NA,NA,0.01,95.9399999999999
"1806",1990-01-01,"1990",1990,93,NA,NA,0.01,95.9499999999999
"1807",1990-01-02,"1990",1990,94,NA,NA,0.01,95.9599999999999
"1808",1990-01-03,"1990",1990,95,NA,NA,0.01,95.9699999999999
"1809",1990-01-04,"1990",1990,96,NA,NA,0.01,95.9799999999999
"1810",1990-01-05,"1990",1990,97,NA,NA,0.01,95.9899999999999
"1811",1990-01-06,"1990",1990,98,NA,NA,0.01,95.9999999999999
"1812",1990-01-07,"1990",1990,99,NA,NA,0.01,96.0099999999999
"1813",1990-01-08,"1990",1990,100,NA,NA,0.01,96.0199999999999
"1814",1990-01-09,"1990",1990,101,NA,NA,0.01,96.0299999999999
"1815",1990-01-10,"1990",1990,102,NA,NA,0.01,96.0399999999999
"1816",1990-01-11,"1990",1990,103,NA,NA,0.01,96.0499999999999
"1817",1990-01-12,"1990",1990,104,NA,NA,0.01,96.0599999999999
"1818",1990-01-13,"1990",1990,105,NA,NA,0.01,96.0699999999999
"1819",1990-01-14,"1990",1990,106,NA,NA,0.01,96.0799999999999
"1820",1990-01-15,"1990",1990,107,NA,NA,0.01,96.09
"1821",1990-01-16,"1990",1990,108,NA,NA,0.01,96.1
"1822",1990-01-17,"1990",1990,109,NA,NA,0.01,96.11
"1823",1990-01-18,"1990",1990,110,NA,NA,0.01,96.12
"1824",1990-01-19,"1990",1990,111,NA,NA,0.01,96.13
"1825",1990-01-20,"1990",1990,112,NA,NA,0.01,96.14
"1826",1990-01-21,"1990",1990,113,NA,NA,0.01,96.15
"1827",1990-01-22,"1990",1990,114,NA,NA,0.01,96.16
"1828",1990-01-23,"1990",1990,115,NA,NA,0.01,96.17
"1829",1990-01-24,"1990",1990,116,NA,NA,0.01,96.18
"1830",1990-01-25,"1990",1990,117,NA,NA,0.01,96.19
"1831",1990-01-26,"1990",1990,118,NA,NA,0.01,96.2
"1832",1990-01-27,"1990",1990,119,NA,NA,0.01,96.21
"1833",1990-01-28,"1990",1990,120,NA,NA,0.01,96.22
"1834",1990-01-29,"1990",1990,121,NA,NA,0.01,96.23
"1835",1990-01-30,"1990",1990,122,NA,NA,0.01,96.24
"1836",1990-01-31,"1990",1990,123,NA,NA,0.01,96.25
"1837",1990-02-01,"1990",1990,124,NA,NA,0.01,96.26
"1838",1990-02-02,"1990",1990,125,NA,NA,0.01,96.27
"1839",1990-02-03,"1990",1990,126,NA,NA,0.01,96.28
"1840",1990-02-04,"1990",1990,127,NA,NA,0.01,96.29
"1841",1990-02-05,"1990",1990,128,NA,NA,0.01,96.3
"1842",1990-02-06,"1990",1990,129,NA,NA,0.01,96.3100000000001
"1843",1990-02-07,"1990",1990,130,NA,NA,0.01,96.3200000000001
"1844",1990-02-08,"1990",1990,131,NA,NA,0.01,96.3300000000001
"1845",1990-02-09,"1990",1990,132,NA,NA,0.01,96.3400000000001
"1846",1990-02-10,"1990",1990,133,NA,NA,0.01,96.3500000000001
"1847",1990-02-11,"1990",1990,134,NA,NA,0.01,96.3600000000001
"1848",1990-02-12,"1990",1990,135,NA,NA,0.01,96.3700000000001
"1849",1990-02-13,"1990",1990,136,NA,NA,0.01,96.3800000000001
"1850",1990-02-14,"1990",1990,137,NA,NA,0.01,96.3900000000001
"1851",1990-02-15,"1990",1990,138,NA,NA,0.01,96.4000000000001
"1852",1990-02-16,"1990",1990,139,NA,NA,0.01,96.4100000000001
"1853",1990-02-17,"1990",1990,140,NA,NA,0.01,96.4200000000001
"1854",1990-02-18,"1990",1990,141,NA,NA,0.01,96.4300000000001
"1855",1990-02-19,"1990",1990,142,NA,NA,0.01,96.4400000000001
"1856",1990-02-20,"1990",1990,143,NA,NA,0.01,96.4500000000001
"1857",1990-02-21,"1990",1990,144,NA,NA,0.01,96.4600000000001
"1858",1990-02-22,"1990",1990,145,NA,NA,0.01,96.4700000000001
"1859",1990-02-23,"1990",1990,146,NA,NA,0.01,96.4800000000001
"1860",1990-02-24,"1990",1990,147,NA,NA,0.01,96.4900000000002
"1861",1990-02-25,"1990",1990,148,NA,NA,0.01,96.5000000000002
"1862",1990-02-26,"1990",1990,149,NA,NA,0.01,96.5100000000002
"1863",1990-02-27,"1990",1990,150,NA,NA,0.01,96.5200000000002
"1864",1990-02-28,"1990",1990,151,NA,NA,0.36,96.8800000000002
"1865",1990-03-01,"1990",1990,152,NA,NA,0.36,97.2400000000002
"1866",1990-03-02,"1990",1990,153,NA,NA,0.36,97.6000000000002
"1867",1990-03-03,"1990",1990,154,NA,NA,0.36,97.9600000000002
"1868",1990-03-04,"1990",1990,155,NA,NA,0.36,98.3200000000002
"1869",1990-03-05,"1990",1990,156,NA,NA,0.36,98.6800000000002
"1870",1990-03-06,"1990",1990,157,NA,NA,0.36,99.0400000000002
"1871",1990-03-07,"1990",1990,158,NA,NA,0.36,99.4000000000002
"1872",1990-03-08,"1990",1990,159,NA,NA,0.36,99.7600000000002
"1873",1990-03-09,"1990",1990,160,NA,NA,0.36,100.12
"1874",1990-03-10,"1990",1990,161,NA,NA,0.36,100.48
"1875",1990-03-11,"1990",1990,162,NA,NA,0.36,100.84
"1876",1990-03-12,"1990",1990,163,NA,NA,0.36,101.2
"1877",1990-03-13,"1990",1990,164,NA,NA,0.36,101.56
"1878",1990-03-14,"1990",1990,165,NA,NA,0.36,101.92
"1879",1990-03-15,"1990",1990,166,NA,NA,0.36,102.28
"1880",1990-03-16,"1990",1990,167,NA,NA,0.36,102.64
"1881",1990-03-17,"1990",1990,168,NA,NA,0.36,103
"1882",1990-03-18,"1990",1990,169,NA,NA,0.36,103.36
"1883",1990-03-19,"1990",1990,170,NA,NA,0.36,103.72
"1884",1990-03-20,"1990",1990,171,NA,NA,0.36,104.08
"1885",1990-03-21,"1990",1990,172,NA,NA,0.36,104.44
"1886",1990-03-22,"1990",1990,173,NA,NA,0.36,104.8
"1887",1990-03-23,"1990",1990,174,NA,NA,0.36,105.16
"1888",1990-03-24,"1990",1990,175,NA,NA,0.36,105.52
"1889",1990-03-25,"1990",1990,176,NA,NA,0.36,105.88
"1890",1990-03-26,"1990",1990,177,NA,NA,0.36,106.24
"1891",1990-03-27,"1990",1990,178,NA,NA,0.36,106.6
"1892",1990-03-28,"1990",1990,179,NA,NA,0.36,106.96
"1893",1990-03-29,"1990",1990,180,NA,NA,0.36,107.32
"1894",1990-03-30,"1990",1990,181,NA,NA,0.36,107.68
"1895",1990-03-31,"1990",1990,182,NA,NA,1.07,108.75
"1896",1990-04-01,"1990",1990,183,NA,NA,1.07,109.82
"1897",1990-04-02,"1990",1990,184,NA,NA,1.07,110.89
"1898",1990-04-03,"1990",1990,185,NA,NA,1.07,111.96
"1899",1990-04-04,"1990",1990,186,NA,NA,1.07,113.03
"1900",1990-04-05,"1990",1990,187,NA,NA,1.07,114.1
"1901",1990-04-06,"1990",1990,188,NA,NA,1.07,115.17
"1902",1990-04-07,"1990",1990,189,NA,NA,1.07,116.24
"1903",1990-04-08,"1990",1990,190,NA,NA,1.07,117.31
"1904",1990-04-09,"1990",1990,191,NA,NA,1.07,118.38
"1905",1990-04-10,"1990",1990,192,NA,NA,1.07,119.45
"1906",1990-04-11,"1990",1990,193,NA,NA,1.07,120.52
"1907",1990-04-12,"1990",1990,194,NA,NA,1.07,121.59
"1908",1990-04-13,"1990",1990,195,NA,NA,1.07,122.66
"1909",1990-04-14,"1990",1990,196,NA,NA,1.07,123.73
"1910",1990-04-15,"1990",1990,197,NA,NA,1.07,124.8
"1911",1990-04-16,"1990",1990,198,NA,NA,1.07,125.87
"1912",1990-04-17,"1990",1990,199,NA,NA,1.07,126.94
"1913",1990-04-18,"1990",1990,200,NA,NA,1.07,128.01
"1914",1990-04-19,"1990",1990,201,NA,NA,1.07,129.08
"1915",1990-04-20,"1990",1990,202,NA,NA,1.07,130.15
"1916",1990-04-21,"1990",1990,203,NA,NA,1.07,131.22
"1917",1990-04-22,"1990",1990,204,NA,NA,1.07,132.29
"1918",1990-04-23,"1990",1990,205,NA,NA,1.07,133.36
"1919",1990-04-24,"1990",1990,206,12,NA,1.07,134.43
"1920",1990-04-25,"1990",1990,207,12.5714285714286,NA,1.07,135.5
"1921",1990-04-26,"1990",1990,208,13.1428571428571,NA,1.07,136.57
"1922",1990-04-27,"1990",1990,209,13.7142857142857,NA,1.07,137.64
"1923",1990-04-28,"1990",1990,210,14.2857142857143,NA,1.07,138.71
"1924",1990-04-29,"1990",1990,211,14.8571428571429,NA,1.07,139.78
"1925",1990-04-30,"1990",1990,212,15.4285714285714,NA,1.07,140.85
"1926",1990-05-01,"1990",1990,213,16,NA,1.07,141.92
"1927",1990-05-02,"1990",1990,214,15.7142857142857,NA,1.07,142.99
"1928",1990-05-03,"1990",1990,215,15.4285714285714,NA,1.07,144.06
"1929",1990-05-04,"1990",1990,216,15.1428571428571,NA,1.32,145.38
"1930",1990-05-05,"1990",1990,217,14.8571428571429,NA,1.56,146.94
"1931",1990-05-06,"1990",1990,218,14.5714285714286,NA,1.78,148.72
"1932",1990-05-07,"1990",1990,219,14.2857142857143,NA,1.99,150.71
"1933",1990-05-08,"1990",1990,220,14,NA,2.03,152.74
"1934",1990-05-09,"1990",1990,221,14.1428571428571,NA,2.11,154.85
"1935",1990-05-10,"1990",1990,222,14.2857142857143,NA,2.15,157
"1936",1990-05-11,"1990",1990,223,14.4285714285714,NA,2.23,159.23
"1937",1990-05-12,"1990",1990,224,14.5714285714286,NA,2.27,161.5
"1938",1990-05-13,"1990",1990,225,14.7142857142857,NA,2.36,163.86
"1939",1990-05-14,"1990",1990,226,14.8571428571429,NA,2.42,166.28
"1940",1990-05-15,"1990",1990,227,15,NA,2.82,169.1
"1941",1990-05-16,"1990",1990,228,15.2857142857143,NA,3.27,172.37
"1942",1990-05-17,"1990",1990,229,15.5714285714286,NA,3.81,176.18
"1943",1990-05-18,"1990",1990,230,15.8571428571429,NA,4.31,180.49
"1944",1990-05-19,"1990",1990,231,16.1428571428571,NA,4.91,185.4
"1945",1990-05-20,"1990",1990,232,16.4285714285714,NA,5.73,191.13
"1946",1990-05-21,"1990",1990,233,16.7142857142857,NA,6.78,197.91
"1947",1990-05-22,"1990",1990,234,17,NA,9.57,207.48
"1948",1990-05-23,"1990",1990,235,17.1428571428571,NA,12.6,220.08
"1949",1990-05-24,"1990",1990,236,17.2857142857143,NA,12,232.08
"1950",1990-05-25,"1990",1990,237,17.4285714285714,NA,11.1,243.18
"1951",1990-05-26,"1990",1990,238,17.5714285714286,NA,11.2,254.38
"1952",1990-05-27,"1990",1990,239,17.7142857142857,NA,15.9,270.28
"1953",1990-05-28,"1990",1990,240,17.8571428571429,NA,24.3,294.58
"1954",1990-05-29,"1990",1990,241,18,NA,17.2,311.78
"1955",1990-05-30,"1990",1990,242,17.4285714285714,NA,21.8,333.58
"1956",1990-05-31,"1990",1990,243,16.8571428571429,NA,20.9,354.48
"1957",1990-06-01,"1990",1990,244,16.2857142857143,NA,15.5,369.98
"1958",1990-06-02,"1990",1990,245,15.7142857142857,NA,11.6,381.58
"1959",1990-06-03,"1990",1990,246,15.1428571428571,NA,16.7,398.28
"1960",1990-06-04,"1990",1990,247,14.5714285714286,NA,25.5,423.78
"1961",1990-06-05,"1990",1990,248,14,NA,27.8,451.58
"1962",1990-06-06,"1990",1990,249,14,NA,30.2,481.78
"1963",1990-06-07,"1990",1990,250,14,NA,30.2,511.98
"1964",1990-06-08,"1990",1990,251,14,NA,30.1,542.08
"1965",1990-06-09,"1990",1990,252,14,NA,33.4,575.48
"1966",1990-06-10,"1990",1990,253,14,NA,38.3,613.78
"1967",1990-06-11,"1990",1990,254,14,NA,37.3,651.08
"1968",1990-06-12,"1990",1990,255,14,NA,26.9,677.98
"1969",1990-06-13,"1990",1990,256,14,NA,26.6,704.58
"1970",1990-06-14,"1990",1990,257,14,NA,24.8,729.38
"1971",1990-06-15,"1990",1990,258,14,NA,21.1,750.48
"1972",1990-06-16,"1990",1990,259,14,NA,19,769.48
"1973",1990-06-17,"1990",1990,260,14,NA,20.5,789.98
"1974",1990-06-18,"1990",1990,261,14,NA,23.5,813.48
"1975",1990-06-19,"1990",1990,262,14,NA,23.4,836.88
"1976",1990-06-20,"1990",1990,263,13.7142857142857,NA,22,858.88
"1977",1990-06-21,"1990",1990,264,13.4285714285714,NA,22.3,881.18
"1978",1990-06-22,"1990",1990,265,13.1428571428571,NA,23.4,904.58
"1979",1990-06-23,"1990",1990,266,12.8571428571429,NA,23.3,927.88
"1980",1990-06-24,"1990",1990,267,12.5714285714286,NA,24,951.88
"1981",1990-06-25,"1990",1990,268,12.2857142857143,NA,23.4,975.28
"1982",1990-06-26,"1990",1990,269,12,NA,24.7,999.98
"1983",1990-06-27,"1990",1990,270,12,NA,27,1026.98
"1984",1990-06-28,"1990",1990,271,12,NA,25.5,1052.48
"1985",1990-06-29,"1990",1990,272,12,NA,23,1075.48
"1986",1990-06-30,"1990",1990,273,12,NA,22.6,1098.08
"1987",1990-07-01,"1990",1990,274,12,NA,23.4,1121.48
"1988",1990-07-02,"1990",1990,275,12,NA,23,1144.48
"1989",1990-07-03,"1990",1990,276,12,NA,23.9,1168.38
"1990",1990-07-04,"1990",1990,277,12,NA,23.3,1191.68
"1991",1990-07-05,"1990",1990,278,12,NA,21.2,1212.88
"1992",1990-07-06,"1990",1990,279,12,NA,23.2,1236.08
"1993",1990-07-07,"1990",1990,280,12,NA,39.4,1275.48
"1994",1990-07-08,"1990",1990,281,12,NA,26.1,1301.58
"1995",1990-07-09,"1990",1990,282,12,NA,22.8,1324.38
"1996",1990-07-10,"1990",1990,283,12,NA,20.1,1344.48
"1997",1990-07-11,"1990",1990,284,NA,NA,17,1361.48
"1998",1990-07-12,"1990",1990,285,NA,NA,16.2,1377.68
"1999",1990-07-13,"1990",1990,286,NA,NA,14.9,1392.58
"2000",1990-07-14,"1990",1990,287,NA,NA,13.2,1405.78
"2001",1990-07-15,"1990",1990,288,NA,NA,12.4,1418.18
"2002",1990-07-16,"1990",1990,289,NA,NA,14.7,1432.88
"2003",1990-07-17,"1990",1990,290,NA,12,15.6,1448.48
"2004",1990-07-18,"1990",1990,291,NA,11.7142857142857,15,1463.48
"2005",1990-07-19,"1990",1990,292,NA,11.4285714285714,15.6,1479.08
"2006",1990-07-20,"1990",1990,293,NA,11.1428571428571,17.6,1496.68
"2007",1990-07-21,"1990",1990,294,NA,10.8571428571429,17.3,1513.98
"2008",1990-07-22,"1990",1990,295,NA,10.5714285714286,14.7,1528.68
"2009",1990-07-23,"1990",1990,296,NA,10.2857142857143,12.9,1541.58
"2010",1990-07-24,"1990",1990,297,12,10,14.2,1555.78
"2011",1990-07-25,"1990",1990,298,12,10.1428571428571,14.4,1570.18
"2012",1990-07-26,"1990",1990,299,12,10.2857142857143,13.8,1583.98
"2013",1990-07-27,"1990",1990,300,12,10.4285714285714,13,1596.98
"2014",1990-07-28,"1990",1990,301,12,10.5714285714286,11.9,1608.88
"2015",1990-07-29,"1990",1990,302,12,10.7142857142857,11.2,1620.08
"2016",1990-07-30,"1990",1990,303,12,10.8571428571429,11.2,1631.28
"2017",1990-07-31,"1990",1990,304,12,11,10.8,1642.08
"2018",1990-08-01,"1990",1990,305,12.1428571428571,10.8571428571429,9.73,1651.81
"2019",1990-08-02,"1990",1990,306,12.2857142857143,10.7142857142857,9.84,1661.65
"2020",1990-08-03,"1990",1990,307,12.4285714285714,10.5714285714286,9.48,1671.13
"2021",1990-08-04,"1990",1990,308,12.5714285714286,10.4285714285714,7.97,1679.1
"2022",1990-08-05,"1990",1990,309,12.7142857142857,10.2857142857143,7.06,1686.16
"2023",1990-08-06,"1990",1990,310,12.8571428571429,10.1428571428571,7.63,1693.79
"2024",1990-08-07,"1990",1990,311,13,10,8.62,1702.41
"2025",1990-08-08,"1990",1990,312,12.8571428571429,NA,8.44,1710.85
"2026",1990-08-09,"1990",1990,313,12.7142857142857,NA,7.26,1718.11
"2027",1990-08-10,"1990",1990,314,12.5714285714286,NA,8.18,1726.29
"2028",1990-08-11,"1990",1990,315,12.4285714285714,NA,9.62,1735.91
"2029",1990-08-12,"1990",1990,316,12.2857142857143,NA,11.5,1747.41
"2030",1990-08-13,"1990",1990,317,12.1428571428571,NA,11,1758.41
"2031",1990-08-14,"1990",1990,318,12,NA,10.7,1769.11
"2032",1990-08-15,"1990",1990,319,NA,NA,10.6,1779.71
"2033",1990-08-16,"1990",1990,320,NA,NA,11,1790.71
"2034",1990-08-17,"1990",1990,321,NA,NA,13,1803.71
"2035",1990-08-18,"1990",1990,322,NA,NA,12.3,1816.01
"2036",1990-08-19,"1990",1990,323,NA,NA,11.1,1827.11
"2037",1990-08-20,"1990",1990,324,NA,NA,10.5,1837.61
"2038",1990-08-21,"1990",1990,325,NA,12,10.1,1847.71
"2039",1990-08-22,"1990",1990,326,NA,11.8571428571429,8.98,1856.69
"2040",1990-08-23,"1990",1990,327,NA,11.7142857142857,9.2,1865.89
"2041",1990-08-24,"1990",1990,328,NA,11.5714285714286,8.34,1874.23
"2042",1990-08-25,"1990",1990,329,NA,11.4285714285714,7.38,1881.61
"2043",1990-08-26,"1990",1990,330,NA,11.2857142857143,6.77,1888.38
"2044",1990-08-27,"1990",1990,331,NA,11.1428571428571,6.36,1894.74
"2045",1990-08-28,"1990",1990,332,12,11,6.49,1901.23
"2046",1990-08-29,"1990",1990,333,11.9285714285714,11.2142857142857,6.29,1907.52
"2047",1990-08-30,"1990",1990,334,11.8571428571429,11.4285714285714,6.71,1914.23
"2048",1990-08-31,"1990",1990,335,11.7857142857143,11.6428571428571,7.58,1921.81
"2049",1990-09-01,"1990",1990,336,11.7142857142857,11.8571428571429,7.59,1929.4
"2050",1990-09-02,"1990",1990,337,11.6428571428571,12.0714285714286,8.3,1937.7
"2051",1990-09-03,"1990",1990,338,11.5714285714286,12.2857142857143,8.54,1946.24
"2052",1990-09-04,"1990",1990,339,11.5,12.5,8.05,1954.29
"2053",1990-09-05,"1990",1990,340,11.5714285714286,NA,8.47,1962.76
"2054",1990-09-06,"1990",1990,341,11.6428571428571,NA,8.21,1970.97
"2055",1990-09-07,"1990",1990,342,11.7142857142857,NA,7.08,1978.05
"2056",1990-09-08,"1990",1990,343,11.7857142857143,NA,6.79,1984.84
"2057",1990-09-09,"1990",1990,344,11.8571428571429,NA,6.4,1991.24
"2058",1990-09-10,"1990",1990,345,11.9285714285714,NA,5.9,1997.14
"2059",1990-09-11,"1990",1990,346,12,NA,5.59,2002.73
"2060",1990-09-12,"1990",1990,347,12,NA,5.09,2007.82
"2061",1990-09-13,"1990",1990,348,12,NA,5.29,2013.11
"2062",1990-09-14,"1990",1990,349,12,NA,5.07,2018.18
"2063",1990-09-15,"1990",1990,350,12,NA,4.92,2023.1
"2064",1990-09-16,"1990",1990,351,12,NA,4.91,2028.01
"2065",1990-09-17,"1990",1990,352,12,NA,4.86,2032.87
"2066",1990-09-18,"1990",1990,353,12,9,4.72,2037.59
"2067",1990-09-19,"1990",1990,354,12,9.21428571428571,4.43,2042.02
"2068",1990-09-20,"1990",1990,355,12,9.42857142857143,4.27,2046.29
"2069",1990-09-21,"1990",1990,356,12,9.64285714285714,4.06,2050.35
"2070",1990-09-22,"1990",1990,357,12,9.85714285714286,3.97,2054.32
"2071",1990-09-23,"1990",1990,358,12,10.0714285714286,3.82,2058.14
"2072",1990-09-24,"1990",1990,359,12,10.2857142857143,3.8,2061.94
"2073",1990-09-25,"1990",1990,360,12,10.5,4.02,2065.96
"2074",1990-10-02,"1990",1991,2,13,7,4.03,8.13
"2075",1990-10-03,"1990",1991,3,12.8571428571429,6.5,3.52,11.65
"2076",1990-10-04,"1990",1991,4,12.7142857142857,6,3.38,15.03
"2077",1990-10-05,"1990",1991,5,12.5714285714286,5.5,3.23,18.26
"2078",1990-10-06,"1990",1991,6,12.4285714285714,5,3.38,21.64
"2079",1990-10-07,"1990",1991,7,12.2857142857143,4.5,3.74,25.38
"2080",1990-10-08,"1990",1991,8,12.1428571428571,4,3.52,28.9
"2081",1990-10-09,"1990",1991,9,12,3.5,3.47,32.37
"2082",1990-10-10,"1990",1991,10,12.2857142857143,3.5,3.35,35.72
"2083",1990-10-11,"1990",1991,11,12.5714285714286,3.5,3.1,38.82
"2084",1990-10-12,"1990",1991,12,12.8571428571429,3.5,2.96,41.78
"2085",1990-10-13,"1990",1991,13,13.1428571428571,3.5,2.73,44.51
"2086",1990-10-14,"1990",1991,14,13.4285714285714,3.5,2.61,47.12
"2087",1990-10-15,"1990",1991,15,13.7142857142857,3.5,2.56,49.68
"2088",1990-10-16,"1990",1991,16,14,3.5,2.43,52.11
"2089",1990-10-17,"1990",1991,17,14.0714285714286,3.28571428571429,2.31,54.42
"2090",1990-10-18,"1990",1991,18,14.1428571428571,3.07142857142857,2.16,56.58
"2091",1990-10-19,"1990",1991,19,14.2142857142857,2.85714285714286,2.03,58.61
"2092",1990-10-20,"1990",1991,20,14.2857142857143,2.64285714285714,2.03,60.64
"2093",1990-10-21,"1990",1991,21,14.3571428571429,2.42857142857143,2.03,62.67
"2094",1990-10-22,"1990",1991,22,14.4285714285714,2.21428571428571,2.03,64.7
"2095",1990-10-23,"1990",1991,23,14.5,2,2.03,66.73
"2096",1990-10-24,"1990",1991,24,14.7142857142857,2.21428571428571,2.03,68.76
"2097",1990-10-25,"1990",1991,25,14.9285714285714,2.42857142857143,2.03,70.79
"2098",1990-10-26,"1990",1991,26,15.1428571428571,2.64285714285714,2.03,72.82
"2099",1990-10-27,"1990",1991,27,15.3571428571429,2.85714285714286,2.03,74.85
"2100",1990-10-28,"1990",1991,28,15.5714285714286,3.07142857142857,2.03,76.88
"2101",1990-10-29,"1990",1991,29,15.7857142857143,3.28571428571429,2.03,78.91
"2102",1990-10-30,"1990",1991,30,16,3.5,2.03,80.94
"2103",1990-10-31,"1990",1991,31,16,3.14285714285714,1.07,82.01
"2104",1990-11-01,"1990",1991,32,16,2.78571428571429,1.07,83.08
"2105",1990-11-02,"1990",1991,33,16,2.42857142857143,1.07,84.15
"2106",1990-11-03,"1990",1991,34,16,2.07142857142857,1.07,85.22
"2107",1990-11-04,"1990",1991,35,16,1.71428571428571,1.07,86.29
"2108",1990-11-05,"1990",1991,36,16,1.35714285714286,1.07,87.36
"2109",1990-11-06,"1990",1991,37,16,1,1.07,88.43
"2110",1990-11-07,"1990",1991,38,16.2857142857143,1.14285714285714,1.07,89.5
"2111",1990-11-08,"1990",1991,39,16.5714285714286,1.28571428571429,1.07,90.57
"2112",1990-11-09,"1990",1991,40,16.8571428571429,1.42857142857143,1.07,91.6399999999999
"2113",1990-11-10,"1990",1991,41,17.1428571428571,1.57142857142857,1.07,92.7099999999999
"2114",1990-11-11,"1990",1991,42,17.4285714285714,1.71428571428571,1.07,93.7799999999999
"2115",1990-11-12,"1990",1991,43,17.7142857142857,1.85714285714286,1.07,94.8499999999999
"2116",1990-11-13,"1990",1991,44,18,2,1.07,95.9199999999999
"2117",1990-11-14,"1990",1991,45,17.8571428571429,2,1.07,96.9899999999999
"2118",1990-11-15,"1990",1991,46,17.7142857142857,2,1.07,98.0599999999999
"2119",1990-11-16,"1990",1991,47,17.5714285714286,2,1.07,99.1299999999999
"2120",1990-11-17,"1990",1991,48,17.4285714285714,2,1.07,100.2
"2121",1990-11-18,"1990",1991,49,17.2857142857143,2,1.07,101.27
"2122",1990-11-19,"1990",1991,50,17.1428571428571,2,1.07,102.34
"2123",1990-11-20,"1990",1991,51,17,2,1.07,103.41
"2124",1990-11-21,"1990",1991,52,NA,NA,1.07,104.48
"2125",1990-11-22,"1990",1991,53,NA,NA,1.07,105.55
"2126",1990-11-23,"1990",1991,54,NA,NA,1.07,106.62
"2127",1990-11-24,"1990",1991,55,NA,NA,1.07,107.69
"2128",1990-11-25,"1990",1991,56,NA,NA,1.07,108.76
"2129",1990-11-26,"1990",1991,57,NA,NA,1.07,109.83
"2130",1990-11-27,"1990",1991,58,NA,NA,1.07,110.9
"2131",1990-11-28,"1990",1991,59,NA,NA,1.07,111.97
"2132",1990-11-29,"1990",1991,60,NA,NA,1.07,113.04
"2133",1990-11-30,"1990",1991,61,NA,NA,0.36,113.4
"2134",1990-12-01,"1990",1991,62,NA,NA,0.36,113.76
"2135",1990-12-02,"1990",1991,63,NA,NA,0.36,114.12
"2136",1990-12-03,"1990",1991,64,NA,NA,0.36,114.48
"2137",1990-12-04,"1990",1991,65,21,1,0.36,114.84
"2138",1990-12-05,"1990",1991,66,21.1428571428571,1,0.36,115.2
"2139",1990-12-06,"1990",1991,67,21.2857142857143,1,0.36,115.56
"2140",1990-12-07,"1990",1991,68,21.4285714285714,1,0.36,115.92
"2141",1990-12-08,"1990",1991,69,21.5714285714286,1,0.36,116.28
"2142",1990-12-09,"1990",1991,70,21.7142857142857,1,0.36,116.64
"2143",1990-12-10,"1990",1991,71,21.8571428571429,1,0.36,117
"2144",1990-12-11,"1990",1991,72,22,1,0.36,117.36
"2145",1990-12-12,"1990",1991,73,NA,NA,0.36,117.72
"2146",1990-12-13,"1990",1991,74,NA,NA,0.36,118.08
"2147",1990-12-14,"1990",1991,75,NA,NA,0.36,118.44
"2148",1990-12-15,"1990",1991,76,NA,NA,0.36,118.8
"2149",1990-12-16,"1990",1991,77,NA,NA,0.36,119.16
"2150",1990-12-17,"1990",1991,78,NA,NA,0.36,119.52
"2151",1990-12-18,"1990",1991,79,NA,NA,0.36,119.88
"2152",1990-12-19,"1990",1991,80,NA,NA,0.36,120.24
"2153",1990-12-20,"1990",1991,81,NA,NA,0.36,120.6
"2154",1990-12-21,"1990",1991,82,NA,NA,0.36,120.96
"2155",1990-12-22,"1990",1991,83,NA,NA,0.36,121.32
"2156",1990-12-23,"1990",1991,84,NA,NA,0.36,121.68
"2157",1990-12-24,"1990",1991,85,NA,NA,0.36,122.04
"2158",1990-12-25,"1990",1991,86,NA,NA,0.36,122.4
"2159",1990-12-26,"1990",1991,87,NA,NA,0.36,122.76
"2160",1990-12-27,"1990",1991,88,NA,NA,0.36,123.12
"2161",1990-12-28,"1990",1991,89,NA,NA,0.36,123.48
"2162",1990-12-29,"1990",1991,90,NA,NA,0.36,123.84
"2163",1990-12-30,"1990",1991,91,NA,NA,0.36,124.2
"2164",1990-12-31,"1990",1991,92,NA,NA,0.01,124.21
"2165",1991-01-01,"1991",1991,93,NA,NA,0.01,124.22
"2166",1991-01-02,"1991",1991,94,25,1,0.01,124.23
"2167",1991-01-03,"1991",1991,95,24.6666666666667,0.916666666666667,0.01,124.24
"2168",1991-01-04,"1991",1991,96,24.3333333333333,0.833333333333333,0.01,124.25
"2169",1991-01-05,"1991",1991,97,24,0.75,0.01,124.26
"2170",1991-01-06,"1991",1991,98,23.6666666666667,0.666666666666667,0.01,124.27
"2171",1991-01-07,"1991",1991,99,23.3333333333333,0.583333333333333,0.01,124.28
"2172",1991-01-08,"1991",1991,100,23,0.5,0.01,124.29
"2173",1991-01-09,"1991",1991,101,23.0714285714286,0.5,0.01,124.3
"2174",1991-01-10,"1991",1991,102,23.1428571428571,0.5,0.01,124.31
"2175",1991-01-11,"1991",1991,103,23.2142857142857,0.5,0.01,124.32
"2176",1991-01-12,"1991",1991,104,23.2857142857143,0.5,0.01,124.33
"2177",1991-01-13,"1991",1991,105,23.3571428571429,0.5,0.01,124.34
"2178",1991-01-14,"1991",1991,106,23.4285714285714,0.5,0.01,124.35
"2179",1991-01-15,"1991",1991,107,23.5,0.5,0.01,124.36
"2180",1991-01-16,"1991",1991,108,23.2857142857143,0.5,0.01,124.37
"2181",1991-01-17,"1991",1991,109,23.0714285714286,0.5,0.01,124.38
"2182",1991-01-18,"1991",1991,110,22.8571428571429,0.5,0.01,124.39
"2183",1991-01-19,"1991",1991,111,22.6428571428571,0.5,0.01,124.4
"2184",1991-01-20,"1991",1991,112,22.4285714285714,0.5,0.01,124.41
"2185",1991-01-21,"1991",1991,113,22.2142857142857,0.5,0.01,124.42
"2186",1991-01-22,"1991",1991,114,22,0.5,0.01,124.43
"2187",1991-01-23,"1991",1991,115,22.1428571428571,0.5,0.01,124.44
"2188",1991-01-24,"1991",1991,116,22.2857142857143,0.5,0.01,124.45
"2189",1991-01-25,"1991",1991,117,22.4285714285714,0.5,0.01,124.46
"2190",1991-01-26,"1991",1991,118,22.5714285714286,0.5,0.01,124.47
"2191",1991-01-27,"1991",1991,119,22.7142857142857,0.5,0.01,124.48
"2192",1991-01-28,"1991",1991,120,22.8571428571429,0.5,0.01,124.49
"2193",1991-01-29,"1991",1991,121,23,0.5,0.01,124.5
"2194",1991-01-30,"1991",1991,122,NA,NA,0.01,124.51
"2195",1991-01-31,"1991",1991,123,NA,NA,0.01,124.52
"2196",1991-02-01,"1991",1991,124,NA,NA,0.01,124.53
"2197",1991-02-02,"1991",1991,125,NA,NA,0.01,124.54
"2198",1991-02-03,"1991",1991,126,NA,NA,0.01,124.55
"2199",1991-02-04,"1991",1991,127,NA,NA,0.01,124.56
"2200",1991-02-05,"1991",1991,128,NA,NA,0.01,124.57
"2201",1991-02-06,"1991",1991,129,NA,NA,0.01,124.58
"2202",1991-02-07,"1991",1991,130,NA,NA,0.01,124.59
"2203",1991-02-08,"1991",1991,131,NA,NA,0.01,124.6
"2204",1991-02-09,"1991",1991,132,NA,NA,0.01,124.61
"2205",1991-02-10,"1991",1991,133,NA,NA,0.01,124.62
"2206",1991-02-11,"1991",1991,134,NA,NA,0.01,124.63
"2207",1991-02-12,"1991",1991,135,21,0.5,0.01,124.64
"2208",1991-02-13,"1991",1991,136,NA,NA,0.01,124.65
"2209",1991-02-14,"1991",1991,137,NA,NA,0.01,124.66
"2210",1991-02-15,"1991",1991,138,NA,NA,0.01,124.67
"2211",1991-02-16,"1991",1991,139,NA,NA,0.01,124.68
"2212",1991-02-17,"1991",1991,140,NA,NA,0.01,124.69
"2213",1991-02-18,"1991",1991,141,NA,NA,0.01,124.7
"2214",1991-02-19,"1991",1991,142,NA,NA,0.01,124.71
"2215",1991-02-20,"1991",1991,143,NA,NA,0.01,124.72
"2216",1991-02-21,"1991",1991,144,NA,NA,0.01,124.73
"2217",1991-02-22,"1991",1991,145,NA,NA,0.01,124.74
"2218",1991-02-23,"1991",1991,146,NA,NA,0.01,124.75
"2219",1991-02-24,"1991",1991,147,NA,NA,0.01,124.76
"2220",1991-02-25,"1991",1991,148,NA,NA,0.01,124.77
"2221",1991-02-26,"1991",1991,149,21,0.5,0.01,124.78
"2222",1991-02-27,"1991",1991,150,20.8571428571429,0.5,0.01,124.79
"2223",1991-02-28,"1991",1991,151,20.7142857142857,0.5,0.36,125.15
"2224",1991-03-01,"1991",1991,152,20.5714285714286,0.5,0.36,125.51
"2225",1991-03-02,"1991",1991,153,20.4285714285714,0.5,0.36,125.87
"2226",1991-03-03,"1991",1991,154,20.2857142857143,0.5,0.36,126.23
"2227",1991-03-04,"1991",1991,155,20.1428571428571,0.5,0.36,126.59
"2228",1991-03-05,"1991",1991,156,20,0.5,0.36,126.95
"2229",1991-03-06,"1991",1991,157,20,0.5,0.36,127.31
"2230",1991-03-07,"1991",1991,158,20,0.5,0.36,127.67
"2231",1991-03-08,"1991",1991,159,20,0.5,0.36,128.03
"2232",1991-03-09,"1991",1991,160,20,0.5,0.36,128.39
"2233",1991-03-10,"1991",1991,161,20,0.5,0.36,128.75
"2234",1991-03-11,"1991",1991,162,20,0.5,0.36,129.11
"2235",1991-03-12,"1991",1991,163,20,0.5,0.36,129.47
"2236",1991-03-13,"1991",1991,164,20,0.5,0.36,129.83
"2237",1991-03-14,"1991",1991,165,20,0.5,0.36,130.19
"2238",1991-03-15,"1991",1991,166,20,0.5,0.36,130.55
"2239",1991-03-16,"1991",1991,167,20,0.5,0.36,130.91
"2240",1991-03-17,"1991",1991,168,20,0.5,0.36,131.27
"2241",1991-03-18,"1991",1991,169,20,0.5,0.36,131.63
"2242",1991-03-19,"1991",1991,170,20,0.5,0.36,131.99
"2243",1991-03-20,"1991",1991,171,19.5714285714286,0.571428571428571,0.36,132.35
"2244",1991-03-21,"1991",1991,172,19.1428571428571,0.642857142857143,0.36,132.71
"2245",1991-03-22,"1991",1991,173,18.7142857142857,0.714285714285714,0.36,133.07
"2246",1991-03-23,"1991",1991,174,18.2857142857143,0.785714285714286,0.36,133.43
"2247",1991-03-24,"1991",1991,175,17.8571428571429,0.857142857142857,0.36,133.79
"2248",1991-03-25,"1991",1991,176,17.4285714285714,0.928571428571429,0.36,134.15
"2249",1991-03-26,"1991",1991,177,17,1,0.36,134.51
"2250",1991-03-27,"1991",1991,178,17.1428571428571,1,0.36,134.87
"2251",1991-03-28,"1991",1991,179,17.2857142857143,1,0.36,135.23
"2252",1991-03-29,"1991",1991,180,17.4285714285714,1,0.36,135.59
"2253",1991-03-30,"1991",1991,181,17.5714285714286,1,0.36,135.95
"2254",1991-03-31,"1991",1991,182,17.7142857142857,1,1.07,137.02
"2255",1991-04-01,"1991",1991,183,17.8571428571429,1,1.07,138.09
"2256",1991-04-02,"1991",1991,184,18,1,1.07,139.16
"2257",1991-04-03,"1991",1991,185,NA,1,1.07,140.23
"2258",1991-04-04,"1991",1991,186,NA,1,1.07,141.3
"2259",1991-04-05,"1991",1991,187,NA,1,1.07,142.37
"2260",1991-04-06,"1991",1991,188,NA,1,1.07,143.44
"2261",1991-04-07,"1991",1991,189,NA,1,1.07,144.51
"2262",1991-04-08,"1991",1991,190,NA,1,1.07,145.58
"2263",1991-04-09,"1991",1991,191,NA,1,1.07,146.65
"2264",1991-04-10,"1991",1991,192,NA,1,1.07,147.72
"2265",1991-04-11,"1991",1991,193,NA,1,1.07,148.79
"2266",1991-04-12,"1991",1991,194,NA,1,1.07,149.86
"2267",1991-04-13,"1991",1991,195,NA,1,1.07,150.93
"2268",1991-04-14,"1991",1991,196,NA,1,1.07,152
"2269",1991-04-15,"1991",1991,197,NA,1,1.07,153.07
"2270",1991-04-16,"1991",1991,198,16,1,1.07,154.14
"2271",1991-04-17,"1991",1991,199,15.7142857142857,1,1.07,155.21
"2272",1991-04-18,"1991",1991,200,15.4285714285714,1,1.07,156.28
"2273",1991-04-19,"1991",1991,201,15.1428571428571,1,1.07,157.35
"2274",1991-04-20,"1991",1991,202,14.8571428571429,1,1.07,158.42
"2275",1991-04-21,"1991",1991,203,14.5714285714286,1,1.07,159.49
"2276",1991-04-22,"1991",1991,204,14.2857142857143,1,1.07,160.56
"2277",1991-04-23,"1991",1991,205,14,1,1.07,161.63
"2278",1991-04-24,"1991",1991,206,14.1428571428571,1,1.07,162.7
"2279",1991-04-25,"1991",1991,207,14.2857142857143,1,1.07,163.77
"2280",1991-04-26,"1991",1991,208,14.4285714285714,1,1.07,164.84
"2281",1991-04-27,"1991",1991,209,14.5714285714286,1,1.07,165.91
"2282",1991-04-28,"1991",1991,210,14.7142857142857,1,1.07,166.98
"2283",1991-04-29,"1991",1991,211,14.8571428571429,1,1.07,168.05
"2284",1991-04-30,"1991",1991,212,15,1,1.07,169.12
"2285",1991-05-01,"1991",1991,213,15.0714285714286,1.1,1.07,170.19
"2286",1991-05-02,"1991",1991,214,15.1428571428571,1.2,1.07,171.26
"2287",1991-05-03,"1991",1991,215,15.2142857142857,1.3,1.07,172.33
"2288",1991-05-04,"1991",1991,216,15.2857142857143,1.4,1.07,173.4
"2289",1991-05-05,"1991",1991,217,15.3571428571429,1.5,1.07,174.47
"2290",1991-05-06,"1991",1991,218,15.4285714285714,1.6,1.07,175.54
"2291",1991-05-07,"1991",1991,219,15.5,1.7,1.07,176.61
"2292",1991-05-08,"1991",1991,220,14.5714285714286,2.02857142857143,1.07,177.68
"2293",1991-05-09,"1991",1991,221,13.6428571428571,2.35714285714286,1.19,178.87
"2294",1991-05-10,"1991",1991,222,12.7142857142857,2.68571428571429,3.31,182.18
"2295",1991-05-11,"1991",1991,223,11.7857142857143,3.01428571428571,5.81,187.99
"2296",1991-05-12,"1991",1991,224,10.8571428571429,3.34285714285714,5.48,193.47
"2297",1991-05-13,"1991",1991,225,9.92857142857143,3.67142857142857,5.21,198.68
"2298",1991-05-14,"1991",1991,226,9,4,4.81,203.49
"2299",1991-05-15,"1991",1991,227,9.85714285714286,3.85714285714286,3.81,207.3
"2300",1991-05-16,"1991",1991,228,10.7142857142857,3.71428571428571,2.96,210.26
"2301",1991-05-17,"1991",1991,229,11.5714285714286,3.57142857142857,5.3,215.56
"2302",1991-05-18,"1991",1991,230,12.4285714285714,3.42857142857143,15.4,230.96
"2303",1991-05-19,"1991",1991,231,13.2857142857143,3.28571428571429,15,245.96
"2304",1991-05-20,"1991",1991,232,14.1428571428571,3.14285714285714,13.1,259.06
"2305",1991-05-21,"1991",1991,233,15,3,16.9,275.96
"2306",1991-05-22,"1991",1991,234,15,3.6,18.2,294.16
"2307",1991-05-23,"1991",1991,235,15,4.2,13.4,307.56
"2308",1991-05-24,"1991",1991,236,15,4.8,11.8,319.36
"2309",1991-05-25,"1991",1991,237,15,5.4,15,334.36
"2310",1991-05-26,"1991",1991,238,15,6,15.9,350.26
"2311",1991-05-27,"1991",1991,239,15,6.6,15.7,365.96
"2312",1991-05-28,"1991",1991,240,15,7.2,13.9,379.86
"2313",1991-05-29,"1991",1991,241,14,6.88571428571429,12.6,392.46
"2314",1991-05-30,"1991",1991,242,13,6.57142857142857,11.1,403.56
"2315",1991-05-31,"1991",1991,243,12,6.25714285714286,28.8,432.36
"2316",1991-06-01,"1991",1991,244,11,5.94285714285714,47.2,479.56
"2317",1991-06-02,"1991",1991,245,10,5.62857142857143,35.4,514.96
"2318",1991-06-03,"1991",1991,246,9,5.31428571428571,24.1,539.06
"2319",1991-06-04,"1991",1991,247,8,5,21.4,560.46
"2320",1991-06-05,"1991",1991,248,8.85714285714286,5.47142857142857,26,586.46
"2321",1991-06-06,"1991",1991,249,9.71428571428571,5.94285714285714,31.7,618.16
"2322",1991-06-07,"1991",1991,250,10.5714285714286,6.41428571428571,30,648.16
"2323",1991-06-08,"1991",1991,251,11.4285714285714,6.88571428571429,33.1,681.26
"2324",1991-06-09,"1991",1991,252,12.2857142857143,7.35714285714286,25.7,706.96
"2325",1991-06-10,"1991",1991,253,13.1428571428571,7.82857142857143,22.4,729.36
"2326",1991-06-11,"1991",1991,254,14,8.3,23.4,752.76
"2327",1991-06-12,"1991",1991,255,13.5714285714286,8.45714285714286,26.3,779.06
"2328",1991-06-13,"1991",1991,256,13.1428571428571,8.61428571428572,26.1,805.16
"2329",1991-06-14,"1991",1991,257,12.7142857142857,8.77142857142857,29.7,834.86
"2330",1991-06-15,"1991",1991,258,12.2857142857143,8.92857142857143,24.5,859.36
"2331",1991-06-16,"1991",1991,259,11.8571428571429,9.08571428571429,21.1,880.46
"2332",1991-06-17,"1991",1991,260,11.4285714285714,9.24285714285714,20.3,900.76
"2333",1991-06-18,"1991",1991,261,11,9.4,18.8,919.56
"2334",1991-06-19,"1991",1991,262,11,9.17142857142857,18.6,938.16
"2335",1991-06-20,"1991",1991,263,11,8.94285714285714,18.5,956.66
"2336",1991-06-21,"1991",1991,264,11,8.71428571428572,19.4,976.06
"2337",1991-06-22,"1991",1991,265,11,8.48571428571429,18.1,994.16
"2338",1991-06-23,"1991",1991,266,11,8.25714285714286,15.5,1009.66
"2339",1991-06-24,"1991",1991,267,11,8.02857142857143,15.2,1024.86
"2340",1991-06-25,"1991",1991,268,11,7.8,15.9,1040.76
"2341",1991-06-26,"1991",1991,269,10.8571428571429,8.02857142857143,14.1,1054.86
"2342",1991-06-27,"1991",1991,270,10.7142857142857,8.25714285714286,13.6,1068.46
"2343",1991-06-28,"1991",1991,271,10.5714285714286,8.48571428571429,16.9,1085.36
"2344",1991-06-29,"1991",1991,272,10.4285714285714,8.71428571428572,19.1,1104.46
"2345",1991-06-30,"1991",1991,273,10.2857142857143,8.94285714285714,17.4,1121.86
"2346",1991-07-01,"1991",1991,274,10.1428571428571,9.17142857142857,14.8,1136.66
"2347",1991-07-02,"1991",1991,275,10,9.4,15,1151.66
"2348",1991-07-03,"1991",1991,276,9.14285714285714,NA,15.2,1166.86
"2349",1991-07-04,"1991",1991,277,8.28571428571429,NA,14.3,1181.16
"2350",1991-07-05,"1991",1991,278,7.42857142857143,NA,13.7,1194.86
"2351",1991-07-06,"1991",1991,279,6.57142857142857,NA,13.3,1208.16
"2352",1991-07-07,"1991",1991,280,5.71428571428571,NA,13.6,1221.76
"2353",1991-07-08,"1991",1991,281,4.85714285714286,NA,15.1,1236.86
"2354",1991-07-09,"1991",1991,282,4,NA,15.6,1252.46
"2355",1991-07-10,"1991",1991,283,4.85714285714286,NA,14.4,1266.86
"2356",1991-07-11,"1991",1991,284,5.71428571428571,NA,13.5,1280.36
"2357",1991-07-12,"1991",1991,285,6.57142857142857,NA,13,1293.36
"2358",1991-07-13,"1991",1991,286,7.42857142857143,NA,12.6,1305.96
"2359",1991-07-14,"1991",1991,287,8.28571428571428,NA,12.1,1318.06
"2360",1991-07-15,"1991",1991,288,9.14285714285714,NA,12.3,1330.36
"2361",1991-07-16,"1991",1991,289,10,NA,12.1,1342.46
"2362",1991-07-17,"1991",1991,290,9.85714285714286,NA,12.2,1354.66
"2363",1991-07-18,"1991",1991,291,9.71428571428571,NA,12.7,1367.36
"2364",1991-07-19,"1991",1991,292,9.57142857142857,NA,12.5,1379.86
"2365",1991-07-20,"1991",1991,293,9.42857142857143,NA,12.3,1392.16
"2366",1991-07-21,"1991",1991,294,9.28571428571429,NA,12.3,1404.46
"2367",1991-07-22,"1991",1991,295,9.14285714285714,NA,16.8,1421.26
"2368",1991-07-23,"1991",1991,296,9,8.9,19.8,1441.06
"2369",1991-07-24,"1991",1991,297,9.35714285714286,NA,24.6,1465.66
"2370",1991-07-25,"1991",1991,298,9.71428571428571,NA,16.9,1482.56
"2371",1991-07-26,"1991",1991,299,10.0714285714286,NA,13.9,1496.46
"2372",1991-07-27,"1991",1991,300,10.4285714285714,NA,12.6,1509.06
"2373",1991-07-28,"1991",1991,301,10.7857142857143,NA,12.1,1521.16
"2374",1991-07-29,"1991",1991,302,11.1428571428571,NA,11,1532.16
"2375",1991-07-30,"1991",1991,303,11.5,NA,10.6,1542.76
"2376",1991-07-31,"1991",1991,304,10.6428571428571,NA,11,1553.76
"2377",1991-08-01,"1991",1991,305,9.78571428571429,NA,12.7,1566.46
"2378",1991-08-02,"1991",1991,306,8.92857142857143,NA,12.3,1578.76
"2379",1991-08-03,"1991",1991,307,8.07142857142857,NA,12.7,1591.46
"2380",1991-08-04,"1991",1991,308,7.21428571428571,NA,12.3,1603.76
"2381",1991-08-05,"1991",1991,309,6.35714285714286,NA,12,1615.76
"2382",1991-08-06,"1991",1991,310,5.5,NA,13.2,1628.96
"2383",1991-08-07,"1991",1991,311,NA,NA,13,1641.96
"2384",1991-08-08,"1991",1991,312,NA,NA,11.8,1653.76
"2385",1991-08-09,"1991",1991,313,NA,NA,11,1664.76
"2386",1991-08-10,"1991",1991,314,NA,NA,9.95,1674.71
"2387",1991-08-11,"1991",1991,315,NA,NA,9.96,1684.67
"2388",1991-08-12,"1991",1991,316,NA,NA,11,1695.67
"2389",1991-08-13,"1991",1991,317,NA,NA,11.4,1707.07
"2390",1991-08-14,"1991",1991,318,NA,NA,10.5,1717.57
"2391",1991-08-15,"1991",1991,319,NA,NA,10.2,1727.77
"2392",1991-08-16,"1991",1991,320,NA,NA,10.6,1738.37
"2393",1991-08-17,"1991",1991,321,NA,NA,9.84,1748.21
"2394",1991-08-18,"1991",1991,322,NA,NA,9.75,1757.96
"2395",1991-08-19,"1991",1991,323,NA,NA,10.8,1768.76
"2396",1991-08-20,"1991",1991,324,11,10,10.6,1779.36
"2397",1991-08-21,"1991",1991,325,11.1428571428571,10.3285714285714,9.72,1789.08
"2398",1991-08-22,"1991",1991,326,11.2857142857143,10.6571428571429,9.04,1798.12
"2399",1991-08-23,"1991",1991,327,11.4285714285714,10.9857142857143,8.52,1806.64
"2400",1991-08-24,"1991",1991,328,11.5714285714286,11.3142857142857,8.27,1814.91
"2401",1991-08-25,"1991",1991,329,11.7142857142857,11.6428571428571,8.31,1823.22
"2402",1991-08-26,"1991",1991,330,11.8571428571429,11.9714285714286,8.31,1831.53
"2403",1991-08-27,"1991",1991,331,12,12.3,8.4,1839.93
"2404",1991-08-28,"1991",1991,332,12,NA,8.4,1848.33
"2405",1991-08-29,"1991",1991,333,12,NA,7.79,1856.12
"2406",1991-08-30,"1991",1991,334,12,NA,7.17,1863.29
"2407",1991-08-31,"1991",1991,335,12,NA,6.59,1869.88
"2408",1991-09-01,"1991",1991,336,12,NA,6.5,1876.38
"2409",1991-09-02,"1991",1991,337,12,NA,6.5,1882.88
"2410",1991-09-03,"1991",1991,338,12,NA,6.48,1889.36
"2411",1991-09-04,"1991",1991,339,11.1428571428571,NA,6,1895.36
"2412",1991-09-05,"1991",1991,340,10.2857142857143,NA,5.79,1901.15
"2413",1991-09-06,"1991",1991,341,9.42857142857143,NA,5.79,1906.94
"2414",1991-09-07,"1991",1991,342,8.57142857142857,NA,6.11,1913.05
"2415",1991-09-08,"1991",1991,343,7.71428571428571,NA,6.5,1919.55
"2416",1991-09-09,"1991",1991,344,6.85714285714286,NA,6.31,1925.86
"2417",1991-09-10,"1991",1991,345,6,NA,6.14,1932
"2418",1991-09-11,"1991",1991,346,7.28571428571429,NA,5.81,1937.81
"2419",1991-09-12,"1991",1991,347,8.57142857142857,NA,5.31,1943.12
"2420",1991-09-13,"1991",1991,348,9.85714285714286,NA,5,1948.12
"2421",1991-09-14,"1991",1991,349,11.1428571428571,NA,4.56,1952.68
"2422",1991-09-15,"1991",1991,350,12.4285714285714,NA,4.22,1956.9
"2423",1991-09-16,"1991",1991,351,13.7142857142857,NA,4.18,1961.08
"2424",1991-09-17,"1991",1991,352,15,6.5,3.98,1965.06
"2425",1991-09-18,"1991",1991,353,15,6.625,3.69,1968.75
"2426",1991-09-19,"1991",1991,354,15,6.75,3.53,1972.28
"2427",1991-09-20,"1991",1991,355,15,6.875,3.47,1975.75
"2428",1991-09-21,"1991",1991,356,15,7,3.39,1979.14
"2429",1991-09-22,"1991",1991,357,15,7.125,3.15,1982.29
"2430",1991-09-23,"1991",1991,358,15,7.25,2.5,1984.79
"2431",1991-09-24,"1991",1991,359,15,7.375,2.46,1987.25
"2432",1991-10-01,"1991",1992,1,14,7.5,2.09,2.09
"2433",1991-10-02,"1991",1992,2,14,7.14285714285714,2.09,4.18
"2434",1991-10-03,"1991",1992,3,14,6.78571428571429,1.9,6.08
"2435",1991-10-04,"1991",1992,4,14,6.42857142857143,1.78,7.86
"2436",1991-10-05,"1991",1992,5,14,6.07142857142857,1.79,9.65
"2437",1991-10-06,"1991",1992,6,14,5.71428571428571,1.79,11.44
"2438",1991-10-07,"1991",1992,7,14,5.35714285714286,1.79,13.23
"2439",1991-10-08,"1991",1992,8,14,5,1.68,14.91
"2440",1991-10-09,"1991",1992,9,13.5238095238095,NA,1.55,16.46
"2441",1991-10-10,"1991",1992,10,13.047619047619,NA,1.63,18.09
"2442",1991-10-11,"1991",1992,11,12.5714285714286,NA,1.58,19.67
"2443",1991-10-12,"1991",1992,12,12.0952380952381,NA,1.52,21.19
"2444",1991-10-13,"1991",1992,13,11.6190476190476,NA,1.47,22.66
"2445",1991-10-14,"1991",1992,14,11.1428571428571,NA,1.35,24.01
"2446",1991-10-15,"1991",1992,15,10.6666666666667,NA,1.25,25.26
"2447",1991-10-16,"1991",1992,16,11,NA,1.21,26.47
"2448",1991-10-17,"1991",1992,17,11.3333333333333,NA,1.21,27.68
"2449",1991-10-18,"1991",1992,18,11.6666666666667,NA,1.21,28.89
"2450",1991-10-19,"1991",1992,19,12,NA,1.21,30.1
"2451",1991-10-20,"1991",1992,20,12.3333333333333,NA,1.12,31.22
"2452",1991-10-21,"1991",1992,21,12.6666666666667,NA,1.12,32.34
"2453",1991-10-22,"1991",1992,22,13,3.5,1.17,33.51
"2454",1991-10-23,"1991",1992,23,13,NA,1.17,34.68
"2455",1991-10-24,"1991",1992,24,13,NA,1.21,35.89
"2456",1991-10-25,"1991",1992,25,13,NA,1.26,37.15
"2457",1991-10-26,"1991",1992,26,13,NA,1.26,38.41
"2458",1991-10-27,"1991",1992,27,13,NA,1.26,39.67
"2459",1991-10-28,"1991",1992,28,13,NA,1.31,40.98
"2460",1991-10-29,"1991",1992,29,13,NA,1.45,42.43
"2461",1991-10-30,"1991",1992,30,13.3571428571429,NA,1.21,43.64
"2462",1991-10-31,"1991",1992,31,13.7142857142857,NA,1.07,44.71
"2463",1991-11-01,"1991",1992,32,14.0714285714286,NA,1.07,45.78
"2464",1991-11-02,"1991",1992,33,14.4285714285714,NA,1.07,46.85
"2465",1991-11-03,"1991",1992,34,14.7857142857143,NA,1.07,47.92
"2466",1991-11-04,"1991",1992,35,15.1428571428571,NA,1.07,48.99
"2467",1991-11-05,"1991",1992,36,15.5,NA,1.07,50.06
"2468",1991-11-06,"1991",1992,37,14.4285714285714,NA,1.07,51.13
"2469",1991-11-07,"1991",1992,38,13.3571428571429,NA,1.07,52.2
"2470",1991-11-08,"1991",1992,39,12.2857142857143,NA,1.07,53.27
"2471",1991-11-09,"1991",1992,40,11.2142857142857,NA,1.07,54.34
"2472",1991-11-10,"1991",1992,41,10.1428571428571,NA,1.07,55.41
"2473",1991-11-11,"1991",1992,42,9.07142857142857,NA,1.07,56.48
"2474",1991-11-12,"1991",1992,43,8,NA,1.07,57.55
"2475",1991-11-13,"1991",1992,44,9.14285714285714,NA,1.07,58.62
"2476",1991-11-14,"1991",1992,45,10.2857142857143,NA,1.07,59.69
"2477",1991-11-15,"1991",1992,46,11.4285714285714,NA,1.07,60.76
"2478",1991-11-16,"1991",1992,47,12.5714285714286,NA,1.07,61.83
"2479",1991-11-17,"1991",1992,48,13.7142857142857,NA,1.07,62.9
"2480",1991-11-18,"1991",1992,49,14.8571428571429,NA,1.07,63.97
"2481",1991-11-19,"1991",1992,50,16,NA,1.07,65.04
"2482",1991-11-20,"1991",1992,51,16.5714285714286,NA,1.07,66.11
"2483",1991-11-21,"1991",1992,52,17.1428571428571,NA,1.07,67.18
"2484",1991-11-22,"1991",1992,53,17.7142857142857,NA,1.07,68.25
"2485",1991-11-23,"1991",1992,54,18.2857142857143,NA,1.07,69.32
"2486",1991-11-24,"1991",1992,55,18.8571428571429,NA,1.07,70.39
"2487",1991-11-25,"1991",1992,56,19.4285714285714,NA,1.07,71.46
"2488",1991-11-26,"1991",1992,57,20,NA,1.07,72.53
"2489",1991-11-27,"1991",1992,58,19.8571428571429,NA,1.07,73.6
"2490",1991-11-28,"1991",1992,59,19.7142857142857,NA,1.07,74.67
"2491",1991-11-29,"1991",1992,60,19.5714285714286,NA,1.07,75.7399999999999
"2492",1991-11-30,"1991",1992,61,19.4285714285714,NA,0.36,76.0999999999999
"2493",1991-12-01,"1991",1992,62,19.2857142857143,NA,0.36,76.4599999999999
"2494",1991-12-02,"1991",1992,63,19.1428571428571,NA,0.36,76.8199999999999
"2495",1991-12-03,"1991",1992,64,19,NA,0.36,77.1799999999999
"2496",1991-12-04,"1991",1992,65,19.4285714285714,NA,0.36,77.5399999999999
"2497",1991-12-05,"1991",1992,66,19.8571428571429,NA,0.36,77.8999999999999
"2498",1991-12-06,"1991",1992,67,20.2857142857143,NA,0.36,78.2599999999999
"2499",1991-12-07,"1991",1992,68,20.7142857142857,NA,0.36,78.6199999999999
"2500",1991-12-08,"1991",1992,69,21.1428571428571,NA,0.36,78.9799999999999
"2501",1991-12-09,"1991",1992,70,21.5714285714286,NA,0.36,79.3399999999999
"2502",1991-12-10,"1991",1992,71,22,NA,0.36,79.6999999999999
"2503",1991-12-11,"1991",1992,72,22,NA,0.36,80.0599999999999
"2504",1991-12-12,"1991",1992,73,22,NA,0.36,80.4199999999999
"2505",1991-12-13,"1991",1992,74,22,NA,0.36,80.7799999999999
"2506",1991-12-14,"1991",1992,75,22,NA,0.36,81.1399999999999
"2507",1991-12-15,"1991",1992,76,22,NA,0.36,81.4999999999999
"2508",1991-12-16,"1991",1992,77,22,NA,0.36,81.8599999999999
"2509",1991-12-17,"1991",1992,78,22,0.5,0.36,82.2199999999999
"2510",1991-12-18,"1991",1992,79,21.7142857142857,0.428571428571429,0.36,82.5799999999999
"2511",1991-12-19,"1991",1992,80,21.4285714285714,0.357142857142857,0.36,82.9399999999999
"2512",1991-12-20,"1991",1992,81,21.1428571428571,0.285714285714286,0.36,83.2999999999999
"2513",1991-12-21,"1991",1992,82,20.8571428571429,0.214285714285714,0.36,83.6599999999999
"2514",1991-12-22,"1991",1992,83,20.5714285714286,0.142857142857143,0.36,84.0199999999999
"2515",1991-12-23,"1991",1992,84,20.2857142857143,0.0714285714285715,0.36,84.3799999999999
"2516",1991-12-24,"1991",1992,85,20,0,0.36,84.7399999999999
"2517",1991-12-25,"1991",1992,86,20.2857142857143,NA,0.36,85.0999999999999
"2518",1991-12-26,"1991",1992,87,20.5714285714286,NA,0.36,85.4599999999999
"2519",1991-12-27,"1991",1992,88,20.8571428571429,NA,0.36,85.8199999999999
"2520",1991-12-28,"1991",1992,89,21.1428571428571,NA,0.36,86.1799999999999
"2521",1991-12-29,"1991",1992,90,21.4285714285714,NA,0.36,86.5399999999999
"2522",1991-12-30,"1991",1992,91,21.7142857142857,NA,0.36,86.8999999999999
"2523",1991-12-31,"1991",1992,92,22,NA,0.01,86.9099999999999
"2524",1992-01-01,"1992",1992,93,21.9285714285714,NA,0.01,86.9199999999999
"2525",1992-01-02,"1992",1992,94,21.8571428571429,NA,0.01,86.9299999999999
"2526",1992-01-03,"1992",1992,95,21.7857142857143,NA,0.01,86.9399999999999
"2527",1992-01-04,"1992",1992,96,21.7142857142857,NA,0.01,86.95
"2528",1992-01-05,"1992",1992,97,21.6428571428571,NA,0.01,86.96
"2529",1992-01-06,"1992",1992,98,21.5714285714286,NA,0.01,86.97
"2530",1992-01-07,"1992",1992,99,21.5,0,0.01,86.98
"2531",1992-01-08,"1992",1992,100,21.8571428571429,NA,0.01,86.99
"2532",1992-01-09,"1992",1992,101,22.2142857142857,NA,0.01,87
"2533",1992-01-10,"1992",1992,102,22.5714285714286,NA,0.01,87.01
"2534",1992-01-11,"1992",1992,103,22.9285714285714,NA,0.01,87.02
"2535",1992-01-12,"1992",1992,104,23.2857142857143,NA,0.01,87.03
"2536",1992-01-13,"1992",1992,105,23.6428571428571,NA,0.01,87.04
"2537",1992-01-14,"1992",1992,106,24,NA,0.01,87.05
"2538",1992-01-15,"1992",1992,107,24,NA,0.01,87.06
"2539",1992-01-16,"1992",1992,108,24,NA,0.01,87.07
"2540",1992-01-17,"1992",1992,109,24,NA,0.01,87.08
"2541",1992-01-18,"1992",1992,110,24,NA,0.01,87.09
"2542",1992-01-19,"1992",1992,111,24,NA,0.01,87.1
"2543",1992-01-20,"1992",1992,112,24,NA,0.01,87.11
"2544",1992-01-21,"1992",1992,113,24,0,0.01,87.12
"2545",1992-01-22,"1992",1992,114,23.8571428571429,NA,0.01,87.13
"2546",1992-01-23,"1992",1992,115,23.7142857142857,NA,0.01,87.14
"2547",1992-01-24,"1992",1992,116,23.5714285714286,NA,0.01,87.15
"2548",1992-01-25,"1992",1992,117,23.4285714285714,NA,0.01,87.16
"2549",1992-01-26,"1992",1992,118,23.2857142857143,NA,0.01,87.1700000000001
"2550",1992-01-27,"1992",1992,119,23.1428571428571,NA,0.01,87.1800000000001
"2551",1992-01-28,"1992",1992,120,23,NA,0.01,87.1900000000001
"2552",1992-01-29,"1992",1992,121,21.2857142857143,NA,0.01,87.2000000000001
"2553",1992-01-30,"1992",1992,122,19.5714285714286,NA,0.01,87.2100000000001
"2554",1992-01-31,"1992",1992,123,17.8571428571429,NA,0.01,87.2200000000001
"2555",1992-02-01,"1992",1992,124,16.1428571428571,NA,0.01,87.2300000000001
"2556",1992-02-02,"1992",1992,125,14.4285714285714,NA,0.01,87.2400000000001
"2557",1992-02-03,"1992",1992,126,12.7142857142857,NA,0.01,87.2500000000001
"2558",1992-02-04,"1992",1992,127,11,NA,0.01,87.2600000000001
"2559",1992-02-05,"1992",1992,128,12.4285714285714,NA,0.01,87.2700000000001
"2560",1992-02-06,"1992",1992,129,13.8571428571429,NA,0.01,87.2800000000001
"2561",1992-02-07,"1992",1992,130,15.2857142857143,NA,0.01,87.2900000000001
"2562",1992-02-08,"1992",1992,131,16.7142857142857,NA,0.01,87.3000000000001
"2563",1992-02-09,"1992",1992,132,18.1428571428571,NA,0.01,87.3100000000001
"2564",1992-02-10,"1992",1992,133,19.5714285714286,NA,0.01,87.3200000000001
"2565",1992-02-11,"1992",1992,134,21,0,0.01,87.3300000000001
"2566",1992-02-12,"1992",1992,135,20.7142857142857,NA,0.01,87.3400000000001
"2567",1992-02-13,"1992",1992,136,20.4285714285714,NA,0.01,87.3500000000002
"2568",1992-02-14,"1992",1992,137,20.1428571428571,NA,0.01,87.3600000000002
"2569",1992-02-15,"1992",1992,138,19.8571428571429,NA,0.01,87.3700000000002
"2570",1992-02-16,"1992",1992,139,19.5714285714286,NA,0.01,87.3800000000002
"2571",1992-02-17,"1992",1992,140,19.2857142857143,NA,0.01,87.3900000000002
"2572",1992-02-18,"1992",1992,141,19,NA,0.01,87.4000000000002
"2573",1992-02-19,"1992",1992,142,19.1428571428571,NA,0.01,87.4100000000002
"2574",1992-02-20,"1992",1992,143,19.2857142857143,NA,0.01,87.4200000000002
"2575",1992-02-21,"1992",1992,144,19.4285714285714,NA,0.01,87.4300000000002
"2576",1992-02-22,"1992",1992,145,19.5714285714286,NA,0.01,87.4400000000002
"2577",1992-02-23,"1992",1992,146,19.7142857142857,NA,0.01,87.4500000000002
"2578",1992-02-24,"1992",1992,147,19.8571428571429,NA,0.01,87.4600000000002
"2579",1992-02-25,"1992",1992,148,20,NA,0.01,87.4700000000002
"2580",1992-02-26,"1992",1992,149,20,NA,0.01,87.4800000000002
"2581",1992-02-27,"1992",1992,150,20,NA,0.01,87.4900000000002
"2582",1992-02-28,"1992",1992,151,20,NA,0.01,87.5000000000002
"2583",1992-02-29,"1992",1992,152,20,NA,0.36,87.8600000000002
"2584",1992-03-01,"1992",1992,153,20,NA,0.36,88.2200000000002
"2585",1992-03-02,"1992",1992,154,20,NA,0.36,88.5800000000002
"2586",1992-03-03,"1992",1992,155,20,0,0.36,88.9400000000002
"2587",1992-03-04,"1992",1992,156,19.7142857142857,NA,0.36,89.3000000000002
"2588",1992-03-05,"1992",1992,157,19.4285714285714,NA,0.36,89.6600000000002
"2589",1992-03-06,"1992",1992,158,19.1428571428571,NA,0.36,90.0200000000002
"2590",1992-03-07,"1992",1992,159,18.8571428571429,NA,0.36,90.3800000000002
"2591",1992-03-08,"1992",1992,160,18.5714285714286,NA,0.36,90.7400000000002
"2592",1992-03-09,"1992",1992,161,18.2857142857143,NA,0.36,91.1000000000002
"2593",1992-03-10,"1992",1992,162,18,NA,0.36,91.4600000000002
"2594",1992-03-11,"1992",1992,163,18.5714285714286,NA,0.36,91.8200000000002
"2595",1992-03-12,"1992",1992,164,19.1428571428571,NA,0.36,92.1800000000002
"2596",1992-03-13,"1992",1992,165,19.7142857142857,NA,0.36,92.5400000000002
"2597",1992-03-14,"1992",1992,166,20.2857142857143,NA,0.36,92.9000000000002
"2598",1992-03-15,"1992",1992,167,20.8571428571429,NA,0.36,93.2600000000002
"2599",1992-03-16,"1992",1992,168,21.4285714285714,NA,0.36,93.6200000000002
"2600",1992-03-17,"1992",1992,169,22,0,0.36,93.9800000000002
"2601",1992-03-18,"1992",1992,170,22,NA,0.36,94.3400000000002
"2602",1992-03-19,"1992",1992,171,22,NA,0.36,94.7000000000002
"2603",1992-03-20,"1992",1992,172,22,NA,0.36,95.0600000000002
"2604",1992-03-21,"1992",1992,173,22,NA,0.36,95.4200000000002
"2605",1992-03-22,"1992",1992,174,22,NA,0.36,95.7800000000002
"2606",1992-03-23,"1992",1992,175,22,NA,0.36,96.1400000000002
"2607",1992-03-24,"1992",1992,176,22,NA,0.36,96.5000000000002
"2608",1992-03-25,"1992",1992,177,22,NA,0.36,96.8600000000002
"2609",1992-03-26,"1992",1992,178,22.3333333333333,NA,0.36,97.2200000000002
"2610",1992-03-27,"1992",1992,179,22.6666666666667,NA,0.36,97.5800000000002
"2611",1992-03-28,"1992",1992,180,23,NA,0.36,97.9400000000002
"2612",1992-03-29,"1992",1992,181,23.3333333333333,NA,0.36,98.3000000000002
"2613",1992-03-30,"1992",1992,182,23.6666666666667,NA,0.36,98.6600000000002
"2614",1992-03-31,"1992",1992,183,24,NA,1.07,99.7300000000002
"2615",1992-04-01,"1992",1992,184,23.4285714285714,NA,1.07,100.8
"2616",1992-04-02,"1992",1992,185,22.8571428571429,NA,1.07,101.87
"2617",1992-04-03,"1992",1992,186,22.2857142857143,NA,1.07,102.94
"2618",1992-04-04,"1992",1992,187,21.7142857142857,NA,1.07,104.01
"2619",1992-04-05,"1992",1992,188,21.1428571428571,NA,1.07,105.08
"2620",1992-04-06,"1992",1992,189,20.5714285714286,NA,1.07,106.15
"2621",1992-04-07,"1992",1992,190,20,0,1.07,107.22
"2622",1992-04-08,"1992",1992,191,19.8571428571429,NA,1.07,108.29
"2623",1992-04-09,"1992",1992,192,19.7142857142857,NA,1.07,109.36
"2624",1992-04-10,"1992",1992,193,19.5714285714286,NA,1.07,110.43
"2625",1992-04-11,"1992",1992,194,19.4285714285714,NA,1.07,111.5
"2626",1992-04-12,"1992",1992,195,19.2857142857143,NA,1.07,112.57
"2627",1992-04-13,"1992",1992,196,19.1428571428571,NA,1.07,113.64
"2628",1992-04-14,"1992",1992,197,19,NA,1.07,114.71
"2629",1992-04-15,"1992",1992,198,19.1666666666667,NA,1.07,115.78
"2630",1992-04-16,"1992",1992,199,19.3333333333333,NA,1.07,116.85
"2631",1992-04-17,"1992",1992,200,19.5,NA,1.07,117.92
"2632",1992-04-18,"1992",1992,201,19.6666666666667,NA,1.07,118.99
"2633",1992-04-19,"1992",1992,202,19.8333333333333,NA,1.07,120.06
"2634",1992-04-20,"1992",1992,203,20,1,1.07,121.13
"2635",1992-04-21,"1992",1992,204,19.75,1.25,1.07,122.2
"2636",1992-04-22,"1992",1992,205,19.5,1.5,1.07,123.27
"2637",1992-04-23,"1992",1992,206,19.25,1.75,1.07,124.34
"2638",1992-04-24,"1992",1992,207,19,2,1.07,125.41
"2639",1992-04-25,"1992",1992,208,18.75,2.25,1.07,126.48
"2640",1992-04-26,"1992",1992,209,18.5,2.5,1.07,127.55
"2641",1992-04-27,"1992",1992,210,18.25,2.75,2.18,129.73
"2642",1992-04-28,"1992",1992,211,18,3,4.21,133.94
"2643",1992-04-29,"1992",1992,212,17.5714285714286,3.07142857142857,5.66,139.6
"2644",1992-04-30,"1992",1992,213,17.1428571428571,3.14285714285714,5.9,145.5
"2645",1992-05-01,"1992",1992,214,16.7142857142857,3.21428571428571,6.08,151.58
"2646",1992-05-02,"1992",1992,215,16.2857142857143,3.28571428571429,4.8,156.38
"2647",1992-05-03,"1992",1992,216,15.8571428571429,3.35714285714286,5.21,161.59
"2648",1992-05-04,"1992",1992,217,15.4285714285714,3.42857142857143,5.8,167.39
"2649",1992-05-05,"1992",1992,218,15,3.5,6.8,174.19
"2650",1992-05-06,"1992",1992,219,13.4761904761905,3.35714285714286,8.19,182.38
"2651",1992-05-07,"1992",1992,220,11.952380952381,3.21428571428571,7.68,190.06
"2652",1992-05-08,"1992",1992,221,10.4285714285714,3.07142857142857,8.27,198.33
"2653",1992-05-09,"1992",1992,222,8.9047619047619,2.92857142857143,9.07,207.4
"2654",1992-05-10,"1992",1992,223,7.38095238095238,2.78571428571429,6.41,213.81
"2655",1992-05-11,"1992",1992,224,5.85714285714286,2.64285714285714,5.8,219.61
"2656",1992-05-12,"1992",1992,225,4.33333333333333,2.5,5.45,225.06
"2657",1992-05-13,"1992",1992,226,5.71428571428571,3.21428571428571,5.53,230.59
"2658",1992-05-14,"1992",1992,227,7.0952380952381,3.92857142857143,5.93,236.52
"2659",1992-05-15,"1992",1992,228,8.47619047619048,4.64285714285714,6.76,243.28
"2660",1992-05-16,"1992",1992,229,9.85714285714286,5.35714285714286,7.05,250.33
"2661",1992-05-17,"1992",1992,230,11.2380952380952,6.07142857142857,8.22,258.55
"2662",1992-05-18,"1992",1992,231,12.6190476190476,6.78571428571429,9.63,268.18
"2663",1992-05-19,"1992",1992,232,14,7.5,11.8,279.98
"2664",1992-05-20,"1992",1992,233,14,7.35714285714286,16.6,296.58
"2665",1992-05-21,"1992",1992,234,14,7.21428571428571,16.9,313.48
"2666",1992-05-22,"1992",1992,235,14,7.07142857142857,12.8,326.28
"2667",1992-05-23,"1992",1992,236,14,6.92857142857143,14.4,340.68
"2668",1992-05-24,"1992",1992,237,14,6.78571428571429,15,355.68
"2669",1992-05-25,"1992",1992,238,14,6.64285714285714,15.4,371.08
"2670",1992-05-26,"1992",1992,239,14,6.5,20.4,391.48
"2671",1992-05-27,"1992",1992,240,14.2857142857143,NA,15.9,407.38
"2672",1992-05-28,"1992",1992,241,14.5714285714286,NA,11.6,418.98
"2673",1992-05-29,"1992",1992,242,14.8571428571429,NA,10.2,429.18
"2674",1992-05-30,"1992",1992,243,15.1428571428571,NA,9.63,438.81
"2675",1992-05-31,"1992",1992,244,15.4285714285714,NA,8.86,447.67
"2676",1992-06-01,"1992",1992,245,15.7142857142857,NA,8.21,455.88
"2677",1992-06-02,"1992",1992,246,16,NA,9.1,464.98
"2678",1992-06-03,"1992",1992,247,15.7142857142857,NA,11.4,476.38
"2679",1992-06-04,"1992",1992,248,15.4285714285714,NA,12.2,488.58
"2680",1992-06-05,"1992",1992,249,15.1428571428571,NA,12,500.58
"2681",1992-06-06,"1992",1992,250,14.8571428571429,NA,11.5,512.08
"2682",1992-06-07,"1992",1992,251,14.5714285714286,NA,11.7,523.78
"2683",1992-06-08,"1992",1992,252,14.2857142857143,NA,11.5,535.28
"2684",1992-06-09,"1992",1992,253,14,NA,11.4,546.68
"2685",1992-06-10,"1992",1992,254,12,NA,13.3,559.98
"2686",1992-06-11,"1992",1992,255,10,NA,18,577.98
"2687",1992-06-12,"1992",1992,256,8,NA,18.1,596.08
"2688",1992-06-13,"1992",1992,257,6,NA,17.8,613.88
"2689",1992-06-14,"1992",1992,258,4,NA,16.7,630.58
"2690",1992-06-15,"1992",1992,259,2,NA,12.6,643.18
"2691",1992-06-16,"1992",1992,260,0,NA,10,653.18
"2692",1992-06-17,"1992",1992,261,1.85714285714286,NA,8.85,662.03
"2693",1992-06-18,"1992",1992,262,3.71428571428571,NA,9.89,671.92
"2694",1992-06-19,"1992",1992,263,5.57142857142857,NA,13.6,685.52
"2695",1992-06-20,"1992",1992,264,7.42857142857143,NA,17.2,702.72
"2696",1992-06-21,"1992",1992,265,9.28571428571429,NA,16.5,719.22
"2697",1992-06-22,"1992",1992,266,11.1428571428571,NA,16.8,736.02
"2698",1992-06-23,"1992",1992,267,13,NA,17.7,753.72
"2699",1992-06-24,"1992",1992,268,NA,NA,20,773.72
"2700",1992-06-25,"1992",1992,269,NA,NA,22.3,796.02
"2701",1992-06-26,"1992",1992,270,NA,NA,17.6,813.62
"2702",1992-06-27,"1992",1992,271,NA,NA,15.6,829.22
"2703",1992-06-28,"1992",1992,272,NA,NA,16.4,845.62
"2704",1992-06-29,"1992",1992,273,NA,NA,16.1,861.72
"2705",1992-06-30,"1992",1992,274,NA,NA,15.7,877.42
"2706",1992-07-01,"1992",1992,275,NA,NA,12.9,890.32
"2707",1992-07-02,"1992",1992,276,NA,NA,10.8,901.12
"2708",1992-07-03,"1992",1992,277,NA,NA,9.49,910.61
"2709",1992-07-04,"1992",1992,278,NA,NA,10.1,920.71
"2710",1992-07-05,"1992",1992,279,NA,NA,12.7,933.41
"2711",1992-07-06,"1992",1992,280,NA,NA,16,949.41
"2712",1992-07-07,"1992",1992,281,11,12,20,969.41
"2713",1992-07-08,"1992",1992,282,NA,NA,21.2,990.61
"2714",1992-07-09,"1992",1992,283,NA,NA,15.9,1006.51
"2715",1992-07-10,"1992",1992,284,NA,NA,13.4,1019.91
"2716",1992-07-11,"1992",1992,285,NA,NA,13.1,1033.01
"2717",1992-07-12,"1992",1992,286,NA,NA,12.5,1045.51
"2718",1992-07-13,"1992",1992,287,NA,NA,11.8,1057.31
"2719",1992-07-14,"1992",1992,288,NA,NA,10.9,1068.21
"2720",1992-07-15,"1992",1992,289,NA,NA,10.8,1079.01
"2721",1992-07-16,"1992",1992,290,NA,NA,10.9,1089.91
"2722",1992-07-17,"1992",1992,291,NA,NA,10.6,1100.51
"2723",1992-07-18,"1992",1992,292,NA,NA,10.2,1110.71
"2724",1992-07-19,"1992",1992,293,NA,NA,10.5,1121.21
"2725",1992-07-20,"1992",1992,294,NA,NA,11.6,1132.81
"2726",1992-07-21,"1992",1992,295,NA,NA,11,1143.81
"2727",1992-07-22,"1992",1992,296,12,12,9.74,1153.55
"2728",1992-07-23,"1992",1992,297,NA,NA,9.32,1162.87
"2729",1992-07-24,"1992",1992,298,NA,NA,10.6,1173.47
"2730",1992-07-25,"1992",1992,299,NA,NA,10.4,1183.87
"2731",1992-07-26,"1992",1992,300,NA,NA,9.43,1193.3
"2732",1992-07-27,"1992",1992,301,NA,NA,9.32,1202.62
"2733",1992-07-28,"1992",1992,302,NA,NA,9.01,1211.63
"2734",1992-07-29,"1992",1992,303,NA,NA,8.81,1220.44
"2735",1992-07-30,"1992",1992,304,NA,NA,8.81,1229.25
"2736",1992-07-31,"1992",1992,305,NA,NA,8.31,1237.56
"2737",1992-08-01,"1992",1992,306,NA,NA,7.82,1245.38
"2738",1992-08-02,"1992",1992,307,NA,NA,7.62,1253
"2739",1992-08-03,"1992",1992,308,NA,NA,7.43,1260.43
"2740",1992-08-04,"1992",1992,309,NA,NA,7.24,1267.67
"2741",1992-08-05,"1992",1992,310,NA,NA,7.15,1274.82
"2742",1992-08-06,"1992",1992,311,NA,NA,7.43,1282.25
"2743",1992-08-07,"1992",1992,312,NA,NA,7.72,1289.97
"2744",1992-08-08,"1992",1992,313,NA,NA,7.91,1297.88
"2745",1992-08-09,"1992",1992,314,NA,NA,7.62,1305.5
"2746",1992-08-10,"1992",1992,315,NA,NA,7.72,1313.22
"2747",1992-08-11,"1992",1992,316,NA,NA,8.01,1321.23
"2748",1992-08-12,"1992",1992,317,NA,NA,7.68,1328.91
"2749",1992-08-13,"1992",1992,318,NA,NA,7.27,1336.18
"2750",1992-08-14,"1992",1992,319,NA,NA,7.09,1343.27
"2751",1992-08-15,"1992",1992,320,NA,NA,6.68,1349.95
"2752",1992-08-16,"1992",1992,321,NA,NA,6.59,1356.54
"2753",1992-08-17,"1992",1992,322,NA,NA,6.59,1363.13
"2754",1992-08-18,"1992",1992,323,NA,NA,6.31,1369.44
"2755",1992-08-19,"1992",1992,324,12,NA,6.32,1375.76
"2756",1992-08-20,"1992",1992,325,NA,NA,6.22,1381.98
"2757",1992-08-21,"1992",1992,326,NA,NA,6.6,1388.58
"2758",1992-08-22,"1992",1992,327,NA,NA,7.05,1395.63
"2759",1992-08-23,"1992",1992,328,NA,NA,7.94,1403.57
"2760",1992-08-24,"1992",1992,329,NA,NA,8.8,1412.37
"2761",1992-08-25,"1992",1992,330,NA,NA,8.73,1421.1
"2762",1992-08-26,"1992",1992,331,NA,NA,7.77,1428.87
"2763",1992-08-27,"1992",1992,332,NA,NA,6.72,1435.59
"2764",1992-08-28,"1992",1992,333,NA,NA,6,1441.59
"2765",1992-08-29,"1992",1992,334,NA,NA,5.33,1446.92
"2766",1992-08-30,"1992",1992,335,NA,NA,5.11,1452.03
"2767",1992-08-31,"1992",1992,336,NA,NA,5.05,1457.08
"2768",1992-09-01,"1992",1992,337,16,NA,5.61,1462.69
"2769",1992-09-02,"1992",1992,338,NA,NA,5.49,1468.18
"2770",1992-09-03,"1992",1992,339,NA,NA,5.18,1473.36
"2771",1992-09-04,"1992",1992,340,NA,NA,5.57,1478.93
"2772",1992-09-05,"1992",1992,341,NA,NA,5.45,1484.38
"2773",1992-09-06,"1992",1992,342,NA,NA,5.17,1489.55
"2774",1992-09-07,"1992",1992,343,NA,NA,4.99,1494.54
"2775",1992-09-08,"1992",1992,344,NA,NA,4.74,1499.28
"2776",1992-09-09,"1992",1992,345,NA,NA,4.55,1503.83
"2777",1992-09-10,"1992",1992,346,NA,NA,4.21,1508.04
"2778",1992-09-11,"1992",1992,347,NA,NA,4.15,1512.19
"2779",1992-09-12,"1992",1992,348,NA,NA,3.91,1516.1
"2780",1992-09-13,"1992",1992,349,NA,NA,4.07,1520.17
"2781",1992-09-14,"1992",1992,350,NA,NA,3.88,1524.05
"2782",1992-09-15,"1992",1992,351,11,10,3.47,1527.52
"2783",1992-09-16,"1992",1992,352,NA,NA,3.77,1531.29
"2784",1992-09-17,"1992",1992,353,NA,NA,4.57,1535.86
"2785",1992-09-18,"1992",1992,354,NA,NA,4.86,1540.72
"2786",1992-09-19,"1992",1992,355,NA,NA,4.67,1545.39
"2787",1992-09-20,"1992",1992,356,NA,NA,4.35,1549.74
"2788",1992-09-21,"1992",1992,357,NA,NA,4.2,1553.94
"2789",1992-09-22,"1992",1992,358,NA,NA,4.15,1558.09
"2790",1992-09-23,"1992",1992,359,NA,NA,3.84,1561.93
"2791",1992-09-24,"1992",1992,360,NA,NA,3.88,1565.81
"2792",1992-09-25,"1992",1992,361,NA,NA,3.8,1569.61
"2793",1992-09-26,"1992",1992,362,NA,NA,3.65,1573.26
"2794",1992-09-27,"1992",1992,363,NA,NA,3.67,1576.93
"2795",1992-09-28,"1992",1992,364,NA,NA,3.1,1580.03
"2796",1992-09-29,"1992",1992,365,18,NA,3.16,1583.19
"2797",1992-10-13,"1992",1993,13,17,NA,1.52,27.69
"2798",1992-10-14,"1992",1993,14,NA,NA,1.32,29.01
"2799",1992-10-15,"1992",1993,15,NA,NA,1.36,30.37
"2800",1992-10-16,"1992",1993,16,NA,NA,1.32,31.69
"2801",1992-10-17,"1992",1993,17,NA,NA,1.31,33
"2802",1992-10-18,"1992",1993,18,NA,NA,1.26,34.26
"2803",1992-10-19,"1992",1993,19,NA,NA,1.35,35.61
"2804",1992-10-20,"1992",1993,20,NA,NA,1.26,36.87
"2805",1992-10-21,"1992",1993,21,NA,NA,1.26,38.13
"2806",1992-10-22,"1992",1993,22,NA,NA,1.26,39.39
"2807",1992-10-23,"1992",1993,23,NA,NA,1.14,40.53
"2808",1992-10-24,"1992",1993,24,NA,NA,1.26,41.79
"2809",1992-10-25,"1992",1993,25,NA,NA,1.26,43.05
"2810",1992-10-26,"1992",1993,26,NA,NA,1.26,44.31
"2811",1992-10-27,"1992",1993,27,16,NA,1.26,45.57
"2812",1992-10-28,"1992",1993,28,NA,NA,1.26,46.83
"2813",1992-10-29,"1992",1993,29,NA,NA,1.26,48.09
"2814",1992-10-30,"1992",1993,30,NA,NA,1.26,49.35
"2815",1992-10-31,"1992",1993,31,NA,NA,1.07,50.42
"2816",1992-11-01,"1992",1993,32,NA,NA,1.07,51.49
"2817",1992-11-02,"1992",1993,33,NA,NA,1.07,52.56
"2818",1992-11-03,"1992",1993,34,NA,NA,1.07,53.63
"2819",1992-11-04,"1992",1993,35,NA,NA,1.07,54.7
"2820",1992-11-05,"1992",1993,36,NA,NA,1.07,55.77
"2821",1992-11-06,"1992",1993,37,NA,NA,1.07,56.84
"2822",1992-11-07,"1992",1993,38,NA,NA,1.07,57.91
"2823",1992-11-08,"1992",1993,39,NA,NA,1.07,58.98
"2824",1992-11-09,"1992",1993,40,NA,NA,1.07,60.05
"2825",1992-11-10,"1992",1993,41,NA,NA,1.07,61.12
"2826",1992-11-11,"1992",1993,42,NA,NA,1.07,62.19
"2827",1992-11-12,"1992",1993,43,NA,NA,1.07,63.26
"2828",1992-11-13,"1992",1993,44,NA,NA,1.07,64.33
"2829",1992-11-14,"1992",1993,45,NA,NA,1.07,65.4
"2830",1992-11-15,"1992",1993,46,NA,NA,1.07,66.47
"2831",1992-11-16,"1992",1993,47,NA,NA,1.07,67.54
"2832",1992-11-17,"1992",1993,48,NA,NA,1.07,68.61
"2833",1992-11-18,"1992",1993,49,NA,NA,1.07,69.68
"2834",1992-11-19,"1992",1993,50,NA,NA,1.07,70.7499999999999
"2835",1992-11-20,"1992",1993,51,NA,NA,1.07,71.8199999999999
"2836",1992-11-21,"1992",1993,52,NA,NA,1.07,72.8899999999999
"2837",1992-11-22,"1992",1993,53,NA,NA,1.07,73.9599999999999
"2838",1992-11-23,"1992",1993,54,NA,NA,1.07,75.0299999999999
"2839",1992-11-24,"1992",1993,55,NA,NA,1.07,76.0999999999999
"2840",1992-11-25,"1992",1993,56,NA,NA,1.07,77.1699999999999
"2841",1992-11-26,"1992",1993,57,NA,NA,1.07,78.2399999999999
"2842",1992-11-27,"1992",1993,58,NA,NA,1.07,79.3099999999999
"2843",1992-11-28,"1992",1993,59,NA,NA,1.07,80.3799999999999
"2844",1992-11-29,"1992",1993,60,NA,NA,1.07,81.4499999999999
"2845",1992-11-30,"1992",1993,61,NA,NA,0.36,81.8099999999999
"2846",1992-12-01,"1992",1993,62,NA,NA,0.36,82.1699999999999
"2847",1992-12-02,"1992",1993,63,NA,NA,0.36,82.5299999999999
"2848",1992-12-03,"1992",1993,64,NA,NA,0.36,82.8899999999999
"2849",1992-12-04,"1992",1993,65,NA,NA,0.36,83.2499999999999
"2850",1992-12-05,"1992",1993,66,NA,NA,0.36,83.6099999999999
"2851",1992-12-06,"1992",1993,67,NA,NA,0.36,83.9699999999999
"2852",1992-12-07,"1992",1993,68,NA,NA,0.36,84.3299999999999
"2853",1992-12-08,"1992",1993,69,NA,NA,0.36,84.6899999999999
"2854",1992-12-09,"1992",1993,70,NA,NA,0.36,85.0499999999999
"2855",1992-12-10,"1992",1993,71,NA,NA,0.36,85.4099999999999
"2856",1992-12-11,"1992",1993,72,NA,NA,0.36,85.7699999999999
"2857",1992-12-12,"1992",1993,73,NA,NA,0.36,86.1299999999999
"2858",1992-12-13,"1992",1993,74,NA,NA,0.36,86.4899999999999
"2859",1992-12-14,"1992",1993,75,NA,NA,0.36,86.8499999999999
"2860",1992-12-15,"1992",1993,76,NA,NA,0.36,87.2099999999999
"2861",1992-12-16,"1992",1993,77,NA,NA,0.36,87.5699999999999
"2862",1992-12-17,"1992",1993,78,NA,NA,0.36,87.9299999999999
"2863",1992-12-18,"1992",1993,79,NA,NA,0.36,88.2899999999999
"2864",1992-12-19,"1992",1993,80,NA,NA,0.36,88.6499999999999
"2865",1992-12-20,"1992",1993,81,NA,NA,0.36,89.0099999999999
"2866",1992-12-21,"1992",1993,82,NA,NA,0.36,89.3699999999999
"2867",1992-12-22,"1992",1993,83,NA,NA,0.36,89.7299999999999
"2868",1992-12-23,"1992",1993,84,NA,NA,0.36,90.0899999999999
"2869",1992-12-24,"1992",1993,85,NA,NA,0.36,90.4499999999999
"2870",1992-12-25,"1992",1993,86,NA,NA,0.36,90.8099999999999
"2871",1992-12-26,"1992",1993,87,NA,NA,0.36,91.1699999999999
"2872",1992-12-27,"1992",1993,88,NA,NA,0.36,91.5299999999999
"2873",1992-12-28,"1992",1993,89,NA,NA,0.36,91.8899999999999
"2874",1992-12-29,"1992",1993,90,NA,NA,0.36,92.2499999999999
"2875",1992-12-30,"1992",1993,91,NA,NA,0.36,92.6099999999999
"2876",1992-12-31,"1992",1993,92,NA,NA,0.01,92.6199999999999
"2877",1993-01-01,"1993",1993,93,NA,NA,0.01,92.6299999999999
"2878",1993-01-02,"1993",1993,94,NA,NA,0.01,92.6399999999999
"2879",1993-01-03,"1993",1993,95,NA,NA,0.01,92.6499999999999
"2880",1993-01-04,"1993",1993,96,NA,NA,0.01,92.6599999999999
"2881",1993-01-05,"1993",1993,97,24,NA,0.01,92.6699999999999
"2882",1993-01-06,"1993",1993,98,24,NA,0.01,92.6799999999999
"2883",1993-01-07,"1993",1993,99,24,NA,0.01,92.6899999999999
"2884",1993-01-08,"1993",1993,100,24,NA,0.01,92.6999999999999
"2885",1993-01-09,"1993",1993,101,24,NA,0.01,92.7099999999999
"2886",1993-01-10,"1993",1993,102,24,NA,0.01,92.7199999999999
"2887",1993-01-11,"1993",1993,103,24,NA,0.01,92.7299999999999
"2888",1993-01-12,"1993",1993,104,24,NA,0.01,92.7399999999999
"2889",1993-01-13,"1993",1993,105,24,NA,0.01,92.7499999999999
"2890",1993-01-14,"1993",1993,106,24,NA,0.01,92.7599999999999
"2891",1993-01-15,"1993",1993,107,24,NA,0.01,92.7699999999999
"2892",1993-01-16,"1993",1993,108,24,NA,0.01,92.78
"2893",1993-01-17,"1993",1993,109,24,NA,0.01,92.79
"2894",1993-01-18,"1993",1993,110,24,NA,0.01,92.8
"2895",1993-01-19,"1993",1993,111,24,NA,0.01,92.81
"2896",1993-01-20,"1993",1993,112,NA,NA,0.01,92.82
"2897",1993-01-21,"1993",1993,113,NA,NA,0.01,92.83
"2898",1993-01-22,"1993",1993,114,NA,NA,0.01,92.84
"2899",1993-01-23,"1993",1993,115,NA,NA,0.01,92.85
"2900",1993-01-24,"1993",1993,116,NA,NA,0.01,92.86
"2901",1993-01-25,"1993",1993,117,NA,NA,0.01,92.87
"2902",1993-01-26,"1993",1993,118,NA,NA,0.01,92.88
"2903",1993-01-27,"1993",1993,119,NA,NA,0.01,92.89
"2904",1993-01-28,"1993",1993,120,NA,NA,0.01,92.9
"2905",1993-01-29,"1993",1993,121,NA,NA,0.01,92.91
"2906",1993-01-30,"1993",1993,122,NA,NA,0.01,92.92
"2907",1993-01-31,"1993",1993,123,NA,NA,0.01,92.93
"2908",1993-02-01,"1993",1993,124,NA,NA,0.01,92.94
"2909",1993-02-02,"1993",1993,125,NA,NA,0.01,92.95
"2910",1993-02-03,"1993",1993,126,NA,NA,0.01,92.96
"2911",1993-02-04,"1993",1993,127,NA,NA,0.01,92.97
"2912",1993-02-05,"1993",1993,128,NA,NA,0.01,92.98
"2913",1993-02-06,"1993",1993,129,NA,NA,0.01,92.99
"2914",1993-02-07,"1993",1993,130,NA,NA,0.01,93.0000000000001
"2915",1993-02-08,"1993",1993,131,NA,NA,0.01,93.0100000000001
"2916",1993-02-09,"1993",1993,132,24,NA,0.01,93.0200000000001
"2917",1993-02-10,"1993",1993,133,24,NA,0.01,93.0300000000001
"2918",1993-02-11,"1993",1993,134,24,NA,0.01,93.0400000000001
"2919",1993-02-12,"1993",1993,135,24,NA,0.01,93.0500000000001
"2920",1993-02-13,"1993",1993,136,24,NA,0.01,93.0600000000001
"2921",1993-02-14,"1993",1993,137,24,NA,0.01,93.0700000000001
"2922",1993-02-15,"1993",1993,138,24,NA,0.01,93.0800000000001
"2923",1993-02-16,"1993",1993,139,24,NA,0.01,93.0900000000001
"2924",1993-02-17,"1993",1993,140,23.8571428571429,NA,0.01,93.1000000000001
"2925",1993-02-18,"1993",1993,141,23.7142857142857,NA,0.01,93.1100000000001
"2926",1993-02-19,"1993",1993,142,23.5714285714286,NA,0.01,93.1200000000001
"2927",1993-02-20,"1993",1993,143,23.4285714285714,NA,0.01,93.1300000000001
"2928",1993-02-21,"1993",1993,144,23.2857142857143,NA,0.01,93.1400000000001
"2929",1993-02-22,"1993",1993,145,23.1428571428571,NA,0.01,93.1500000000001
"2930",1993-02-23,"1993",1993,146,23,NA,0.01,93.1600000000001
"2931",1993-02-24,"1993",1993,147,22.8571428571429,NA,0.01,93.1700000000001
"2932",1993-02-25,"1993",1993,148,22.7142857142857,NA,0.01,93.1800000000001
"2933",1993-02-26,"1993",1993,149,22.5714285714286,NA,0.01,93.1900000000002
"2934",1993-02-27,"1993",1993,150,22.4285714285714,NA,0.01,93.2000000000002
"2935",1993-02-28,"1993",1993,151,22.2857142857143,NA,0.36,93.5600000000002
"2936",1993-03-01,"1993",1993,152,22.1428571428571,NA,0.36,93.9200000000002
"2937",1993-03-02,"1993",1993,153,22,NA,0.36,94.2800000000002
"2938",1993-03-03,"1993",1993,154,22.1428571428571,NA,0.36,94.6400000000002
"2939",1993-03-04,"1993",1993,155,22.2857142857143,NA,0.36,95.0000000000002
"2940",1993-03-05,"1993",1993,156,22.4285714285714,NA,0.36,95.3600000000002
"2941",1993-03-06,"1993",1993,157,22.5714285714286,NA,0.36,95.7200000000002
"2942",1993-03-07,"1993",1993,158,22.7142857142857,NA,0.36,96.0800000000002
"2943",1993-03-08,"1993",1993,159,22.8571428571429,NA,0.36,96.4400000000002
"2944",1993-03-09,"1993",1993,160,23,NA,0.36,96.8000000000002
"2945",1993-03-10,"1993",1993,161,23.1428571428571,NA,0.36,97.1600000000002
"2946",1993-03-11,"1993",1993,162,23.2857142857143,NA,0.36,97.5200000000002
"2947",1993-03-12,"1993",1993,163,23.4285714285714,NA,0.36,97.8800000000002
"2948",1993-03-13,"1993",1993,164,23.5714285714286,NA,0.36,98.2400000000002
"2949",1993-03-14,"1993",1993,165,23.7142857142857,NA,0.36,98.6000000000002
"2950",1993-03-15,"1993",1993,166,23.8571428571429,NA,0.36,98.9600000000002
"2951",1993-03-16,"1993",1993,167,24,NA,0.36,99.3200000000001
"2952",1993-03-17,"1993",1993,168,23.7142857142857,NA,0.36,99.6800000000001
"2953",1993-03-18,"1993",1993,169,23.4285714285714,NA,0.36,100.04
"2954",1993-03-19,"1993",1993,170,23.1428571428571,NA,0.36,100.4
"2955",1993-03-20,"1993",1993,171,22.8571428571429,NA,0.36,100.76
"2956",1993-03-21,"1993",1993,172,22.5714285714286,NA,0.36,101.12
"2957",1993-03-22,"1993",1993,173,22.2857142857143,NA,0.36,101.48
"2958",1993-03-23,"1993",1993,174,22,NA,0.36,101.84
"2959",1993-03-24,"1993",1993,175,22.2857142857143,NA,0.36,102.2
"2960",1993-03-25,"1993",1993,176,22.5714285714286,NA,0.36,102.56
"2961",1993-03-26,"1993",1993,177,22.8571428571429,NA,0.36,102.92
"2962",1993-03-27,"1993",1993,178,23.1428571428571,NA,0.36,103.28
"2963",1993-03-28,"1993",1993,179,23.4285714285714,NA,0.36,103.64
"2964",1993-03-29,"1993",1993,180,23.7142857142857,NA,0.36,104
"2965",1993-03-30,"1993",1993,181,24,0,0.36,104.36
"2966",1993-03-31,"1993",1993,182,23.8571428571429,0,1.07,105.43
"2967",1993-04-01,"1993",1993,183,23.7142857142857,0,1.07,106.5
"2968",1993-04-02,"1993",1993,184,23.5714285714286,0,1.07,107.57
"2969",1993-04-03,"1993",1993,185,23.4285714285714,0,1.07,108.64
"2970",1993-04-04,"1993",1993,186,23.2857142857143,0,1.07,109.71
"2971",1993-04-05,"1993",1993,187,23.1428571428571,0,1.07,110.78
"2972",1993-04-06,"1993",1993,188,23,0,1.07,111.85
"2973",1993-04-07,"1993",1993,189,22.8571428571429,0,1.07,112.92
"2974",1993-04-08,"1993",1993,190,22.7142857142857,0,1.07,113.99
"2975",1993-04-09,"1993",1993,191,22.5714285714286,0,1.07,115.06
"2976",1993-04-10,"1993",1993,192,22.4285714285714,0,1.07,116.13
"2977",1993-04-11,"1993",1993,193,22.2857142857143,0,1.07,117.2
"2978",1993-04-12,"1993",1993,194,22.1428571428571,0,1.07,118.27
"2979",1993-04-13,"1993",1993,195,22,0,1.07,119.34
"2980",1993-04-14,"1993",1993,196,22.1428571428571,NA,1.07,120.41
"2981",1993-04-15,"1993",1993,197,22.2857142857143,NA,1.07,121.48
"2982",1993-04-16,"1993",1993,198,22.4285714285714,NA,1.07,122.55
"2983",1993-04-17,"1993",1993,199,22.5714285714286,NA,1.07,123.62
"2984",1993-04-18,"1993",1993,200,22.7142857142857,NA,1.07,124.69
"2985",1993-04-19,"1993",1993,201,22.8571428571429,NA,1.07,125.76
"2986",1993-04-20,"1993",1993,202,23,NA,1.07,126.83
"2987",1993-04-21,"1993",1993,203,22.8571428571429,NA,1.07,127.9
"2988",1993-04-22,"1993",1993,204,22.7142857142857,NA,1.07,128.97
"2989",1993-04-23,"1993",1993,205,22.5714285714286,NA,1.07,130.04
"2990",1993-04-24,"1993",1993,206,22.4285714285714,NA,1.07,131.11
"2991",1993-04-25,"1993",1993,207,22.2857142857143,NA,1.07,132.18
"2992",1993-04-26,"1993",1993,208,22.1428571428571,NA,1.07,133.25
"2993",1993-04-27,"1993",1993,209,22,0,1.07,134.32
"2994",1993-04-28,"1993",1993,210,22,0.142857142857143,1.07,135.39
"2995",1993-04-29,"1993",1993,211,22,0.285714285714286,1.07,136.46
"2996",1993-04-30,"1993",1993,212,22,0.428571428571429,1.07,137.53
"2997",1993-05-01,"1993",1993,213,22,0.571428571428571,1.07,138.6
"2998",1993-05-02,"1993",1993,214,22,0.714285714285714,1.07,139.67
"2999",1993-05-03,"1993",1993,215,22,0.857142857142857,1.07,140.74
"3000",1993-05-04,"1993",1993,216,22,1,1.07,141.81
"3001",1993-05-05,"1993",1993,217,21.5714285714286,0.857142857142857,1.07,142.88
"3002",1993-05-06,"1993",1993,218,21.1428571428571,0.714285714285714,1.07,143.95
"3003",1993-05-07,"1993",1993,219,20.7142857142857,0.571428571428571,1.07,145.02
"3004",1993-05-08,"1993",1993,220,20.2857142857143,0.428571428571429,1.07,146.09
"3005",1993-05-09,"1993",1993,221,19.8571428571429,0.285714285714286,1.07,147.16
"3006",1993-05-10,"1993",1993,222,19.4285714285714,0.142857142857143,1.07,148.23
"3007",1993-05-11,"1993",1993,223,19,0,2.23,150.46
"3008",1993-05-12,"1993",1993,224,18.4285714285714,NA,3.85,154.31
"3009",1993-05-13,"1993",1993,225,17.8571428571429,NA,5.93,160.24
"3010",1993-05-14,"1993",1993,226,17.2857142857143,NA,7.57,167.81
"3011",1993-05-15,"1993",1993,227,16.7142857142857,NA,9.38,177.19
"3012",1993-05-16,"1993",1993,228,16.1428571428571,NA,10.9,188.09
"3013",1993-05-17,"1993",1993,229,15.5714285714286,NA,10.6,198.69
"3014",1993-05-18,"1993",1993,230,15,NA,11.7,210.39
"3015",1993-05-19,"1993",1993,231,15.3333333333333,NA,12.8,223.19
"3016",1993-05-20,"1993",1993,232,15.6666666666667,NA,15.7,238.89
"3017",1993-05-21,"1993",1993,233,16,NA,17.4,256.29
"3018",1993-05-22,"1993",1993,234,16.3333333333333,NA,12.6,268.89
"3019",1993-05-23,"1993",1993,235,16.6666666666667,NA,10.5,279.39
"3020",1993-05-24,"1993",1993,236,17,2,11.2,290.59
"3021",1993-05-25,"1993",1993,237,16.875,2.125,13.1,303.69
"3022",1993-05-26,"1993",1993,238,16.75,2.25,15.8,319.49
"3023",1993-05-27,"1993",1993,239,16.625,2.375,22.3,341.79
"3024",1993-05-28,"1993",1993,240,16.5,2.5,21.5,363.29
"3025",1993-05-29,"1993",1993,241,16.375,2.625,16.1,379.39
"3026",1993-05-30,"1993",1993,242,16.25,2.75,18,397.39
"3027",1993-05-31,"1993",1993,243,16.125,2.875,20.6,417.99
"3028",1993-06-01,"1993",1993,244,16,3,18,435.99
"3029",1993-06-02,"1993",1993,245,15.8571428571429,2.71428571428571,17.4,453.39
"3030",1993-06-03,"1993",1993,246,15.7142857142857,2.42857142857143,11.4,464.79
"3031",1993-06-04,"1993",1993,247,15.5714285714286,2.14285714285714,10.4,475.19
"3032",1993-06-05,"1993",1993,248,15.4285714285714,1.85714285714286,11.4,486.59
"3033",1993-06-06,"1993",1993,249,15.2857142857143,1.57142857142857,15,501.59
"3034",1993-06-07,"1993",1993,250,15.1428571428571,1.28571428571429,9.99,511.58
"3035",1993-06-08,"1993",1993,251,15,1,9.23,520.81
"3036",1993-06-09,"1993",1993,252,15.1666666666667,NA,8.86,529.67
"3037",1993-06-10,"1993",1993,253,15.3333333333333,NA,12,541.67
"3038",1993-06-11,"1993",1993,254,15.5,NA,18.8,560.47
"3039",1993-06-12,"1993",1993,255,15.6666666666667,NA,23,583.47
"3040",1993-06-13,"1993",1993,256,15.8333333333333,NA,22.2,605.67
"3041",1993-06-14,"1993",1993,257,16,NA,24.3,629.97
"3042",1993-06-15,"1993",1993,258,15.75,NA,29.4,659.37
"3043",1993-06-16,"1993",1993,259,15.5,NA,32.5,691.87
"3044",1993-06-17,"1993",1993,260,15.25,NA,40.8,732.67
"3045",1993-06-18,"1993",1993,261,15,NA,30.7,763.37
"3046",1993-06-19,"1993",1993,262,14.75,NA,28.8,792.17
"3047",1993-06-20,"1993",1993,263,14.5,NA,29.5,821.67
"3048",1993-06-21,"1993",1993,264,14.25,NA,30.2,851.87
"3049",1993-06-22,"1993",1993,265,14,7.5,28.3,880.17
"3050",1993-06-23,"1993",1993,266,13.8571428571429,7.71428571428571,21.9,902.07
"3051",1993-06-24,"1993",1993,267,13.7142857142857,7.92857142857143,16.4,918.47
"3052",1993-06-25,"1993",1993,268,13.5714285714286,8.14285714285714,17,935.47
"3053",1993-06-26,"1993",1993,269,13.4285714285714,8.35714285714286,20.2,955.67
"3054",1993-06-27,"1993",1993,270,13.2857142857143,8.57142857142857,23.6,979.27
"3055",1993-06-28,"1993",1993,271,13.1428571428571,8.78571428571428,25.8,1005.07
"3056",1993-06-29,"1993",1993,272,13,9,30.1,1035.17
"3057",1993-06-30,"1993",1993,273,13,8.33333333333333,26.6,1061.77
"3058",1993-07-01,"1993",1993,274,13,7.66666666666667,25.6,1087.37
"3059",1993-07-02,"1993",1993,275,13,7,26.6,1113.97
"3060",1993-07-03,"1993",1993,276,13,6.33333333333333,21.6,1135.57
"3061",1993-07-04,"1993",1993,277,13,5.66666666666667,14.7,1150.27
"3062",1993-07-05,"1993",1993,278,13,5,11.3,1161.57
"3063",1993-07-06,"1993",1993,279,13,NA,10.3,1171.87
"3064",1993-07-07,"1993",1993,280,13,NA,11.2,1183.07
"3065",1993-07-08,"1993",1993,281,13,NA,14.6,1197.67
"3066",1993-07-09,"1993",1993,282,13,NA,17.5,1215.17
"3067",1993-07-10,"1993",1993,283,13,NA,19.9,1235.07
"3068",1993-07-11,"1993",1993,284,13,NA,20.8,1255.87
"3069",1993-07-12,"1993",1993,285,13,NA,21.1,1276.97
"3070",1993-07-13,"1993",1993,286,12.4285714285714,NA,23,1299.97
"3071",1993-07-14,"1993",1993,287,11.8571428571429,NA,25,1324.97
"3072",1993-07-15,"1993",1993,288,11.2857142857143,NA,22,1346.97
"3073",1993-07-16,"1993",1993,289,10.7142857142857,NA,18.7,1365.67
"3074",1993-07-17,"1993",1993,290,10.1428571428571,NA,17.8,1383.47
"3075",1993-07-18,"1993",1993,291,9.57142857142857,NA,16.8,1400.27
"3076",1993-07-19,"1993",1993,292,9,NA,16.4,1416.67
"3077",1993-07-20,"1993",1993,293,9,NA,17.4,1434.07
"3078",1993-07-21,"1993",1993,294,9,NA,14.2,1448.27
"3079",1993-07-22,"1993",1993,295,9,NA,12.8,1461.07
"3080",1993-07-23,"1993",1993,296,9,NA,12,1473.07
"3081",1993-07-24,"1993",1993,297,9,NA,11,1484.07
"3082",1993-07-25,"1993",1993,298,9,NA,10.6,1494.67
"3083",1993-07-26,"1993",1993,299,9,NA,11.8,1506.47
"3084",1993-07-27,"1993",1993,300,9,10.5,11.8,1518.27
"3085",1993-07-28,"1993",1993,301,8.85714285714286,10.2857142857143,11.7,1529.97
"3086",1993-07-29,"1993",1993,302,8.71428571428571,10.0714285714286,12.7,1542.67
"3087",1993-07-30,"1993",1993,303,8.57142857142857,9.85714285714286,14.3,1556.97
"3088",1993-07-31,"1993",1993,304,8.42857142857143,9.64285714285714,13.7,1570.67
"3089",1993-08-01,"1993",1993,305,8.28571428571429,9.42857142857143,12.8,1583.47
"3090",1993-08-02,"1993",1993,306,8.14285714285714,9.21428571428572,12,1595.47
"3091",1993-08-03,"1993",1993,307,8,9,10.6,1606.07
"3092",1993-08-04,"1993",1993,308,NA,NA,10.6,1616.67
"3093",1993-08-05,"1993",1993,309,NA,NA,10.6,1627.27
"3094",1993-08-06,"1993",1993,310,NA,NA,10.4,1637.67
"3095",1993-08-07,"1993",1993,311,NA,NA,10.3,1647.97
"3096",1993-08-08,"1993",1993,312,NA,NA,10.5,1658.47
"3097",1993-08-09,"1993",1993,313,NA,NA,11.1,1669.57
"3098",1993-08-10,"1993",1993,314,NA,NA,13.3,1682.87
"3099",1993-08-11,"1993",1993,315,NA,NA,14.7,1697.57
"3100",1993-08-12,"1993",1993,316,NA,NA,11.9,1709.47
"3101",1993-08-13,"1993",1993,317,NA,NA,10.9,1720.37
"3102",1993-08-14,"1993",1993,318,NA,NA,10.3,1730.67
"3103",1993-08-15,"1993",1993,319,NA,NA,9.74,1740.41
"3104",1993-08-16,"1993",1993,320,9,NA,8.82,1749.23
"3105",1993-08-17,"1993",1993,321,9,NA,8.51,1757.74
"3106",1993-08-18,"1993",1993,322,9,NA,8.51,1766.25
"3107",1993-08-19,"1993",1993,323,9,NA,8.51,1774.76
"3108",1993-08-20,"1993",1993,324,9,NA,9.54,1784.3
"3109",1993-08-21,"1993",1993,325,9,NA,10.4,1794.7
"3110",1993-08-22,"1993",1993,326,9,NA,9.83,1804.53
"3111",1993-08-23,"1993",1993,327,9,NA,9.13,1813.66
"3112",1993-08-24,"1993",1993,328,9,NA,8.68,1822.34
"3113",1993-08-25,"1993",1993,329,9,NA,9.11,1831.45
"3114",1993-08-26,"1993",1993,330,9,NA,9.25,1840.7
"3115",1993-08-27,"1993",1993,331,9,NA,8.31,1849.01
"3116",1993-08-28,"1993",1993,332,9,NA,7.6,1856.61
"3117",1993-08-29,"1993",1993,333,9,NA,7.14,1863.75
"3118",1993-08-30,"1993",1993,334,9,NA,6.64,1870.39
"3119",1993-08-31,"1993",1993,335,9.42857142857143,NA,5.96,1876.35
"3120",1993-09-01,"1993",1993,336,9.85714285714286,NA,5.88,1882.23
"3121",1993-09-02,"1993",1993,337,10.2857142857143,NA,5.86,1888.09
"3122",1993-09-03,"1993",1993,338,10.7142857142857,NA,5.34,1893.43
"3123",1993-09-04,"1993",1993,339,11.1428571428571,NA,5.36,1898.79
"3124",1993-09-05,"1993",1993,340,11.5714285714286,NA,5.71,1904.5
"3125",1993-09-06,"1993",1993,341,12,9,8.2,1912.7
"3126",1993-09-07,"1993",1993,342,12.2857142857143,8.375,8.67,1921.37
"3127",1993-09-08,"1993",1993,343,12.5714285714286,7.75,8.22,1929.59
"3128",1993-09-09,"1993",1993,344,12.8571428571429,7.125,7.65,1937.24
"3129",1993-09-10,"1993",1993,345,13.1428571428571,6.5,7.08,1944.32
"3130",1993-09-11,"1993",1993,346,13.4285714285714,5.875,6.59,1950.91
"3131",1993-09-12,"1993",1993,347,13.7142857142857,5.25,8.05,1958.96
"3132",1993-09-13,"1993",1993,348,14,4.625,8.49,1967.45
"3133",1993-09-14,"1993",1993,349,14,4,7.25,1974.7
"3134",1993-09-15,"1993",1993,350,14.1666666666667,4.5,7.05,1981.75
"3135",1993-09-16,"1993",1993,351,14.3333333333333,5,7.05,1988.8
"3136",1993-09-17,"1993",1993,352,14.5,5.5,7.14,1995.94
"3137",1993-09-18,"1993",1993,353,14.6666666666667,6,7.05,2002.99
"3138",1993-09-19,"1993",1993,354,14.8333333333333,6.5,6.96,2009.95
"3139",1993-09-20,"1993",1993,355,15,7,7.05,2017
"3140",1993-10-05,"1993",1994,5,14,8.8,3.28,17.8
"3141",1993-10-06,"1993",1994,6,NA,7.61428571428571,3.26,21.06
"3142",1993-10-07,"1993",1994,7,NA,6.42857142857143,3.33,24.39
"3143",1993-10-08,"1993",1994,8,NA,5.24285714285714,3.33,27.72
"3144",1993-10-09,"1993",1994,9,NA,4.05714285714286,4.11,31.83
"3145",1993-10-10,"1993",1994,10,NA,2.87142857142857,3.71,35.54
"3146",1993-10-11,"1993",1994,11,NA,1.68571428571429,3.55,39.09
"3147",1993-10-12,"1993",1994,12,NA,0.5,3.4,42.49
"3148",1993-10-13,"1993",1994,13,NA,NA,3.33,45.82
"3149",1993-10-14,"1993",1994,14,NA,NA,3.33,49.15
"3150",1993-10-15,"1993",1994,15,NA,NA,3.26,52.41
"3151",1993-10-16,"1993",1994,16,NA,NA,3.26,55.67
"3152",1993-10-17,"1993",1994,17,NA,NA,3.33,59
"3153",1993-10-18,"1993",1994,18,NA,NA,3.18,62.18
"3154",1993-10-19,"1993",1994,19,14,NA,2.92,65.1
"3155",1993-10-20,"1993",1994,20,14.4285714285714,NA,2.72,67.82
"3156",1993-10-21,"1993",1994,21,14.8571428571429,NA,2.59,70.41
"3157",1993-10-22,"1993",1994,22,15.2857142857143,NA,2.52,72.93
"3158",1993-10-23,"1993",1994,23,15.7142857142857,NA,2.38,75.31
"3159",1993-10-24,"1993",1994,24,16.1428571428571,NA,2.39,77.7
"3160",1993-10-25,"1993",1994,25,16.5714285714286,NA,2.39,80.09
"3161",1993-10-26,"1993",1994,26,17,3,2.39,82.48
"3162",1993-10-27,"1993",1994,27,16.8333333333333,NA,2.39,84.87
"3163",1993-10-28,"1993",1994,28,16.6666666666667,NA,2.39,87.26
"3164",1993-10-29,"1993",1994,29,16.5,NA,2.39,89.65
"3165",1993-10-30,"1993",1994,30,16.3333333333333,NA,2.39,92.04
"3166",1993-10-31,"1993",1994,31,16.1666666666667,NA,1.07,93.11
"3167",1993-11-01,"1993",1994,32,16,NA,1.07,94.18
"3168",1993-11-02,"1993",1994,33,16,NA,1.07,95.25
"3169",1993-11-03,"1993",1994,34,16.2857142857143,NA,1.07,96.32
"3170",1993-11-04,"1993",1994,35,16.5714285714286,NA,1.07,97.3899999999999
"3171",1993-11-05,"1993",1994,36,16.8571428571429,NA,1.07,98.4599999999999
"3172",1993-11-06,"1993",1994,37,17.1428571428571,NA,1.07,99.5299999999999
"3173",1993-11-07,"1993",1994,38,17.4285714285714,NA,1.07,100.6
"3174",1993-11-08,"1993",1994,39,17.7142857142857,NA,1.07,101.67
"3175",1993-11-09,"1993",1994,40,18,1.5,1.07,102.74
"3176",1993-11-10,"1993",1994,41,18.1428571428571,1.5,1.07,103.81
"3177",1993-11-11,"1993",1994,42,18.2857142857143,1.5,1.07,104.88
"3178",1993-11-12,"1993",1994,43,18.4285714285714,1.5,1.07,105.95
"3179",1993-11-13,"1993",1994,44,18.5714285714286,1.5,1.07,107.02
"3180",1993-11-14,"1993",1994,45,18.7142857142857,1.5,1.07,108.09
"3181",1993-11-15,"1993",1994,46,18.8571428571429,1.5,1.07,109.16
"3182",1993-11-16,"1993",1994,47,19,1.5,1.07,110.23
"3183",1993-11-17,"1993",1994,48,19.1428571428571,NA,1.07,111.3
"3184",1993-11-18,"1993",1994,49,19.2857142857143,NA,1.07,112.37
"3185",1993-11-19,"1993",1994,50,19.4285714285714,NA,1.07,113.44
"3186",1993-11-20,"1993",1994,51,19.5714285714286,NA,1.07,114.51
"3187",1993-11-21,"1993",1994,52,19.7142857142857,NA,1.07,115.58
"3188",1993-11-22,"1993",1994,53,19.8571428571429,NA,1.07,116.65
"3189",1993-11-23,"1993",1994,54,20,NA,1.07,117.72
"3190",1993-11-24,"1993",1994,55,20.1428571428571,NA,1.07,118.79
"3191",1993-11-25,"1993",1994,56,20.2857142857143,NA,1.07,119.86
"3192",1993-11-26,"1993",1994,57,20.4285714285714,NA,1.07,120.93
"3193",1993-11-27,"1993",1994,58,20.5714285714286,NA,1.07,122
"3194",1993-11-28,"1993",1994,59,20.7142857142857,NA,1.07,123.07
"3195",1993-11-29,"1993",1994,60,20.8571428571429,NA,1.07,124.14
"3196",1993-11-30,"1993",1994,61,21,0.5,0.36,124.5
"3197",1993-12-01,"1993",1994,62,21.1428571428571,0.5,0.36,124.86
"3198",1993-12-02,"1993",1994,63,21.2857142857143,0.5,0.36,125.22
"3199",1993-12-03,"1993",1994,64,21.4285714285714,0.5,0.36,125.58
"3200",1993-12-04,"1993",1994,65,21.5714285714286,0.5,0.36,125.94
"3201",1993-12-05,"1993",1994,66,21.7142857142857,0.5,0.36,126.3
"3202",1993-12-06,"1993",1994,67,21.8571428571429,0.5,0.36,126.66
"3203",1993-12-07,"1993",1994,68,22,0.5,0.36,127.02
"3204",1993-12-08,"1993",1994,69,21.8571428571429,0.5,0.36,127.38
"3205",1993-12-09,"1993",1994,70,21.7142857142857,0.5,0.36,127.74
"3206",1993-12-10,"1993",1994,71,21.5714285714286,0.5,0.36,128.1
"3207",1993-12-11,"1993",1994,72,21.4285714285714,0.5,0.36,128.46
"3208",1993-12-12,"1993",1994,73,21.2857142857143,0.5,0.36,128.82
"3209",1993-12-13,"1993",1994,74,21.1428571428571,0.5,0.36,129.18
"3210",1993-12-14,"1993",1994,75,21,0.5,0.36,129.54
"3211",1993-12-15,"1993",1994,76,21.1428571428571,0.5,0.36,129.9
"3212",1993-12-16,"1993",1994,77,21.2857142857143,0.5,0.36,130.26
"3213",1993-12-17,"1993",1994,78,21.4285714285714,0.5,0.36,130.62
"3214",1993-12-18,"1993",1994,79,21.5714285714286,0.5,0.36,130.98
"3215",1993-12-19,"1993",1994,80,21.7142857142857,0.5,0.36,131.34
"3216",1993-12-20,"1993",1994,81,21.8571428571429,0.5,0.36,131.7
"3217",1993-12-21,"1993",1994,82,22,0.5,0.36,132.06
"3218",1993-12-22,"1993",1994,83,22,0.5,0.36,132.42
"3219",1993-12-23,"1993",1994,84,22,0.5,0.36,132.78
"3220",1993-12-24,"1993",1994,85,22,0.5,0.36,133.14
"3221",1993-12-25,"1993",1994,86,22,0.5,0.36,133.5
"3222",1993-12-26,"1993",1994,87,22,0.5,0.36,133.86
"3223",1993-12-27,"1993",1994,88,22,0.5,0.36,134.22
"3224",1993-12-28,"1993",1994,89,22,0.5,0.36,134.58
"3225",1993-12-29,"1993",1994,90,21.8571428571429,0.428571428571429,0.36,134.94
"3226",1993-12-30,"1993",1994,91,21.7142857142857,0.357142857142857,0.36,135.3
"3227",1993-12-31,"1993",1994,92,21.5714285714286,0.285714285714286,0.01,135.31
"3228",1994-01-01,"1994",1994,93,21.4285714285714,0.214285714285714,0.01,135.32
"3229",1994-01-02,"1994",1994,94,21.2857142857143,0.142857142857143,0.01,135.33
"3230",1994-01-03,"1994",1994,95,21.1428571428571,0.0714285714285715,0.01,135.34
"3231",1994-01-04,"1994",1994,96,21,0,0.01,135.35
"3232",1994-01-05,"1994",1994,97,21.3333333333333,NA,0.01,135.36
"3233",1994-01-06,"1994",1994,98,21.6666666666667,NA,0.01,135.37
"3234",1994-01-07,"1994",1994,99,22,NA,0.01,135.38
"3235",1994-01-08,"1994",1994,100,22.3333333333333,NA,0.01,135.39
"3236",1994-01-09,"1994",1994,101,22.6666666666667,NA,0.01,135.4
"3237",1994-01-10,"1994",1994,102,23,NA,0.01,135.41
"3238",1994-01-11,"1994",1994,103,22.5714285714286,NA,0.01,135.42
"3239",1994-01-12,"1994",1994,104,22.1428571428571,NA,0.01,135.43
"3240",1994-01-13,"1994",1994,105,21.7142857142857,NA,0.01,135.44
"3241",1994-01-14,"1994",1994,106,21.2857142857143,NA,0.01,135.45
"3242",1994-01-15,"1994",1994,107,20.8571428571429,NA,0.01,135.46
"3243",1994-01-16,"1994",1994,108,20.4285714285714,NA,0.01,135.47
"3244",1994-01-17,"1994",1994,109,20,NA,0.01,135.48
"3245",1994-01-18,"1994",1994,110,20.25,NA,0.01,135.49
"3246",1994-01-19,"1994",1994,111,20.5,NA,0.01,135.5
"3247",1994-01-20,"1994",1994,112,20.75,NA,0.01,135.51
"3248",1994-01-21,"1994",1994,113,21,NA,0.01,135.52
"3249",1994-01-22,"1994",1994,114,21.25,NA,0.01,135.53
"3250",1994-01-23,"1994",1994,115,21.5,NA,0.01,135.54
"3251",1994-01-24,"1994",1994,116,21.75,NA,0.01,135.55
"3252",1994-01-25,"1994",1994,117,22,0,0.01,135.56
"3253",1994-01-26,"1994",1994,118,21.7142857142857,0,0.01,135.57
"3254",1994-01-27,"1994",1994,119,21.4285714285714,0,0.01,135.58
"3255",1994-01-28,"1994",1994,120,21.1428571428571,0,0.01,135.59
"3256",1994-01-29,"1994",1994,121,20.8571428571429,0,0.01,135.6
"3257",1994-01-30,"1994",1994,122,20.5714285714286,0,0.01,135.61
"3258",1994-01-31,"1994",1994,123,20.2857142857143,0,0.01,135.62
"3259",1994-02-01,"1994",1994,124,20,0,0.01,135.63
"3260",1994-02-02,"1994",1994,125,20.2857142857143,0,0.01,135.64
"3261",1994-02-03,"1994",1994,126,20.5714285714286,0,0.01,135.65
"3262",1994-02-04,"1994",1994,127,20.8571428571429,0,0.01,135.66
"3263",1994-02-05,"1994",1994,128,21.1428571428571,0,0.01,135.67
"3264",1994-02-06,"1994",1994,129,21.4285714285714,0,0.01,135.68
"3265",1994-02-07,"1994",1994,130,21.7142857142857,0,0.01,135.69
"3266",1994-02-08,"1994",1994,131,22,0,0.01,135.7
"3267",1994-02-09,"1994",1994,132,22,0,0.01,135.71
"3268",1994-02-10,"1994",1994,133,22,0,0.01,135.72
"3269",1994-02-11,"1994",1994,134,22,0,0.01,135.73
"3270",1994-02-12,"1994",1994,135,22,0,0.01,135.74
"3271",1994-02-13,"1994",1994,136,22,0,0.01,135.75
"3272",1994-02-14,"1994",1994,137,22,0,0.01,135.76
"3273",1994-02-15,"1994",1994,138,22,0,0.01,135.77
"3274",1994-02-16,"1994",1994,139,21.5714285714286,NA,0.01,135.78
"3275",1994-02-17,"1994",1994,140,21.1428571428571,NA,0.01,135.79
"3276",1994-02-18,"1994",1994,141,20.7142857142857,NA,0.01,135.8
"3277",1994-02-19,"1994",1994,142,20.2857142857143,NA,0.01,135.81
"3278",1994-02-20,"1994",1994,143,19.8571428571429,NA,0.01,135.82
"3279",1994-02-21,"1994",1994,144,19.4285714285714,NA,0.01,135.83
"3280",1994-02-22,"1994",1994,145,19,NA,0.01,135.84
"3281",1994-02-23,"1994",1994,146,19.1666666666667,NA,0.01,135.85
"3282",1994-02-24,"1994",1994,147,19.3333333333333,NA,0.01,135.86
"3283",1994-02-25,"1994",1994,148,19.5,NA,0.01,135.87
"3284",1994-02-26,"1994",1994,149,19.6666666666667,NA,0.01,135.88
"3285",1994-02-27,"1994",1994,150,19.8333333333333,NA,0.01,135.89
"3286",1994-02-28,"1994",1994,151,20,NA,0.36,136.25
"3287",1994-03-01,"1994",1994,152,20,NA,0.36,136.61
"3288",1994-03-02,"1994",1994,153,19.5714285714286,NA,0.36,136.97
"3289",1994-03-03,"1994",1994,154,19.1428571428571,NA,0.36,137.33
"3290",1994-03-04,"1994",1994,155,18.7142857142857,NA,0.36,137.69
"3291",1994-03-05,"1994",1994,156,18.2857142857143,NA,0.36,138.05
"3292",1994-03-06,"1994",1994,157,17.8571428571429,NA,0.36,138.41
"3293",1994-03-07,"1994",1994,158,17.4285714285714,NA,0.36,138.77
"3294",1994-03-08,"1994",1994,159,17,0,0.36,139.13
"3295",1994-03-09,"1994",1994,160,17.1428571428571,NA,0.36,139.49
"3296",1994-03-10,"1994",1994,161,17.2857142857143,NA,0.36,139.85
"3297",1994-03-11,"1994",1994,162,17.4285714285714,NA,0.36,140.21
"3298",1994-03-12,"1994",1994,163,17.5714285714286,NA,0.36,140.57
"3299",1994-03-13,"1994",1994,164,17.7142857142857,NA,0.36,140.93
"3300",1994-03-14,"1994",1994,165,17.8571428571429,NA,0.36,141.29
"3301",1994-03-15,"1994",1994,166,18,NA,0.36,141.65
"3302",1994-03-16,"1994",1994,167,18.1428571428571,NA,0.36,142.01
"3303",1994-03-17,"1994",1994,168,18.2857142857143,NA,0.36,142.37
"3304",1994-03-18,"1994",1994,169,18.4285714285714,NA,0.36,142.73
"3305",1994-03-19,"1994",1994,170,18.5714285714286,NA,0.36,143.09
"3306",1994-03-20,"1994",1994,171,18.7142857142857,NA,0.36,143.45
"3307",1994-03-21,"1994",1994,172,18.8571428571429,NA,0.36,143.81
"3308",1994-03-22,"1994",1994,173,19,NA,0.36,144.17
"3309",1994-03-23,"1994",1994,174,18.8571428571429,NA,0.36,144.53
"3310",1994-03-24,"1994",1994,175,18.7142857142857,NA,0.36,144.89
"3311",1994-03-25,"1994",1994,176,18.5714285714286,NA,0.36,145.25
"3312",1994-03-26,"1994",1994,177,18.4285714285714,NA,0.36,145.61
"3313",1994-03-27,"1994",1994,178,18.2857142857143,NA,0.36,145.97
"3314",1994-03-28,"1994",1994,179,18.1428571428571,NA,0.36,146.33
"3315",1994-03-29,"1994",1994,180,18,0,0.36,146.69
"3316",1994-03-30,"1994",1994,181,18.4285714285714,0,0.36,147.05
"3317",1994-03-31,"1994",1994,182,18.8571428571429,0,1.07,148.12
"3318",1994-04-01,"1994",1994,183,19.2857142857143,0,1.07,149.19
"3319",1994-04-02,"1994",1994,184,19.7142857142857,0,1.07,150.26
"3320",1994-04-03,"1994",1994,185,20.1428571428571,0,1.07,151.33
"3321",1994-04-04,"1994",1994,186,20.5714285714286,0,1.07,152.4
"3322",1994-04-05,"1994",1994,187,21,0,1.07,153.47
"3323",1994-04-06,"1994",1994,188,20.8571428571429,0,1.07,154.54
"3324",1994-04-07,"1994",1994,189,20.7142857142857,0,1.07,155.61
"3325",1994-04-08,"1994",1994,190,20.5714285714286,0,1.07,156.68
"3326",1994-04-09,"1994",1994,191,20.4285714285714,0,1.07,157.75
"3327",1994-04-10,"1994",1994,192,20.2857142857143,0,1.07,158.82
"3328",1994-04-11,"1994",1994,193,20.1428571428571,0,1.07,159.89
"3329",1994-04-12,"1994",1994,194,20,0,1.07,160.96
"3330",1994-04-13,"1994",1994,195,19.8571428571429,0,1.07,162.03
"3331",1994-04-14,"1994",1994,196,19.7142857142857,0,1.07,163.1
"3332",1994-04-15,"1994",1994,197,19.5714285714286,0,1.07,164.17
"3333",1994-04-16,"1994",1994,198,19.4285714285714,0,1.07,165.24
"3334",1994-04-17,"1994",1994,199,19.2857142857143,0,1.07,166.31
"3335",1994-04-18,"1994",1994,200,19.1428571428571,0,1.07,167.38
"3336",1994-04-19,"1994",1994,201,19,0,1.07,168.45
"3337",1994-04-20,"1994",1994,202,18.5714285714286,0,1.07,169.52
"3338",1994-04-21,"1994",1994,203,18.1428571428571,0,1.07,170.59
"3339",1994-04-22,"1994",1994,204,17.7142857142857,0,1.07,171.66
"3340",1994-04-23,"1994",1994,205,17.2857142857143,0,1.07,172.73
"3341",1994-04-24,"1994",1994,206,16.8571428571429,0,1.07,173.8
"3342",1994-04-25,"1994",1994,207,16.4285714285714,0,1.07,174.87
"3343",1994-04-26,"1994",1994,208,16,0,1.07,175.94
"3344",1994-04-27,"1994",1994,209,16.3333333333333,0.166666666666667,1.07,177.01
"3345",1994-04-28,"1994",1994,210,16.6666666666667,0.333333333333333,1.07,178.08
"3346",1994-04-29,"1994",1994,211,17,0.5,1.07,179.15
"3347",1994-04-30,"1994",1994,212,17.3333333333333,0.666666666666667,1.07,180.22
"3348",1994-05-01,"1994",1994,213,17.6666666666667,0.833333333333333,1.07,181.29
"3349",1994-05-02,"1994",1994,214,18,1,1.07,182.36
"3350",1994-05-03,"1994",1994,215,17.75,1,1.07,183.43
"3351",1994-05-04,"1994",1994,216,17.5,1,3.78,187.21
"3352",1994-05-05,"1994",1994,217,17.25,1,5.88,193.09
"3353",1994-05-06,"1994",1994,218,17,1,8.06,201.15
"3354",1994-05-07,"1994",1994,219,16.75,1,8.77,209.92
"3355",1994-05-08,"1994",1994,220,16.5,1,8.99,218.91
"3356",1994-05-09,"1994",1994,221,16.25,1,9.71,228.62
"3357",1994-05-10,"1994",1994,222,16,1,11.2,239.82
"3358",1994-05-11,"1994",1994,223,16.2857142857143,1.42857142857143,15.1,254.92
"3359",1994-05-12,"1994",1994,224,16.5714285714286,1.85714285714286,14.4,269.32
"3360",1994-05-13,"1994",1994,225,16.8571428571429,2.28571428571429,12.1,281.42
"3361",1994-05-14,"1994",1994,226,17.1428571428571,2.71428571428571,10.2,291.62
"3362",1994-05-15,"1994",1994,227,17.4285714285714,3.14285714285714,13.7,305.32
"3363",1994-05-16,"1994",1994,228,17.7142857142857,3.57142857142857,14.6,319.92
"3364",1994-05-17,"1994",1994,229,18,4,13.6,333.52
"3365",1994-05-18,"1994",1994,230,17.5714285714286,4,13.8,347.32
"3366",1994-05-19,"1994",1994,231,17.1428571428571,4,14.2,361.52
"3367",1994-05-20,"1994",1994,232,16.7142857142857,4,13.2,374.72
"3368",1994-05-21,"1994",1994,233,16.2857142857143,4,13.2,387.92
"3369",1994-05-22,"1994",1994,234,15.8571428571429,4,12.8,400.72
"3370",1994-05-23,"1994",1994,235,15.4285714285714,4,12,412.72
"3371",1994-05-24,"1994",1994,236,15,4,11.6,424.32
"3372",1994-05-25,"1994",1994,237,14.8571428571429,4.28571428571429,13.3,437.62
"3373",1994-05-26,"1994",1994,238,14.7142857142857,4.57142857142857,17.1,454.72
"3374",1994-05-27,"1994",1994,239,14.5714285714286,4.85714285714286,19,473.72
"3375",1994-05-28,"1994",1994,240,14.4285714285714,5.14285714285714,21,494.72
"3376",1994-05-29,"1994",1994,241,14.2857142857143,5.42857142857143,21.1,515.82
"3377",1994-05-30,"1994",1994,242,14.1428571428571,5.71428571428571,27.8,543.62
"3378",1994-05-31,"1994",1994,243,14,6,30.4,574.02
"3379",1994-06-01,"1994",1994,244,14,6.14285714285714,23.4,597.42
"3380",1994-06-02,"1994",1994,245,14,6.28571428571429,24.6,622.02
"3381",1994-06-03,"1994",1994,246,14,6.42857142857143,24.2,646.22
"3382",1994-06-04,"1994",1994,247,14,6.57142857142857,22.6,668.82
"3383",1994-06-05,"1994",1994,248,14,6.71428571428571,22.5,691.32
"3384",1994-06-06,"1994",1994,249,14,6.85714285714286,21,712.32
"3385",1994-06-07,"1994",1994,250,14,7,18.5,730.82
"3386",1994-06-08,"1994",1994,251,13.8571428571429,7.14285714285714,15.6,746.42
"3387",1994-06-09,"1994",1994,252,13.7142857142857,7.28571428571429,14.2,760.62
"3388",1994-06-10,"1994",1994,253,13.5714285714286,7.42857142857143,16.5,777.12
"3389",1994-06-11,"1994",1994,254,13.4285714285714,7.57142857142857,17.5,794.62
"3390",1994-06-12,"1994",1994,255,13.2857142857143,7.71428571428571,15.9,810.52
"3391",1994-06-13,"1994",1994,256,13.1428571428571,7.85714285714286,16.2,826.72
"3392",1994-06-14,"1994",1994,257,13,8,17.3,844.02
"3393",1994-06-15,"1994",1994,258,12.4285714285714,7.21428571428571,17.8,861.82
"3394",1994-06-16,"1994",1994,259,11.8571428571429,6.42857142857143,18.6,880.42
"3395",1994-06-17,"1994",1994,260,11.2857142857143,5.64285714285714,22.7,903.12
"3396",1994-06-18,"1994",1994,261,10.7142857142857,4.85714285714286,24.2,927.32
"3397",1994-06-19,"1994",1994,262,10.1428571428571,4.07142857142857,23.2,950.52
"3398",1994-06-20,"1994",1994,263,9.57142857142857,3.28571428571429,24.8,975.32
"3399",1994-06-21,"1994",1994,264,9,2.5,32.6,1007.92
"3400",1994-06-22,"1994",1994,265,8.85714285714286,NA,24.8,1032.72
"3401",1994-06-23,"1994",1994,266,8.71428571428571,NA,20.8,1053.52
"3402",1994-06-24,"1994",1994,267,8.57142857142857,NA,19.5,1073.02
"3403",1994-06-25,"1994",1994,268,8.42857142857143,NA,19.6,1092.62
"3404",1994-06-26,"1994",1994,269,8.28571428571429,NA,19.1,1111.72
"3405",1994-06-27,"1994",1994,270,8.14285714285714,NA,15.7,1127.42
"3406",1994-06-28,"1994",1994,271,8,NA,14.5,1141.92
"3407",1994-06-29,"1994",1994,272,8,NA,15.3,1157.22
"3408",1994-06-30,"1994",1994,273,8,NA,14.5,1171.72
"3409",1994-07-01,"1994",1994,274,8,NA,13.9,1185.62
"3410",1994-07-02,"1994",1994,275,8,NA,14.5,1200.12
"3411",1994-07-03,"1994",1994,276,8,NA,14.9,1215.02
"3412",1994-07-04,"1994",1994,277,8,NA,15.4,1230.42
"3413",1994-07-05,"1994",1994,278,8,8,14.6,1245.02
"3414",1994-07-06,"1994",1994,279,6.85714285714286,NA,13.2,1258.22
"3415",1994-07-07,"1994",1994,280,5.71428571428571,NA,11,1269.22
"3416",1994-07-08,"1994",1994,281,4.57142857142857,NA,10.5,1279.72
"3417",1994-07-09,"1994",1994,282,3.42857142857143,NA,10.9,1290.62
"3418",1994-07-10,"1994",1994,283,2.28571428571429,NA,11.9,1302.52
"3419",1994-07-11,"1994",1994,284,1.14285714285714,NA,12.2,1314.72
"3420",1994-07-12,"1994",1994,285,0,NA,12.3,1327.02
"3421",1994-07-13,"1994",1994,286,1.14285714285714,NA,12.7,1339.72
"3422",1994-07-14,"1994",1994,287,2.28571428571429,NA,15.3,1355.02
"3423",1994-07-15,"1994",1994,288,3.42857142857143,NA,12.2,1367.22
"3424",1994-07-16,"1994",1994,289,4.57142857142857,NA,12.2,1379.42
"3425",1994-07-17,"1994",1994,290,5.71428571428571,NA,12.2,1391.62
"3426",1994-07-18,"1994",1994,291,6.85714285714286,NA,8.37,1399.99
"3427",1994-07-19,"1994",1994,292,8,NA,12.3,1412.29
"3428",1994-07-20,"1994",1994,293,8,NA,12.6,1424.89
"3429",1994-07-21,"1994",1994,294,8,NA,12.1,1436.99
"3430",1994-07-22,"1994",1994,295,8,NA,11.9,1448.89
"3431",1994-07-23,"1994",1994,296,8,NA,12,1460.89
"3432",1994-07-24,"1994",1994,297,8,NA,12.5,1473.39
"3433",1994-07-25,"1994",1994,298,8,NA,13,1486.39
"3434",1994-07-26,"1994",1994,299,8,14,12.5,1498.89
"3435",1994-07-27,"1994",1994,300,8.28571428571429,14.1428571428571,11.5,1510.39
"3436",1994-07-28,"1994",1994,301,8.57142857142857,14.2857142857143,10.8,1521.19
"3437",1994-07-29,"1994",1994,302,8.85714285714286,14.4285714285714,10.6,1531.79
"3438",1994-07-30,"1994",1994,303,9.14285714285714,14.5714285714286,10.7,1542.49
"3439",1994-07-31,"1994",1994,304,9.42857142857143,14.7142857142857,11.1,1553.59
"3440",1994-08-01,"1994",1994,305,9.71428571428571,14.8571428571429,11,1564.59
"3441",1994-08-02,"1994",1994,306,10,15,10.6,1575.19
"3442",1994-08-03,"1994",1994,307,9.57142857142857,14.2857142857143,10.1,1585.29
"3443",1994-08-04,"1994",1994,308,9.14285714285714,13.5714285714286,9.93,1595.22
"3444",1994-08-05,"1994",1994,309,8.71428571428572,12.8571428571429,10.4,1605.62
"3445",1994-08-06,"1994",1994,310,8.28571428571429,12.1428571428571,10.3,1615.92
"3446",1994-08-07,"1994",1994,311,7.85714285714286,11.4285714285714,9.32,1625.24
"3447",1994-08-08,"1994",1994,312,7.42857142857143,10.7142857142857,9.01,1634.25
"3448",1994-08-09,"1994",1994,313,7,10,10.8,1645.05
"3449",1994-08-10,"1994",1994,314,7.14285714285714,10.5714285714286,11.4,1656.45
"3450",1994-08-11,"1994",1994,315,7.28571428571429,11.1428571428571,11.6,1668.05
"3451",1994-08-12,"1994",1994,316,7.42857142857143,11.7142857142857,12,1680.05
"3452",1994-08-13,"1994",1994,317,7.57142857142857,12.2857142857143,12,1692.05
"3453",1994-08-14,"1994",1994,318,7.71428571428571,12.8571428571429,11.2,1703.25
"3454",1994-08-15,"1994",1994,319,7.85714285714286,13.4285714285714,10.3,1713.55
"3455",1994-08-16,"1994",1994,320,8,14,10.5,1724.05
"3456",1994-08-17,"1994",1994,321,8.14285714285714,13.2857142857143,10.3,1734.35
"3457",1994-08-18,"1994",1994,322,8.28571428571429,12.5714285714286,9.73,1744.08
"3458",1994-08-19,"1994",1994,323,8.42857142857143,11.8571428571429,9.64,1753.72
"3459",1994-08-20,"1994",1994,324,8.57142857142857,11.1428571428571,9.54,1763.26
"3460",1994-08-21,"1994",1994,325,8.71428571428571,10.4285714285714,9.45,1772.71
"3461",1994-08-22,"1994",1994,326,8.85714285714286,9.71428571428572,9.64,1782.35
"3462",1994-08-23,"1994",1994,327,9,9,9.27,1791.62
"3463",1994-08-24,"1994",1994,328,9.14285714285714,9.35714285714286,9.07,1800.69
"3464",1994-08-25,"1994",1994,329,9.28571428571429,9.71428571428571,8.97,1809.66
"3465",1994-08-26,"1994",1994,330,9.42857142857143,10.0714285714286,8.79,1818.45
"3466",1994-08-27,"1994",1994,331,9.57142857142857,10.4285714285714,11.8,1830.25
"3467",1994-08-28,"1994",1994,332,9.71428571428571,10.7857142857143,13.1,1843.35
"3468",1994-08-29,"1994",1994,333,9.85714285714286,11.1428571428571,11.8,1855.15
"3469",1994-08-30,"1994",1994,334,10,11.5,11.2,1866.35
"3470",1994-08-31,"1994",1994,335,10.5714285714286,11.5,11.3,1877.65
"3471",1994-09-01,"1994",1994,336,11.1428571428571,11.5,11.1,1888.75
"3472",1994-09-02,"1994",1994,337,11.7142857142857,11.5,10.8,1899.55
"3473",1994-09-03,"1994",1994,338,12.2857142857143,11.5,10.6,1910.15
"3474",1994-09-04,"1994",1994,339,12.8571428571429,11.5,10.1,1920.25
"3475",1994-09-05,"1994",1994,340,13.4285714285714,11.5,9.27,1929.52
"3476",1994-09-06,"1994",1994,341,14,11.5,8.43,1937.95
"3477",1994-09-07,"1994",1994,342,14,11.4285714285714,7.89,1945.84
"3478",1994-09-08,"1994",1994,343,14,11.3571428571429,7.55,1953.39
"3479",1994-09-09,"1994",1994,344,14,11.2857142857143,7.21,1960.6
"3480",1994-09-10,"1994",1994,345,14,11.2142857142857,6.88,1967.48
"3481",1994-09-11,"1994",1994,346,14,11.1428571428571,6.72,1974.2
"3482",1994-09-12,"1994",1994,347,14,11.0714285714286,6.32,1980.52
"3483",1994-09-13,"1994",1994,348,14,11,6.25,1986.77
"3484",1994-09-14,"1994",1994,349,13.8571428571429,10.5714285714286,5.78,1992.55
"3485",1994-09-15,"1994",1994,350,13.7142857142857,10.1428571428571,5.65,1998.2
"3486",1994-09-16,"1994",1994,351,13.5714285714286,9.71428571428572,5.11,2003.31
"3487",1994-09-17,"1994",1994,352,13.4285714285714,9.28571428571429,4.38,2007.69
"3488",1994-09-18,"1994",1994,353,13.2857142857143,8.85714285714286,4.22,2011.91
"3489",1994-09-19,"1994",1994,354,13.1428571428571,8.42857142857143,4.07,2015.98
"3490",1994-09-20,"1994",1994,355,13,8,3.84,2019.82
"3491",1994-09-21,"1994",1994,356,13.3333333333333,7.57142857142857,3.77,2023.59
"3492",1994-09-22,"1994",1994,357,13.6666666666667,7.14285714285714,3.62,2027.21
"3493",1994-09-23,"1994",1994,358,14,6.71428571428571,3.47,2030.68
"3494",1994-09-24,"1994",1994,359,14.3333333333333,6.28571428571429,3.26,2033.94
"3495",1994-09-25,"1994",1994,360,14.6666666666667,5.85714285714286,3.05,2036.99
"3496",1994-09-26,"1994",1994,361,15,5.42857142857143,2.92,2039.91
"3497",1994-10-04,"1994",1995,4,13,5,1.58,8.63
"3498",1994-10-05,"1994",1995,5,13.2857142857143,4.92857142857143,1.63,10.26
"3499",1994-10-06,"1994",1995,6,13.5714285714286,4.85714285714286,1.63,11.89
"3500",1994-10-07,"1994",1995,7,13.8571428571429,4.78571428571429,1.72,13.61
"3501",1994-10-08,"1994",1995,8,14.1428571428571,4.71428571428571,1.63,15.24
"3502",1994-10-09,"1994",1995,9,14.4285714285714,4.64285714285714,1.61,16.85
"3503",1994-10-10,"1994",1995,10,14.7142857142857,4.57142857142857,1.93,18.78
"3504",1994-10-11,"1994",1995,11,15,4.5,1.97,20.75
"3505",1994-10-12,"1994",1995,12,14.8571428571429,3.92857142857143,1.97,22.72
"3506",1994-10-13,"1994",1995,13,14.7142857142857,3.35714285714286,1.85,24.57
"3507",1994-10-14,"1994",1995,14,14.5714285714286,2.78571428571429,1.79,26.36
"3508",1994-10-15,"1994",1995,15,14.4285714285714,2.21428571428571,1.74,28.1
"3509",1994-10-16,"1994",1995,16,14.2857142857143,1.64285714285714,1.68,29.78
"3510",1994-10-17,"1994",1995,17,14.1428571428571,1.07142857142857,1.73,31.51
"3511",1994-10-18,"1994",1995,18,14,0.5,1.28,32.79
"3512",1994-10-19,"1994",1995,19,14,0.714285714285714,1.36,34.15
"3513",1994-10-20,"1994",1995,20,14,0.928571428571429,1.36,35.51
"3514",1994-10-21,"1994",1995,21,14,1.14285714285714,1.36,36.87
"3515",1994-10-22,"1994",1995,22,14,1.35714285714286,1.36,38.23
"3516",1994-10-23,"1994",1995,23,14,1.57142857142857,1.36,39.59
"3517",1994-10-24,"1994",1995,24,14,1.78571428571429,1.36,40.95
"3518",1994-10-25,"1994",1995,25,14,2,1.36,42.31
"3519",1994-10-26,"1994",1995,26,14.2857142857143,1.85714285714286,1.36,43.67
"3520",1994-10-27,"1994",1995,27,14.5714285714286,1.71428571428571,1.36,45.03
"3521",1994-10-28,"1994",1995,28,14.8571428571429,1.57142857142857,1.36,46.39
"3522",1994-10-29,"1994",1995,29,15.1428571428571,1.42857142857143,1.36,47.75
"3523",1994-10-30,"1994",1995,30,15.4285714285714,1.28571428571429,1.36,49.11
"3524",1994-10-31,"1994",1995,31,15.7142857142857,1.14285714285714,1.07,50.18
"3525",1994-11-01,"1994",1995,32,16,1,1.07,51.25
"3526",1994-11-02,"1994",1995,33,15.4285714285714,1.28571428571429,1.07,52.32
"3527",1994-11-03,"1994",1995,34,14.8571428571429,1.57142857142857,1.07,53.39
"3528",1994-11-04,"1994",1995,35,14.2857142857143,1.85714285714286,1.07,54.46
"3529",1994-11-05,"1994",1995,36,13.7142857142857,2.14285714285714,1.07,55.53
"3530",1994-11-06,"1994",1995,37,13.1428571428571,2.42857142857143,1.07,56.6
"3531",1994-11-07,"1994",1995,38,12.5714285714286,2.71428571428571,1.07,57.67
"3532",1994-11-08,"1994",1995,39,12,3,1.07,58.74
"3533",1994-11-09,"1994",1995,40,12.5,2.66666666666667,1.07,59.81
"3534",1994-11-10,"1994",1995,41,13,2.33333333333333,1.07,60.88
"3535",1994-11-11,"1994",1995,42,13.5,2,1.07,61.95
"3536",1994-11-12,"1994",1995,43,14,1.66666666666667,1.07,63.02
"3537",1994-11-13,"1994",1995,44,14.5,1.33333333333333,1.07,64.09
"3538",1994-11-14,"1994",1995,45,15,1,1.07,65.16
"3539",1994-11-15,"1994",1995,46,15.125,0.875,1.07,66.23
"3540",1994-11-16,"1994",1995,47,15.25,0.75,1.07,67.3
"3541",1994-11-17,"1994",1995,48,15.375,0.625,1.07,68.37
"3542",1994-11-18,"1994",1995,49,15.5,0.5,1.07,69.44
"3543",1994-11-19,"1994",1995,50,15.625,0.375,1.07,70.51
"3544",1994-11-20,"1994",1995,51,15.75,0.25,1.07,71.5799999999999
"3545",1994-11-21,"1994",1995,52,15.875,0.125,1.07,72.6499999999999
"3546",1994-11-22,"1994",1995,53,16,0,1.07,73.7199999999999
"3547",1994-11-23,"1994",1995,54,16.2857142857143,-0.285714285714286,1.07,74.7899999999999
"3548",1994-11-24,"1994",1995,55,16.5714285714286,-0.571428571428571,1.07,75.8599999999999
"3549",1994-11-25,"1994",1995,56,16.8571428571429,-0.857142857142857,1.07,76.9299999999999
"3550",1994-11-26,"1994",1995,57,17.1428571428571,-1.14285714285714,1.07,77.9999999999999
"3551",1994-11-27,"1994",1995,58,17.4285714285714,-1.42857142857143,1.07,79.0699999999999
"3552",1994-11-28,"1994",1995,59,17.7142857142857,-1.71428571428571,1.07,80.1399999999999
"3553",1994-11-29,"1994",1995,60,18,-2,1.07,81.2099999999999
"3554",1994-11-30,"1994",1995,61,18,-1.71428571428571,0.36,81.5699999999999
"3555",1994-12-01,"1994",1995,62,18,-1.42857142857143,0.36,81.9299999999999
"3556",1994-12-02,"1994",1995,63,18,-1.14285714285714,0.36,82.2899999999999
"3557",1994-12-03,"1994",1995,64,18,-0.857142857142857,0.36,82.6499999999999
"3558",1994-12-04,"1994",1995,65,18,-0.571428571428571,0.36,83.0099999999999
"3559",1994-12-05,"1994",1995,66,18,-0.285714285714286,0.36,83.3699999999999
"3560",1994-12-06,"1994",1995,67,18,0,0.36,83.7299999999999
"3561",1994-12-07,"1994",1995,68,18,0,0.36,84.0899999999999
"3562",1994-12-08,"1994",1995,69,18,0,0.36,84.4499999999999
"3563",1994-12-09,"1994",1995,70,18,0,0.36,84.8099999999999
"3564",1994-12-10,"1994",1995,71,18,0,0.36,85.1699999999999
"3565",1994-12-11,"1994",1995,72,18,0,0.36,85.5299999999999
"3566",1994-12-12,"1994",1995,73,18,0,0.36,85.8899999999999
"3567",1994-12-13,"1994",1995,74,18,0,0.36,86.2499999999999
"3568",1994-12-14,"1994",1995,75,NA,NA,0.36,86.6099999999999
"3569",1994-12-15,"1994",1995,76,NA,NA,0.36,86.9699999999999
"3570",1994-12-16,"1994",1995,77,NA,NA,0.36,87.3299999999999
"3571",1994-12-17,"1994",1995,78,NA,NA,0.36,87.6899999999999
"3572",1994-12-18,"1994",1995,79,NA,NA,0.36,88.0499999999999
"3573",1994-12-19,"1994",1995,80,NA,NA,0.36,88.4099999999999
"3574",1994-12-20,"1994",1995,81,NA,NA,0.36,88.7699999999999
"3575",1994-12-21,"1994",1995,82,NA,NA,0.36,89.1299999999999
"3576",1994-12-22,"1994",1995,83,NA,NA,0.36,89.4899999999999
"3577",1994-12-23,"1994",1995,84,NA,NA,0.36,89.8499999999999
"3578",1994-12-24,"1994",1995,85,NA,NA,0.36,90.2099999999999
"3579",1994-12-25,"1994",1995,86,NA,NA,0.36,90.5699999999999
"3580",1994-12-26,"1994",1995,87,NA,NA,0.36,90.9299999999999
"3581",1994-12-27,"1994",1995,88,21,1,0.36,91.2899999999999
"3582",1994-12-28,"1994",1995,89,20.7142857142857,0.857142857142857,0.36,91.6499999999999
"3583",1994-12-29,"1994",1995,90,20.4285714285714,0.714285714285714,0.36,92.0099999999999
"3584",1994-12-30,"1994",1995,91,20.1428571428571,0.571428571428571,0.36,92.3699999999999
"3585",1994-12-31,"1994",1995,92,19.8571428571429,0.428571428571429,0.01,92.3799999999999
"3586",1995-01-01,"1995",1995,93,19.5714285714286,0.285714285714286,0.01,92.3899999999999
"3587",1995-01-02,"1995",1995,94,19.2857142857143,0.142857142857143,0.01,92.3999999999999
"3588",1995-01-03,"1995",1995,95,19,0,0.01,92.4099999999999
"3589",1995-01-04,"1995",1995,96,19.5714285714286,NA,0.01,92.4199999999999
"3590",1995-01-05,"1995",1995,97,20.1428571428571,NA,0.01,92.4299999999999
"3591",1995-01-06,"1995",1995,98,20.7142857142857,NA,0.01,92.4399999999999
"3592",1995-01-07,"1995",1995,99,21.2857142857143,NA,0.01,92.4499999999999
"3593",1995-01-08,"1995",1995,100,21.8571428571429,NA,0.01,92.4599999999999
"3594",1995-01-09,"1995",1995,101,22.4285714285714,NA,0.01,92.4699999999999
"3595",1995-01-10,"1995",1995,102,23,NA,0.01,92.4799999999999
"3596",1995-01-11,"1995",1995,103,22.2857142857143,NA,0.01,92.4899999999999
"3597",1995-01-12,"1995",1995,104,21.5714285714286,NA,0.01,92.4999999999999
"3598",1995-01-13,"1995",1995,105,20.8571428571429,NA,0.01,92.5099999999999
"3599",1995-01-14,"1995",1995,106,20.1428571428571,NA,0.01,92.5199999999999
"3600",1995-01-15,"1995",1995,107,19.4285714285714,NA,0.01,92.53
"3601",1995-01-16,"1995",1995,108,18.7142857142857,NA,0.01,92.54
"3602",1995-01-17,"1995",1995,109,18,0,0.01,92.55
"3603",1995-01-18,"1995",1995,110,18.5714285714286,0,0.01,92.56
"3604",1995-01-19,"1995",1995,111,19.1428571428571,0,0.01,92.57
"3605",1995-01-20,"1995",1995,112,19.7142857142857,0,0.01,92.58
"3606",1995-01-21,"1995",1995,113,20.2857142857143,0,0.01,92.59
"3607",1995-01-22,"1995",1995,114,20.8571428571429,0,0.01,92.6
"3608",1995-01-23,"1995",1995,115,21.4285714285714,0,0.01,92.61
"3609",1995-01-24,"1995",1995,116,22,0,0.01,92.62
"3610",1995-01-25,"1995",1995,117,21.7142857142857,0,0.01,92.63
"3611",1995-01-26,"1995",1995,118,21.4285714285714,0,0.01,92.64
"3612",1995-01-27,"1995",1995,119,21.1428571428571,0,0.01,92.65
"3613",1995-01-28,"1995",1995,120,20.8571428571429,0,0.01,92.66
"3614",1995-01-29,"1995",1995,121,20.5714285714286,0,0.01,92.67
"3615",1995-01-30,"1995",1995,122,20.2857142857143,0,0.01,92.68
"3616",1995-01-31,"1995",1995,123,20,0,0.01,92.69
"3617",1995-02-01,"1995",1995,124,19.8333333333333,0,0.01,92.7
"3618",1995-02-02,"1995",1995,125,19.6666666666667,0,0.01,92.71
"3619",1995-02-03,"1995",1995,126,19.5,0,0.01,92.72
"3620",1995-02-04,"1995",1995,127,19.3333333333333,0,0.01,92.73
"3621",1995-02-05,"1995",1995,128,19.1666666666667,0,0.01,92.74
"3622",1995-02-06,"1995",1995,129,19,0,0.01,92.7500000000001
"3623",1995-02-07,"1995",1995,130,19,0,0.01,92.7600000000001
"3624",1995-02-08,"1995",1995,131,19,0,0.01,92.7700000000001
"3625",1995-02-09,"1995",1995,132,19,0,0.01,92.7800000000001
"3626",1995-02-10,"1995",1995,133,19,0,0.01,92.7900000000001
"3627",1995-02-11,"1995",1995,134,19,0,0.01,92.8000000000001
"3628",1995-02-12,"1995",1995,135,19,0,0.01,92.8100000000001
"3629",1995-02-13,"1995",1995,136,19,0,0.01,92.8200000000001
"3630",1995-02-14,"1995",1995,137,19,0,0.01,92.8300000000001
"3631",1995-02-15,"1995",1995,138,19.1428571428571,0,0.01,92.8400000000001
"3632",1995-02-16,"1995",1995,139,19.2857142857143,0,0.01,92.8500000000001
"3633",1995-02-17,"1995",1995,140,19.4285714285714,0,0.01,92.8600000000001
"3634",1995-02-18,"1995",1995,141,19.5714285714286,0,0.01,92.8700000000001
"3635",1995-02-19,"1995",1995,142,19.7142857142857,0,0.01,92.8800000000001
"3636",1995-02-20,"1995",1995,143,19.8571428571429,0,0.01,92.8900000000001
"3637",1995-02-21,"1995",1995,144,20,0,0.01,92.9000000000001
"3638",1995-02-22,"1995",1995,145,19.4285714285714,0,0.01,92.9100000000001
"3639",1995-02-23,"1995",1995,146,18.8571428571429,0,0.01,92.9200000000001
"3640",1995-02-24,"1995",1995,147,18.2857142857143,0,0.01,92.9300000000001
"3641",1995-02-25,"1995",1995,148,17.7142857142857,0,0.01,92.9400000000002
"3642",1995-02-26,"1995",1995,149,17.1428571428571,0,0.01,92.9500000000002
"3643",1995-02-27,"1995",1995,150,16.5714285714286,0,0.01,92.9600000000002
"3644",1995-02-28,"1995",1995,151,16,0,0.36,93.3200000000002
"3645",1995-03-01,"1995",1995,152,16.2857142857143,0,0.36,93.6800000000002
"3646",1995-03-02,"1995",1995,153,16.5714285714286,0,0.36,94.0400000000002
"3647",1995-03-03,"1995",1995,154,16.8571428571429,0,0.36,94.4000000000002
"3648",1995-03-04,"1995",1995,155,17.1428571428571,0,0.36,94.7600000000002
"3649",1995-03-05,"1995",1995,156,17.4285714285714,0,0.36,95.1200000000002
"3650",1995-03-06,"1995",1995,157,17.7142857142857,0,0.36,95.4800000000002
"3651",1995-03-07,"1995",1995,158,18,0,0.36,95.8400000000002
"3652",1995-03-08,"1995",1995,159,17.7142857142857,0,0.36,96.2000000000002
"3653",1995-03-09,"1995",1995,160,17.4285714285714,0,0.36,96.5600000000002
"3654",1995-03-10,"1995",1995,161,17.1428571428571,0,0.36,96.9200000000002
"3655",1995-03-11,"1995",1995,162,16.8571428571429,0,0.36,97.2800000000002
"3656",1995-03-12,"1995",1995,163,16.5714285714286,0,0.36,97.6400000000002
"3657",1995-03-13,"1995",1995,164,16.2857142857143,0,0.36,98.0000000000002
"3658",1995-03-14,"1995",1995,165,16,0,0.36,98.3600000000002
"3659",1995-03-15,"1995",1995,166,16,0,0.36,98.7200000000002
"3660",1995-03-16,"1995",1995,167,16,0,0.36,99.0800000000002
"3661",1995-03-17,"1995",1995,168,16,0,0.36,99.4400000000002
"3662",1995-03-18,"1995",1995,169,16,0,0.36,99.8000000000002
"3663",1995-03-19,"1995",1995,170,16,0,0.36,100.16
"3664",1995-03-20,"1995",1995,171,16,0,0.36,100.52
"3665",1995-03-21,"1995",1995,172,16,0,0.36,100.88
"3666",1995-03-22,"1995",1995,173,15.8571428571429,0,0.36,101.24
"3667",1995-03-23,"1995",1995,174,15.7142857142857,0,0.36,101.6
"3668",1995-03-24,"1995",1995,175,15.5714285714286,0,0.36,101.96
"3669",1995-03-25,"1995",1995,176,15.4285714285714,0,0.36,102.32
"3670",1995-03-26,"1995",1995,177,15.2857142857143,0,0.36,102.68
"3671",1995-03-27,"1995",1995,178,15.1428571428571,0,0.36,103.04
"3672",1995-03-28,"1995",1995,179,15,0,0.36,103.4
"3673",1995-03-29,"1995",1995,180,15.1428571428571,NA,0.36,103.76
"3674",1995-03-30,"1995",1995,181,15.2857142857143,NA,0.36,104.12
"3675",1995-03-31,"1995",1995,182,15.4285714285714,NA,1.07,105.19
"3676",1995-04-01,"1995",1995,183,15.5714285714286,NA,1.07,106.26
"3677",1995-04-02,"1995",1995,184,15.7142857142857,NA,1.07,107.33
"3678",1995-04-03,"1995",1995,185,15.8571428571429,NA,1.07,108.4
"3679",1995-04-04,"1995",1995,186,16,NA,1.07,109.47
"3680",1995-04-05,"1995",1995,187,16,NA,1.07,110.54
"3681",1995-04-06,"1995",1995,188,16,NA,1.07,111.61
"3682",1995-04-07,"1995",1995,189,16,NA,1.07,112.68
"3683",1995-04-08,"1995",1995,190,16,NA,1.07,113.75
"3684",1995-04-09,"1995",1995,191,16,NA,1.07,114.82
"3685",1995-04-10,"1995",1995,192,16,NA,1.07,115.89
"3686",1995-04-11,"1995",1995,193,16,1,1.07,116.96
"3687",1995-04-12,"1995",1995,194,15.8571428571429,1.14285714285714,1.07,118.03
"3688",1995-04-13,"1995",1995,195,15.7142857142857,1.28571428571429,1.07,119.1
"3689",1995-04-14,"1995",1995,196,15.5714285714286,1.42857142857143,1.07,120.17
"3690",1995-04-15,"1995",1995,197,15.4285714285714,1.57142857142857,1.07,121.24
"3691",1995-04-16,"1995",1995,198,15.2857142857143,1.71428571428571,1.07,122.31
"3692",1995-04-17,"1995",1995,199,15.1428571428571,1.85714285714286,1.07,123.38
"3693",1995-04-18,"1995",1995,200,15,2,1.07,124.45
"3694",1995-04-19,"1995",1995,201,15.1428571428571,1.78571428571429,1.07,125.52
"3695",1995-04-20,"1995",1995,202,15.2857142857143,1.57142857142857,1.07,126.59
"3696",1995-04-21,"1995",1995,203,15.4285714285714,1.35714285714286,1.07,127.66
"3697",1995-04-22,"1995",1995,204,15.5714285714286,1.14285714285714,1.07,128.73
"3698",1995-04-23,"1995",1995,205,15.7142857142857,0.928571428571429,1.07,129.8
"3699",1995-04-24,"1995",1995,206,15.8571428571429,0.714285714285714,1.07,130.87
"3700",1995-04-25,"1995",1995,207,16,0.5,1.07,131.94
"3701",1995-04-26,"1995",1995,208,16.2857142857143,0.5,1.07,133.01
"3702",1995-04-27,"1995",1995,209,16.5714285714286,0.5,1.07,134.08
"3703",1995-04-28,"1995",1995,210,16.8571428571429,0.5,1.07,135.15
"3704",1995-04-29,"1995",1995,211,17.1428571428571,0.5,2.72,137.87
"3705",1995-04-30,"1995",1995,212,17.4285714285714,0.5,5.34,143.21
"3706",1995-05-01,"1995",1995,213,17.7142857142857,0.5,5.55,148.76
"3707",1995-05-02,"1995",1995,214,18,0.5,4.37,153.13
"3708",1995-05-03,"1995",1995,215,18.1428571428571,0.5,4.57,157.7
"3709",1995-05-04,"1995",1995,216,18.2857142857143,0.5,4.99,162.69
"3710",1995-05-05,"1995",1995,217,18.4285714285714,0.5,5.39,168.08
"3711",1995-05-06,"1995",1995,218,18.5714285714286,0.5,4.8,172.88
"3712",1995-05-07,"1995",1995,219,18.7142857142857,0.5,3.69,176.57
"3713",1995-05-08,"1995",1995,220,18.8571428571429,0.5,3.4,179.97
"3714",1995-05-09,"1995",1995,221,19,0.5,5.38,185.35
"3715",1995-05-10,"1995",1995,222,18.8571428571429,0.571428571428571,3.96,189.31
"3716",1995-05-11,"1995",1995,223,18.7142857142857,0.642857142857143,5.24,194.55
"3717",1995-05-12,"1995",1995,224,18.5714285714286,0.714285714285714,4.61,199.16
"3718",1995-05-13,"1995",1995,225,18.4285714285714,0.785714285714286,3.74,202.9
"3719",1995-05-14,"1995",1995,226,18.2857142857143,0.857142857142857,2.95,205.85
"3720",1995-05-15,"1995",1995,227,18.1428571428571,0.928571428571429,4.68,210.53
"3721",1995-05-16,"1995",1995,228,18,1,4.91,215.44
"3722",1995-05-17,"1995",1995,229,17.5714285714286,0.928571428571429,4.53,219.97
"3723",1995-05-18,"1995",1995,230,17.1428571428571,0.857142857142857,4.8,224.77
"3724",1995-05-19,"1995",1995,231,16.7142857142857,0.785714285714286,6.93,231.7
"3725",1995-05-20,"1995",1995,232,16.2857142857143,0.714285714285714,7.79,239.49
"3726",1995-05-21,"1995",1995,233,15.8571428571429,0.642857142857143,8.65,248.14
"3727",1995-05-22,"1995",1995,234,15.4285714285714,0.571428571428571,5.53,253.67
"3728",1995-05-23,"1995",1995,235,15,0.5,5.03,258.7
"3729",1995-05-24,"1995",1995,236,14.4285714285714,0.5,3.99,262.69
"3730",1995-05-25,"1995",1995,237,13.8571428571429,0.5,2.98,265.67
"3731",1995-05-26,"1995",1995,238,13.2857142857143,0.5,2.92,268.59
"3732",1995-05-27,"1995",1995,239,12.7142857142857,0.5,2.78,271.37
"3733",1995-05-28,"1995",1995,240,12.1428571428571,0.5,3.12,274.49
"3734",1995-05-29,"1995",1995,241,11.5714285714286,0.5,2.85,277.34
"3735",1995-05-30,"1995",1995,242,11,0.5,2.21,279.55
"3736",1995-05-31,"1995",1995,243,11.2857142857143,NA,4.38,283.93
"3737",1995-06-01,"1995",1995,244,11.5714285714286,NA,9.43,293.36
"3738",1995-06-02,"1995",1995,245,11.8571428571429,NA,14.9,308.26
"3739",1995-06-03,"1995",1995,246,12.1428571428571,NA,8.98,317.24
"3740",1995-06-04,"1995",1995,247,12.4285714285714,NA,10,327.24
"3741",1995-06-05,"1995",1995,248,12.7142857142857,NA,10.5,337.74
"3742",1995-06-06,"1995",1995,249,13,NA,9.18,346.92
"3743",1995-06-07,"1995",1995,250,NA,NA,6.89,353.81
"3744",1995-06-08,"1995",1995,251,NA,NA,8.08,361.89
"3745",1995-06-09,"1995",1995,252,NA,NA,6.76,368.65
"3746",1995-06-10,"1995",1995,253,NA,NA,7.21,375.86
"3747",1995-06-11,"1995",1995,254,NA,NA,13,388.86
"3748",1995-06-12,"1995",1995,255,NA,NA,24.2,413.06
"3749",1995-06-13,"1995",1995,256,NA,NA,25,438.06
"3750",1995-06-14,"1995",1995,257,NA,NA,30.4,468.46
"3751",1995-06-15,"1995",1995,258,NA,NA,31.4,499.86
"3752",1995-06-16,"1995",1995,259,NA,NA,39.1,538.96
"3753",1995-06-17,"1995",1995,260,NA,NA,41.8,580.76
"3754",1995-06-18,"1995",1995,261,NA,NA,22.4,603.16
"3755",1995-06-19,"1995",1995,262,NA,NA,23.1,626.26
"3756",1995-06-20,"1995",1995,263,NA,NA,27.2,653.46
"3757",1995-06-21,"1995",1995,264,NA,NA,34.8,688.26
"3758",1995-06-22,"1995",1995,265,NA,NA,27.6,715.86
"3759",1995-06-23,"1995",1995,266,NA,NA,18.6,734.46
"3760",1995-06-24,"1995",1995,267,NA,NA,17,751.46
"3761",1995-06-25,"1995",1995,268,NA,NA,18.4,769.86
"3762",1995-06-26,"1995",1995,269,NA,NA,23,792.86
"3763",1995-06-27,"1995",1995,270,NA,NA,24.6,817.46
"3764",1995-06-28,"1995",1995,271,NA,NA,26.6,844.06
"3765",1995-06-29,"1995",1995,272,NA,NA,20.5,864.56
"3766",1995-06-30,"1995",1995,273,NA,NA,19.2,883.76
"3767",1995-07-01,"1995",1995,274,NA,NA,22.8,906.56
"3768",1995-07-02,"1995",1995,275,NA,NA,24.2,930.76
"3769",1995-07-03,"1995",1995,276,NA,NA,19.6,950.36
"3770",1995-07-04,"1995",1995,277,9,2,19.7,970.06
"3771",1995-07-05,"1995",1995,278,8.85714285714286,3.25714285714286,24.9,994.96
"3772",1995-07-06,"1995",1995,279,8.71428571428571,4.51428571428571,27.9,1022.86
"3773",1995-07-07,"1995",1995,280,8.57142857142857,5.77142857142857,29.4,1052.26
"3774",1995-07-08,"1995",1995,281,8.42857142857143,7.02857142857143,33.2,1085.46
"3775",1995-07-09,"1995",1995,282,8.28571428571429,8.28571428571429,39.4,1124.86
"3776",1995-07-10,"1995",1995,283,8.14285714285714,9.54285714285714,41.1,1165.96
"3777",1995-07-11,"1995",1995,284,8,10.8,42.8,1208.76
"3778",1995-07-12,"1995",1995,285,NA,NA,35.8,1244.56
"3779",1995-07-13,"1995",1995,286,NA,NA,35.7,1280.26
"3780",1995-07-14,"1995",1995,287,NA,NA,31.9,1312.16
"3781",1995-07-15,"1995",1995,288,NA,NA,26.9,1339.06
"3782",1995-07-16,"1995",1995,289,NA,NA,27.6,1366.66
"3783",1995-07-17,"1995",1995,290,NA,NA,27.6,1394.26
"3784",1995-07-18,"1995",1995,291,NA,NA,34.8,1429.06
"3785",1995-07-19,"1995",1995,292,NA,NA,37.4,1466.46
"3786",1995-07-20,"1995",1995,293,NA,NA,26.2,1492.66
"3787",1995-07-21,"1995",1995,294,NA,NA,24,1516.66
"3788",1995-07-22,"1995",1995,295,NA,NA,20.8,1537.46
"3789",1995-07-23,"1995",1995,296,NA,NA,16.7,1554.16
"3790",1995-07-24,"1995",1995,297,NA,NA,17,1571.16
"3791",1995-07-25,"1995",1995,298,8,10,19.2,1590.36
"3792",1995-07-26,"1995",1995,299,NA,NA,19.6,1609.96
"3793",1995-07-27,"1995",1995,300,NA,NA,19,1628.96
"3794",1995-07-28,"1995",1995,301,NA,NA,19.4,1648.36
"3795",1995-07-29,"1995",1995,302,NA,NA,21.8,1670.16
"3796",1995-07-30,"1995",1995,303,NA,NA,21.5,1691.66
"3797",1995-07-31,"1995",1995,304,NA,NA,19.7,1711.36
"3798",1995-08-01,"1995",1995,305,NA,NA,16.1,1727.46
"3799",1995-08-02,"1995",1995,306,NA,NA,16.5,1743.96
"3800",1995-08-03,"1995",1995,307,NA,NA,16,1759.96
"3801",1995-08-04,"1995",1995,308,NA,NA,16.9,1776.86
"3802",1995-08-05,"1995",1995,309,NA,NA,18.1,1794.96
"3803",1995-08-06,"1995",1995,310,NA,NA,16.2,1811.16
"3804",1995-08-07,"1995",1995,311,NA,NA,18.7,1829.86
"3805",1995-08-08,"1995",1995,312,8,12,19.3,1849.16
"3806",1995-08-09,"1995",1995,313,7.71428571428571,NA,17.4,1866.56
"3807",1995-08-10,"1995",1995,314,7.42857142857143,NA,19.7,1886.26
"3808",1995-08-11,"1995",1995,315,7.14285714285714,NA,22.4,1908.66
"3809",1995-08-12,"1995",1995,316,6.85714285714286,NA,20,1928.66
"3810",1995-08-13,"1995",1995,317,6.57142857142857,NA,17.6,1946.26
"3811",1995-08-14,"1995",1995,318,6.28571428571429,NA,14,1960.26
"3812",1995-08-15,"1995",1995,319,6,NA,13.6,1973.86
"3813",1995-08-16,"1995",1995,320,6.14285714285714,NA,13.4,1987.26
"3814",1995-08-17,"1995",1995,321,6.28571428571429,NA,14,2001.26
"3815",1995-08-18,"1995",1995,322,6.42857142857143,NA,13.9,2015.16
"3816",1995-08-19,"1995",1995,323,6.57142857142857,NA,13.7,2028.86
"3817",1995-08-20,"1995",1995,324,6.71428571428571,NA,13.8,2042.66
"3818",1995-08-21,"1995",1995,325,6.85714285714286,NA,15.2,2057.86
"3819",1995-08-22,"1995",1995,326,7,12,16.4,2074.26
"3820",1995-08-23,"1995",1995,327,6.85714285714286,12.1428571428571,16.6,2090.86
"3821",1995-08-24,"1995",1995,328,6.71428571428571,12.2857142857143,15.9,2106.76
"3822",1995-08-25,"1995",1995,329,6.57142857142857,12.4285714285714,13.6,2120.36
"3823",1995-08-26,"1995",1995,330,6.42857142857143,12.5714285714286,12.8,2133.16
"3824",1995-08-27,"1995",1995,331,6.28571428571429,12.7142857142857,13.1,2146.26
"3825",1995-08-28,"1995",1995,332,6.14285714285714,12.8571428571429,12.5,2158.76
"3826",1995-08-29,"1995",1995,333,6,13,11.7,2170.46
"3827",1995-08-30,"1995",1995,334,6.28571428571429,13,10.5,2180.96
"3828",1995-08-31,"1995",1995,335,6.57142857142857,13,9.36,2190.32
"3829",1995-09-01,"1995",1995,336,6.85714285714286,13,9.09,2199.41
"3830",1995-09-02,"1995",1995,337,7.14285714285714,13,9.89,2209.3
"3831",1995-09-03,"1995",1995,338,7.42857142857143,13,9.46,2218.76
"3832",1995-09-04,"1995",1995,339,7.71428571428571,13,9.31,2228.07
"3833",1995-09-05,"1995",1995,340,8,13,9.43,2237.5
"3834",1995-09-06,"1995",1995,341,8,12.5714285714286,8.66,2246.16
"3835",1995-09-07,"1995",1995,342,8,12.1428571428571,8.93,2255.09
"3836",1995-09-08,"1995",1995,343,8,11.7142857142857,8.39,2263.48
"3837",1995-09-09,"1995",1995,344,8,11.2857142857143,7.48,2270.96
"3838",1995-09-10,"1995",1995,345,8,10.8571428571429,6.81,2277.77
"3839",1995-09-11,"1995",1995,346,8,10.4285714285714,6.04,2283.81
"3840",1995-09-12,"1995",1995,347,8,10,4.94,2288.75
"3841",1995-09-13,"1995",1995,348,8.28571428571429,9.85714285714286,5.18,2293.93
"3842",1995-09-14,"1995",1995,349,8.57142857142857,9.71428571428571,4.99,2298.92
"3843",1995-09-15,"1995",1995,350,8.85714285714286,9.57142857142857,4.93,2303.85
"3844",1995-09-16,"1995",1995,351,9.14285714285714,9.42857142857143,4.76,2308.61
"3845",1995-09-17,"1995",1995,352,9.42857142857143,9.28571428571429,4.96,2313.57
"3846",1995-09-18,"1995",1995,353,9.71428571428571,9.14285714285714,5.65,2319.22
"3847",1995-09-19,"1995",1995,354,10,9,6.79,2326.01
"3848",1995-09-20,"1995",1995,355,10.2857142857143,8.57142857142857,6.51,2332.52
"3849",1995-09-21,"1995",1995,356,10.5714285714286,8.14285714285714,5.93,2338.45
"3850",1995-09-22,"1995",1995,357,10.8571428571429,7.71428571428571,4.93,2343.38
"3851",1995-09-23,"1995",1995,358,11.1428571428571,7.28571428571429,4.61,2347.99
"3852",1995-09-24,"1995",1995,359,11.4285714285714,6.85714285714286,4.28,2352.27
"3853",1995-09-25,"1995",1995,360,11.7142857142857,6.42857142857143,3.93,2356.2
"3854",1995-09-26,"1995",1995,361,12,6,3.88,2360.08
"3855",1995-10-03,"1995",1996,3,12,4,2.52,8.7
"3856",1995-10-04,"1995",1996,4,12,NA,2.72,11.42
"3857",1995-10-05,"1995",1996,5,12,NA,2.78,14.2
"3858",1995-10-06,"1995",1996,6,12,NA,2.65,16.85
"3859",1995-10-07,"1995",1996,7,12,NA,2.39,19.24
"3860",1995-10-08,"1995",1996,8,12,NA,2.15,21.39
"3861",1995-10-09,"1995",1996,9,12,NA,2.09,23.48
"3862",1995-10-10,"1995",1996,10,12,NA,2.39,25.87
"3863",1995-10-11,"1995",1996,11,12.2857142857143,NA,2.39,28.26
"3864",1995-10-12,"1995",1996,12,12.5714285714286,NA,2.46,30.72
"3865",1995-10-13,"1995",1996,13,12.8571428571429,NA,2.52,33.24
"3866",1995-10-14,"1995",1996,14,13.1428571428571,NA,2.52,35.76
"3867",1995-10-15,"1995",1996,15,13.4285714285714,NA,2.33,38.09
"3868",1995-10-16,"1995",1996,16,13.7142857142857,NA,2.21,40.3
"3869",1995-10-17,"1995",1996,17,14,3,1.74,42.04
"3870",1995-10-18,"1995",1996,18,14,2.57142857142857,1.68,43.72
"3871",1995-10-19,"1995",1996,19,14,2.14285714285714,1.26,44.98
"3872",1995-10-20,"1995",1996,20,14,1.71428571428571,1.52,46.5
"3873",1995-10-21,"1995",1996,21,14,1.28571428571429,1.52,48.02
"3874",1995-10-22,"1995",1996,22,14,0.857142857142857,1.52,49.54
"3875",1995-10-23,"1995",1996,23,14,0.428571428571429,1.52,51.06
"3876",1995-10-24,"1995",1996,24,14,0,1.52,52.58
"3877",1995-10-25,"1995",1996,25,14,0.285714285714286,1.52,54.1
"3878",1995-10-26,"1995",1996,26,14,0.571428571428571,1.52,55.62
"3879",1995-10-27,"1995",1996,27,14,0.857142857142857,1.52,57.14
"3880",1995-10-28,"1995",1996,28,14,1.14285714285714,1.52,58.66
"3881",1995-10-29,"1995",1996,29,14,1.42857142857143,1.52,60.18
"3882",1995-10-30,"1995",1996,30,14,1.71428571428571,1.52,61.7
"3883",1995-10-31,"1995",1996,31,14,2,1.07,62.77
"3884",1995-11-01,"1995",1996,32,14,1.71428571428571,1.07,63.84
"3885",1995-11-02,"1995",1996,33,14,1.42857142857143,1.07,64.91
"3886",1995-11-03,"1995",1996,34,14,1.14285714285714,1.07,65.98
"3887",1995-11-04,"1995",1996,35,14,0.857142857142857,1.07,67.05
"3888",1995-11-05,"1995",1996,36,14,0.571428571428571,1.07,68.12
"3889",1995-11-06,"1995",1996,37,14,0.285714285714286,1.07,69.19
"3890",1995-11-07,"1995",1996,38,14,0,1.07,70.26
"3891",1995-11-08,"1995",1996,39,14,0,1.07,71.33
"3892",1995-11-09,"1995",1996,40,14,0,1.07,72.4
"3893",1995-11-10,"1995",1996,41,14,0,1.07,73.47
"3894",1995-11-11,"1995",1996,42,14,0,1.07,74.54
"3895",1995-11-12,"1995",1996,43,14,0,1.07,75.61
"3896",1995-11-13,"1995",1996,44,14,0,1.07,76.68
"3897",1995-11-14,"1995",1996,45,14,0,1.07,77.75
"3898",1995-11-15,"1995",1996,46,14.1428571428571,0.142857142857143,1.07,78.82
"3899",1995-11-16,"1995",1996,47,14.2857142857143,0.285714285714286,1.07,79.8899999999999
"3900",1995-11-17,"1995",1996,48,14.4285714285714,0.428571428571429,1.07,80.9599999999999
"3901",1995-11-18,"1995",1996,49,14.5714285714286,0.571428571428571,1.07,82.0299999999999
"3902",1995-11-19,"1995",1996,50,14.7142857142857,0.714285714285714,1.07,83.0999999999999
"3903",1995-11-20,"1995",1996,51,14.8571428571429,0.857142857142857,1.07,84.1699999999999
"3904",1995-11-21,"1995",1996,52,15,1,1.07,85.2399999999999
"3905",1995-11-22,"1995",1996,53,15.2857142857143,0.857142857142857,1.07,86.3099999999999
"3906",1995-11-23,"1995",1996,54,15.5714285714286,0.714285714285714,1.07,87.3799999999999
"3907",1995-11-24,"1995",1996,55,15.8571428571429,0.571428571428571,1.07,88.4499999999999
"3908",1995-11-25,"1995",1996,56,16.1428571428571,0.428571428571429,1.07,89.5199999999999
"3909",1995-11-26,"1995",1996,57,16.4285714285714,0.285714285714286,1.07,90.5899999999999
"3910",1995-11-27,"1995",1996,58,16.7142857142857,0.142857142857143,1.07,91.6599999999999
"3911",1995-11-28,"1995",1996,59,17,0,1.07,92.7299999999999
"3912",1995-11-29,"1995",1996,60,16.8571428571429,0,1.07,93.7999999999999
"3913",1995-11-30,"1995",1996,61,16.7142857142857,0,0.36,94.1599999999999
"3914",1995-12-01,"1995",1996,62,16.5714285714286,0,0.36,94.5199999999999
"3915",1995-12-02,"1995",1996,63,16.4285714285714,0,0.36,94.8799999999999
"3916",1995-12-03,"1995",1996,64,16.2857142857143,0,0.36,95.2399999999999
"3917",1995-12-04,"1995",1996,65,16.1428571428571,0,0.36,95.5999999999999
"3918",1995-12-05,"1995",1996,66,16,0,0.36,95.9599999999999
"3919",1995-12-06,"1995",1996,67,NA,NA,0.36,96.3199999999999
"3920",1995-12-07,"1995",1996,68,NA,NA,0.36,96.6799999999999
"3921",1995-12-08,"1995",1996,69,NA,NA,0.36,97.0399999999998
"3922",1995-12-09,"1995",1996,70,NA,NA,0.36,97.3999999999998
"3923",1995-12-10,"1995",1996,71,NA,NA,0.36,97.7599999999998
"3924",1995-12-11,"1995",1996,72,NA,NA,0.36,98.1199999999998
"3925",1995-12-12,"1995",1996,73,NA,NA,0.36,98.4799999999998
"3926",1995-12-13,"1995",1996,74,NA,NA,0.36,98.8399999999998
"3927",1995-12-14,"1995",1996,75,NA,NA,0.36,99.1999999999998
"3928",1995-12-15,"1995",1996,76,NA,NA,0.36,99.5599999999998
"3929",1995-12-16,"1995",1996,77,NA,NA,0.36,99.9199999999998
"3930",1995-12-17,"1995",1996,78,NA,NA,0.36,100.28
"3931",1995-12-18,"1995",1996,79,NA,NA,0.36,100.64
"3932",1995-12-19,"1995",1996,80,NA,NA,0.36,101
"3933",1995-12-20,"1995",1996,81,NA,NA,0.36,101.36
"3934",1995-12-21,"1995",1996,82,NA,NA,0.36,101.72
"3935",1995-12-22,"1995",1996,83,NA,NA,0.36,102.08
"3936",1995-12-23,"1995",1996,84,NA,NA,0.36,102.44
"3937",1995-12-24,"1995",1996,85,NA,NA,0.36,102.8
"3938",1995-12-25,"1995",1996,86,NA,NA,0.36,103.16
"3939",1995-12-26,"1995",1996,87,NA,NA,0.36,103.52
"3940",1995-12-27,"1995",1996,88,NA,NA,0.36,103.88
"3941",1995-12-28,"1995",1996,89,NA,NA,0.36,104.24
"3942",1995-12-29,"1995",1996,90,NA,NA,0.36,104.6
"3943",1995-12-30,"1995",1996,91,NA,NA,0.36,104.96
"3944",1995-12-31,"1995",1996,92,NA,NA,0.01,104.97
"3945",1996-01-01,"1996",1996,93,NA,NA,0.01,104.98
"3946",1996-01-02,"1996",1996,94,NA,NA,0.01,104.99
"3947",1996-01-03,"1996",1996,95,NA,NA,0.01,105
"3948",1996-01-04,"1996",1996,96,NA,NA,0.01,105.01
"3949",1996-01-05,"1996",1996,97,NA,NA,0.01,105.02
"3950",1996-01-06,"1996",1996,98,NA,NA,0.01,105.03
"3951",1996-01-07,"1996",1996,99,NA,NA,0.01,105.04
"3952",1996-01-08,"1996",1996,100,NA,NA,0.01,105.05
"3953",1996-01-09,"1996",1996,101,18,0,0.01,105.06
"3954",1996-01-10,"1996",1996,102,18.1428571428571,0,0.01,105.07
"3955",1996-01-11,"1996",1996,103,18.2857142857143,0,0.01,105.08
"3956",1996-01-12,"1996",1996,104,18.4285714285714,0,0.01,105.09
"3957",1996-01-13,"1996",1996,105,18.5714285714286,0,0.01,105.1
"3958",1996-01-14,"1996",1996,106,18.7142857142857,0,0.01,105.11
"3959",1996-01-15,"1996",1996,107,18.8571428571429,0,0.01,105.12
"3960",1996-01-16,"1996",1996,108,19,0,0.01,105.13
"3961",1996-01-17,"1996",1996,109,19,0,0.01,105.14
"3962",1996-01-18,"1996",1996,110,19,0,0.01,105.15
"3963",1996-01-19,"1996",1996,111,19,0,0.01,105.16
"3964",1996-01-20,"1996",1996,112,19,0,0.01,105.17
"3965",1996-01-21,"1996",1996,113,19,0,0.01,105.18
"3966",1996-01-22,"1996",1996,114,19,0,0.01,105.19
"3967",1996-01-23,"1996",1996,115,19,0,0.01,105.2
"3968",1996-01-24,"1996",1996,116,19.5714285714286,0,0.01,105.21
"3969",1996-01-25,"1996",1996,117,20.1428571428571,0,0.01,105.22
"3970",1996-01-26,"1996",1996,118,20.7142857142857,0,0.01,105.23
"3971",1996-01-27,"1996",1996,119,21.2857142857143,0,0.01,105.24
"3972",1996-01-28,"1996",1996,120,21.8571428571429,0,0.01,105.25
"3973",1996-01-29,"1996",1996,121,22.4285714285714,0,0.01,105.26
"3974",1996-01-30,"1996",1996,122,23,0,0.01,105.27
"3975",1996-01-31,"1996",1996,123,22.7142857142857,0,0.01,105.28
"3976",1996-02-01,"1996",1996,124,22.4285714285714,0,0.01,105.29
"3977",1996-02-02,"1996",1996,125,22.1428571428571,0,0.01,105.3
"3978",1996-02-03,"1996",1996,126,21.8571428571429,0,0.01,105.31
"3979",1996-02-04,"1996",1996,127,21.5714285714286,0,0.01,105.32
"3980",1996-02-05,"1996",1996,128,21.2857142857143,0,0.01,105.33
"3981",1996-02-06,"1996",1996,129,21,0,0.01,105.34
"3982",1996-02-07,"1996",1996,130,20.7142857142857,0,0.01,105.35
"3983",1996-02-08,"1996",1996,131,20.4285714285714,0,0.01,105.36
"3984",1996-02-09,"1996",1996,132,20.1428571428571,0,0.01,105.37
"3985",1996-02-10,"1996",1996,133,19.8571428571429,0,0.01,105.38
"3986",1996-02-11,"1996",1996,134,19.5714285714286,0,0.01,105.39
"3987",1996-02-12,"1996",1996,135,19.2857142857143,0,0.01,105.4
"3988",1996-02-13,"1996",1996,136,19,0,0.01,105.41
"3989",1996-02-14,"1996",1996,137,18.8571428571429,0,0.01,105.42
"3990",1996-02-15,"1996",1996,138,18.7142857142857,0,0.01,105.43
"3991",1996-02-16,"1996",1996,139,18.5714285714286,0,0.01,105.44
"3992",1996-02-17,"1996",1996,140,18.4285714285714,0,0.01,105.45
"3993",1996-02-18,"1996",1996,141,18.2857142857143,0,0.01,105.46
"3994",1996-02-19,"1996",1996,142,18.1428571428571,0,0.01,105.47
"3995",1996-02-20,"1996",1996,143,18,0,0.01,105.48
"3996",1996-02-21,"1996",1996,144,18.1428571428571,0,0.01,105.49
"3997",1996-02-22,"1996",1996,145,18.2857142857143,0,0.01,105.5
"3998",1996-02-23,"1996",1996,146,18.4285714285714,0,0.01,105.51
"3999",1996-02-24,"1996",1996,147,18.5714285714286,0,0.01,105.52
"4000",1996-02-25,"1996",1996,148,18.7142857142857,0,0.01,105.53
"4001",1996-02-26,"1996",1996,149,18.8571428571429,0,0.01,105.54
"4002",1996-02-27,"1996",1996,150,19,0,0.01,105.55
"4003",1996-02-28,"1996",1996,151,19,0,0.01,105.56
"4004",1996-02-29,"1996",1996,152,19,0,0.36,105.92
"4005",1996-03-01,"1996",1996,153,19,0,0.36,106.28
"4006",1996-03-02,"1996",1996,154,19,0,0.36,106.64
"4007",1996-03-03,"1996",1996,155,19,0,0.36,107
"4008",1996-03-04,"1996",1996,156,19,0,0.36,107.36
"4009",1996-03-05,"1996",1996,157,19,0,0.36,107.72
"4010",1996-03-06,"1996",1996,158,19,NA,0.36,108.08
"4011",1996-03-07,"1996",1996,159,19,NA,0.36,108.44
"4012",1996-03-08,"1996",1996,160,19,NA,0.36,108.8
"4013",1996-03-09,"1996",1996,161,19,NA,0.36,109.16
"4014",1996-03-10,"1996",1996,162,19,NA,0.36,109.52
"4015",1996-03-11,"1996",1996,163,19,NA,0.36,109.88
"4016",1996-03-12,"1996",1996,164,19,NA,0.36,110.24
"4017",1996-03-13,"1996",1996,165,19,NA,0.36,110.6
"4018",1996-03-14,"1996",1996,166,19,NA,0.36,110.96
"4019",1996-03-15,"1996",1996,167,19,NA,0.36,111.32
"4020",1996-03-16,"1996",1996,168,19,NA,0.36,111.68
"4021",1996-03-17,"1996",1996,169,19,NA,0.36,112.04
"4022",1996-03-18,"1996",1996,170,19,NA,0.36,112.4
"4023",1996-03-19,"1996",1996,171,19,0,0.36,112.76
"4024",1996-03-20,"1996",1996,172,18.8571428571429,0,0.36,113.12
"4025",1996-03-21,"1996",1996,173,18.7142857142857,0,0.36,113.48
"4026",1996-03-22,"1996",1996,174,18.5714285714286,0,0.36,113.84
"4027",1996-03-23,"1996",1996,175,18.4285714285714,0,0.36,114.2
"4028",1996-03-24,"1996",1996,176,18.2857142857143,0,0.36,114.56
"4029",1996-03-25,"1996",1996,177,18.1428571428571,0,0.36,114.92
"4030",1996-03-26,"1996",1996,178,18,0,0.36,115.28
"4031",1996-03-27,"1996",1996,179,18,0,0.36,115.64
"4032",1996-03-28,"1996",1996,180,18,0,0.36,116
"4033",1996-03-29,"1996",1996,181,18,0,0.36,116.36
"4034",1996-03-30,"1996",1996,182,18,0,0.36,116.72
"4035",1996-03-31,"1996",1996,183,18,0,1.07,117.79
"4036",1996-04-01,"1996",1996,184,18,0,1.07,118.86
"4037",1996-04-02,"1996",1996,185,18,0,1.07,119.93
"4038",1996-04-03,"1996",1996,186,18.2857142857143,NA,1.07,121
"4039",1996-04-04,"1996",1996,187,18.5714285714286,NA,1.07,122.07
"4040",1996-04-05,"1996",1996,188,18.8571428571429,NA,1.07,123.14
"4041",1996-04-06,"1996",1996,189,19.1428571428571,NA,1.07,124.21
"4042",1996-04-07,"1996",1996,190,19.4285714285714,NA,1.07,125.28
"4043",1996-04-08,"1996",1996,191,19.7142857142857,NA,1.07,126.35
"4044",1996-04-09,"1996",1996,192,20,NA,1.07,127.42
"4045",1996-04-10,"1996",1996,193,19.2857142857143,NA,1.07,128.49
"4046",1996-04-11,"1996",1996,194,18.5714285714286,NA,1.07,129.56
"4047",1996-04-12,"1996",1996,195,17.8571428571429,NA,1.07,130.63
"4048",1996-04-13,"1996",1996,196,17.1428571428571,NA,1.07,131.7
"4049",1996-04-14,"1996",1996,197,16.4285714285714,NA,1.07,132.77
"4050",1996-04-15,"1996",1996,198,15.7142857142857,NA,1.07,133.84
"4051",1996-04-16,"1996",1996,199,15,0,1.07,134.91
"4052",1996-04-17,"1996",1996,200,15.1428571428571,NA,1.07,135.98
"4053",1996-04-18,"1996",1996,201,15.2857142857143,NA,1.07,137.05
"4054",1996-04-19,"1996",1996,202,15.4285714285714,NA,1.07,138.12
"4055",1996-04-20,"1996",1996,203,15.5714285714286,NA,1.07,139.19
"4056",1996-04-21,"1996",1996,204,15.7142857142857,NA,1.07,140.26
"4057",1996-04-22,"1996",1996,205,15.8571428571429,NA,1.07,141.33
"4058",1996-04-23,"1996",1996,206,16,NA,1.07,142.4
"4059",1996-04-24,"1996",1996,207,16,NA,1.07,143.47
"4060",1996-04-25,"1996",1996,208,16,NA,1.07,144.54
"4061",1996-04-26,"1996",1996,209,16,NA,1.07,145.61
"4062",1996-04-27,"1996",1996,210,16,NA,1.07,146.68
"4063",1996-04-28,"1996",1996,211,16,NA,1.07,147.75
"4064",1996-04-29,"1996",1996,212,16,NA,1.07,148.82
"4065",1996-04-30,"1996",1996,213,16,2,1.07,149.89
"4066",1996-05-01,"1996",1996,214,16,NA,1.07,150.96
"4067",1996-05-02,"1996",1996,215,16,NA,1.07,152.03
"4068",1996-05-03,"1996",1996,216,16,NA,1.07,153.1
"4069",1996-05-04,"1996",1996,217,16,NA,1.07,154.17
"4070",1996-05-05,"1996",1996,218,16,NA,2.24,156.41
"4071",1996-05-06,"1996",1996,219,16,NA,3.33,159.74
"4072",1996-05-07,"1996",1996,220,16,NA,4.64,164.38
"4073",1996-05-08,"1996",1996,221,15.5714285714286,NA,6.19,170.57
"4074",1996-05-09,"1996",1996,222,15.1428571428571,NA,6.77,177.34
"4075",1996-05-10,"1996",1996,223,14.7142857142857,NA,6.5,183.84
"4076",1996-05-11,"1996",1996,224,14.2857142857143,NA,8.07,191.91
"4077",1996-05-12,"1996",1996,225,13.8571428571429,NA,13.1,205.01
"4078",1996-05-13,"1996",1996,226,13.4285714285714,NA,13.8,218.81
"4079",1996-05-14,"1996",1996,227,13,NA,13.8,232.61
"4080",1996-05-15,"1996",1996,228,12.8571428571429,NA,19.4,252.01
"4081",1996-05-16,"1996",1996,229,12.7142857142857,NA,21.6,273.61
"4082",1996-05-17,"1996",1996,230,12.5714285714286,NA,18.2,291.81
"4083",1996-05-18,"1996",1996,231,12.4285714285714,NA,21.3,313.11
"4084",1996-05-19,"1996",1996,232,12.2857142857143,NA,17,330.11
"4085",1996-05-20,"1996",1996,233,12.1428571428571,NA,11.6,341.71
"4086",1996-05-21,"1996",1996,234,12,4,11.8,353.51
"4087",1996-05-22,"1996",1996,235,12.2857142857143,3.71428571428571,13.3,366.81
"4088",1996-05-23,"1996",1996,236,12.5714285714286,3.42857142857143,13,379.81
"4089",1996-05-24,"1996",1996,237,12.8571428571429,3.14285714285714,15.7,395.51
"4090",1996-05-25,"1996",1996,238,13.1428571428571,2.85714285714286,14.6,410.11
"4091",1996-05-26,"1996",1996,239,13.4285714285714,2.57142857142857,11.4,421.51
"4092",1996-05-27,"1996",1996,240,13.7142857142857,2.28571428571429,8.83,430.34
"4093",1996-05-28,"1996",1996,241,14,2,7.99,438.33
"4094",1996-05-29,"1996",1996,242,14.2857142857143,2.5,11,449.33
"4095",1996-05-30,"1996",1996,243,14.5714285714286,3,11.4,460.73
"4096",1996-05-31,"1996",1996,244,14.8571428571429,3.5,11.6,472.33
"4097",1996-06-01,"1996",1996,245,15.1428571428571,4,12,484.33
"4098",1996-06-02,"1996",1996,246,15.4285714285714,4.5,14.3,498.63
"4099",1996-06-03,"1996",1996,247,15.7142857142857,5,18.6,517.23
"4100",1996-06-04,"1996",1996,248,16,5.5,24.9,542.13
"4101",1996-06-05,"1996",1996,249,15.4285714285714,5.42857142857143,26.2,568.33
"4102",1996-06-06,"1996",1996,250,14.8571428571429,5.35714285714286,22.9,591.23
"4103",1996-06-07,"1996",1996,251,14.2857142857143,5.28571428571429,24.2,615.43
"4104",1996-06-08,"1996",1996,252,13.7142857142857,5.21428571428571,26.6,642.03
"4105",1996-06-09,"1996",1996,253,13.1428571428571,5.14285714285714,29.5,671.53
"4106",1996-06-10,"1996",1996,254,12.5714285714286,5.07142857142857,28.9,700.43
"4107",1996-06-11,"1996",1996,255,12,5,27.8,728.23
"4108",1996-06-12,"1996",1996,256,11.8571428571429,5.5,28.7,756.93
"4109",1996-06-13,"1996",1996,257,11.7142857142857,6,27.5,784.43
"4110",1996-06-14,"1996",1996,258,11.5714285714286,6.5,31,815.43
"4111",1996-06-15,"1996",1996,259,11.4285714285714,7,32.1,847.53
"4112",1996-06-16,"1996",1996,260,11.2857142857143,7.5,30,877.53
"4113",1996-06-17,"1996",1996,261,11.1428571428571,8,29.5,907.03
"4114",1996-06-18,"1996",1996,262,11,8.5,27.1,934.13
"4115",1996-06-19,"1996",1996,263,10.8571428571429,8.64285714285714,27.3,961.43
"4116",1996-06-20,"1996",1996,264,10.7142857142857,8.78571428571429,35.4,996.83
"4117",1996-06-21,"1996",1996,265,10.5714285714286,8.92857142857143,39.4,1036.23
"4118",1996-06-22,"1996",1996,266,10.4285714285714,9.07142857142857,31.4,1067.63
"4119",1996-06-23,"1996",1996,267,10.2857142857143,9.21428571428571,27.3,1094.93
"4120",1996-06-24,"1996",1996,268,10.1428571428571,9.35714285714286,26.2,1121.13
"4121",1996-06-25,"1996",1996,269,10,9.5,25.8,1146.93
"4122",1996-06-26,"1996",1996,270,10,NA,27.4,1174.33
"4123",1996-06-27,"1996",1996,271,10,NA,26.4,1200.73
"4124",1996-06-28,"1996",1996,272,10,NA,22.6,1223.33
"4125",1996-06-29,"1996",1996,273,10,NA,23.1,1246.43
"4126",1996-06-30,"1996",1996,274,10,NA,23.7,1270.13
"4127",1996-07-01,"1996",1996,275,10,NA,23.8,1293.93
"4128",1996-07-02,"1996",1996,276,10,NA,24.8,1318.73
"4129",1996-07-03,"1996",1996,277,9.71428571428571,NA,25,1343.73
"4130",1996-07-04,"1996",1996,278,9.42857142857143,NA,27,1370.73
"4131",1996-07-05,"1996",1996,279,9.14285714285714,NA,35.6,1406.33
"4132",1996-07-06,"1996",1996,280,8.85714285714286,NA,34,1440.33
"4133",1996-07-07,"1996",1996,281,8.57142857142857,NA,28.3,1468.63
"4134",1996-07-08,"1996",1996,282,8.28571428571429,NA,23.3,1491.93
"4135",1996-07-09,"1996",1996,283,8,9,21,1512.93
"4136",1996-07-10,"1996",1996,284,7.85714285714286,9.42857142857143,22,1534.93
"4137",1996-07-11,"1996",1996,285,7.71428571428571,9.85714285714286,22,1556.93
"4138",1996-07-12,"1996",1996,286,7.57142857142857,10.2857142857143,20.1,1577.03
"4139",1996-07-13,"1996",1996,287,7.42857142857143,10.7142857142857,20.2,1597.23
"4140",1996-07-14,"1996",1996,288,7.28571428571429,11.1428571428571,19.2,1616.43
"4141",1996-07-15,"1996",1996,289,7.14285714285714,11.5714285714286,19.2,1635.63
"4142",1996-07-16,"1996",1996,290,7,12,20.8,1656.43
"4143",1996-07-17,"1996",1996,291,8.57142857142857,11.9285714285714,22.2,1678.63
"4144",1996-07-18,"1996",1996,292,10.1428571428571,11.8571428571429,23,1701.63
"4145",1996-07-19,"1996",1996,293,11.7142857142857,11.7857142857143,21.8,1723.43
"4146",1996-07-20,"1996",1996,294,13.2857142857143,11.7142857142857,20.2,1743.63
"4147",1996-07-21,"1996",1996,295,14.8571428571429,11.6428571428571,18.2,1761.83
"4148",1996-07-22,"1996",1996,296,16.4285714285714,11.5714285714286,16.2,1778.03
"4149",1996-07-23,"1996",1996,297,18,11.5,15.2,1793.23
"4150",1996-07-24,"1996",1996,298,16.4285714285714,11.4285714285714,14.2,1807.43
"4151",1996-07-25,"1996",1996,299,14.8571428571429,11.3571428571429,13.4,1820.83
"4152",1996-07-26,"1996",1996,300,13.2857142857143,11.2857142857143,12.7,1833.53
"4153",1996-07-27,"1996",1996,301,11.7142857142857,11.2142857142857,12.4,1845.93
"4154",1996-07-28,"1996",1996,302,10.1428571428571,11.1428571428571,16.3,1862.23
"4155",1996-07-29,"1996",1996,303,8.57142857142857,11.0714285714286,21.5,1883.73
"4156",1996-07-30,"1996",1996,304,7,11,19.1,1902.83
"4157",1996-07-31,"1996",1996,305,7.28571428571429,NA,17,1919.83
"4158",1996-08-01,"1996",1996,306,7.57142857142857,NA,16.3,1936.13
"4159",1996-08-02,"1996",1996,307,7.85714285714286,NA,17,1953.13
"4160",1996-08-03,"1996",1996,308,8.14285714285714,NA,16.7,1969.83
"4161",1996-08-04,"1996",1996,309,8.42857142857143,NA,15.6,1985.43
"4162",1996-08-05,"1996",1996,310,8.71428571428571,NA,13.4,1998.83
"4163",1996-08-06,"1996",1996,311,9,NA,12.3,2011.13
"4164",1996-08-07,"1996",1996,312,9,NA,11.6,2022.73
"4165",1996-08-08,"1996",1996,313,9,NA,11.1,2033.83
"4166",1996-08-09,"1996",1996,314,9,NA,11.1,2044.93
"4167",1996-08-10,"1996",1996,315,9,NA,10.6,2055.53
"4168",1996-08-11,"1996",1996,316,9,NA,9.73,2065.26
"4169",1996-08-12,"1996",1996,317,9,NA,9.63,2074.89
"4170",1996-08-13,"1996",1996,318,9,12,9.53,2084.42
"4171",1996-08-14,"1996",1996,319,8.85714285714286,12,9.63,2094.05
"4172",1996-08-15,"1996",1996,320,8.71428571428571,12,10.1,2104.15
"4173",1996-08-16,"1996",1996,321,8.57142857142857,12,10.2,2114.35
"4174",1996-08-17,"1996",1996,322,8.42857142857143,12,9.84,2124.19
"4175",1996-08-18,"1996",1996,323,8.28571428571429,12,10.4,2134.59
"4176",1996-08-19,"1996",1996,324,8.14285714285714,12,10.4,2144.99
"4177",1996-08-20,"1996",1996,325,8,12,9.43,2154.42
"4178",1996-08-21,"1996",1996,326,8.14285714285714,12.1428571428571,9.66,2164.08
"4179",1996-08-22,"1996",1996,327,8.28571428571429,12.2857142857143,9.86,2173.94
"4180",1996-08-23,"1996",1996,328,8.42857142857143,12.4285714285714,9.27,2183.21
"4181",1996-08-24,"1996",1996,329,8.57142857142857,12.5714285714286,8.69,2191.9
"4182",1996-08-25,"1996",1996,330,8.71428571428571,12.7142857142857,8.87,2200.77
"4183",1996-08-26,"1996",1996,331,8.85714285714286,12.8571428571429,8.81,2209.58
"4184",1996-08-27,"1996",1996,332,9,13,8.81,2218.39
"4185",1996-08-28,"1996",1996,333,9,12.7142857142857,8.91,2227.3
"4186",1996-08-29,"1996",1996,334,9,12.4285714285714,9.01,2236.31
"4187",1996-08-30,"1996",1996,335,9,12.1428571428571,8.75,2245.06
"4188",1996-08-31,"1996",1996,336,9,11.8571428571429,7.84,2252.9
"4189",1996-09-01,"1996",1996,337,9,11.5714285714286,6.58,2259.48
"4190",1996-09-02,"1996",1996,338,9,11.2857142857143,6.18,2265.66
"4191",1996-09-03,"1996",1996,339,9,11,5.96,2271.62
"4192",1996-09-04,"1996",1996,340,9.28571428571429,11,6.23,2277.85
"4193",1996-09-05,"1996",1996,341,9.57142857142857,11,11,2288.85
"4194",1996-09-06,"1996",1996,342,9.85714285714286,11,12.7,2301.55
"4195",1996-09-07,"1996",1996,343,10.1428571428571,11,10.2,2311.75
"4196",1996-09-08,"1996",1996,344,10.4285714285714,11,8.69,2320.44
"4197",1996-09-09,"1996",1996,345,10.7142857142857,11,7.69,2328.13
"4198",1996-09-10,"1996",1996,346,11,11,7.3,2335.43
"4199",1996-09-11,"1996",1996,347,11.2857142857143,NA,6.99,2342.42
"4200",1996-09-12,"1996",1996,348,11.5714285714286,NA,7.42,2349.84
"4201",1996-09-13,"1996",1996,349,11.8571428571429,NA,8.19,2358.03
"4202",1996-09-14,"1996",1996,350,12.1428571428571,NA,8.17,2366.2
"4203",1996-09-15,"1996",1996,351,12.4285714285714,NA,7.73,2373.93
"4204",1996-09-16,"1996",1996,352,12.7142857142857,NA,7.38,2381.31
"4205",1996-09-17,"1996",1996,353,13,NA,7.29,2388.6
"4206",1996-09-18,"1996",1996,354,13.1428571428571,NA,6.69,2395.29
"4207",1996-09-19,"1996",1996,355,13.2857142857143,NA,6.01,2401.3
"4208",1996-09-20,"1996",1996,356,13.4285714285714,NA,5.51,2406.81
"4209",1996-09-21,"1996",1996,357,13.5714285714286,NA,5.51,2412.32
"4210",1996-09-22,"1996",1996,358,13.7142857142857,NA,6,2418.32
"4211",1996-09-23,"1996",1996,359,13.8571428571429,NA,8.97,2427.29
"4212",1996-09-24,"1996",1996,360,14,NA,9.22,2436.51
"4213",1996-10-01,"1996",1997,1,13.75,6,5.87,5.87
"4214",1996-10-02,"1996",1997,2,13.5,6,6.06,11.93
"4215",1996-10-03,"1996",1997,3,13.25,6,6.7,18.63
"4216",1996-10-04,"1996",1997,4,13,6,6.59,25.22
"4217",1996-10-05,"1996",1997,5,12.75,6,6.34,31.56
"4218",1996-10-06,"1996",1997,6,12.5,6,5.82,37.38
"4219",1996-10-07,"1996",1997,7,12.25,6,5.37,42.75
"4220",1996-10-08,"1996",1997,8,12,6,4.93,47.68
"4221",1996-10-09,"1996",1997,9,12.2857142857143,NA,4.56,52.24
"4222",1996-10-10,"1996",1997,10,12.5714285714286,NA,4.1,56.34
"4223",1996-10-11,"1996",1997,11,12.8571428571429,NA,3.8,60.14
"4224",1996-10-12,"1996",1997,12,13.1428571428571,NA,3.64,63.78
"4225",1996-10-13,"1996",1997,13,13.4285714285714,NA,3.46,67.24
"4226",1996-10-14,"1996",1997,14,13.7142857142857,NA,3.15,70.39
"4227",1996-10-15,"1996",1997,15,14,NA,3.69,74.08
"4228",1996-10-16,"1996",1997,16,14.2857142857143,NA,3.55,77.63
"4229",1996-10-17,"1996",1997,17,14.5714285714286,NA,3.47,81.1
"4230",1996-10-18,"1996",1997,18,14.8571428571429,NA,3.32,84.42
"4231",1996-10-19,"1996",1997,19,15.1428571428571,NA,3.12,87.54
"4232",1996-10-20,"1996",1997,20,15.4285714285714,NA,3.05,90.59
"4233",1996-10-21,"1996",1997,21,15.7142857142857,NA,3.05,93.64
"4234",1996-10-22,"1996",1997,22,16,3,3.05,96.69
"4235",1996-10-23,"1996",1997,23,15.8571428571429,NA,3.05,99.74
"4236",1996-10-24,"1996",1997,24,15.7142857142857,NA,3.05,102.79
"4237",1996-10-25,"1996",1997,25,15.5714285714286,NA,3.05,105.84
"4238",1996-10-26,"1996",1997,26,15.4285714285714,NA,3.05,108.89
"4239",1996-10-27,"1996",1997,27,15.2857142857143,NA,3.05,111.94
"4240",1996-10-28,"1996",1997,28,15.1428571428571,NA,3.05,114.99
"4241",1996-10-29,"1996",1997,29,15,NA,3.05,118.04
"4242",1996-10-30,"1996",1997,30,15.1428571428571,NA,3.05,121.09
"4243",1996-10-31,"1996",1997,31,15.2857142857143,NA,1.07,122.16
"4244",1996-11-01,"1996",1997,32,15.4285714285714,NA,1.07,123.23
"4245",1996-11-02,"1996",1997,33,15.5714285714286,NA,1.07,124.3
"4246",1996-11-03,"1996",1997,34,15.7142857142857,NA,1.07,125.37
"4247",1996-11-04,"1996",1997,35,15.8571428571429,NA,1.07,126.44
"4248",1996-11-05,"1996",1997,36,16,1.5,1.07,127.51
"4249",1996-11-06,"1996",1997,37,16,1.57142857142857,1.07,128.58
"4250",1996-11-07,"1996",1997,38,16,1.64285714285714,1.07,129.65
"4251",1996-11-08,"1996",1997,39,16,1.71428571428571,1.07,130.72
"4252",1996-11-09,"1996",1997,40,16,1.78571428571429,1.07,131.79
"4253",1996-11-10,"1996",1997,41,16,1.85714285714286,1.07,132.86
"4254",1996-11-11,"1996",1997,42,16,1.92857142857143,1.07,133.93
"4255",1996-11-12,"1996",1997,43,16,2,1.07,135
"4256",1996-11-13,"1996",1997,44,16,1.85714285714286,1.07,136.07
"4257",1996-11-14,"1996",1997,45,16,1.71428571428571,1.07,137.14
"4258",1996-11-15,"1996",1997,46,16,1.57142857142857,1.07,138.21
"4259",1996-11-16,"1996",1997,47,16,1.42857142857143,1.07,139.28
"4260",1996-11-17,"1996",1997,48,16,1.28571428571429,1.07,140.35
"4261",1996-11-18,"1996",1997,49,16,1.14285714285714,1.07,141.42
"4262",1996-11-19,"1996",1997,50,16,1,1.07,142.49
"4263",1996-11-20,"1996",1997,51,16,1,1.07,143.56
"4264",1996-11-21,"1996",1997,52,16,1,1.07,144.63
"4265",1996-11-22,"1996",1997,53,16,1,1.07,145.7
"4266",1996-11-23,"1996",1997,54,16,1,1.07,146.77
"4267",1996-11-24,"1996",1997,55,16,1,1.07,147.84
"4268",1996-11-25,"1996",1997,56,16,1,1.07,148.91
"4269",1996-11-26,"1996",1997,57,16,1,1.07,149.98
"4270",1996-11-27,"1996",1997,58,16.2857142857143,NA,1.07,151.05
"4271",1996-11-28,"1996",1997,59,16.5714285714286,NA,1.07,152.12
"4272",1996-11-29,"1996",1997,60,16.8571428571429,NA,1.07,153.19
"4273",1996-11-30,"1996",1997,61,17.1428571428571,NA,0.36,153.55
"4274",1996-12-01,"1996",1997,62,17.4285714285714,NA,0.36,153.91
"4275",1996-12-02,"1996",1997,63,17.7142857142857,NA,0.36,154.27
"4276",1996-12-03,"1996",1997,64,18,NA,0.36,154.63
"4277",1996-12-04,"1996",1997,65,18,NA,0.36,154.99
"4278",1996-12-05,"1996",1997,66,18,NA,0.36,155.35
"4279",1996-12-06,"1996",1997,67,18,NA,0.36,155.71
"4280",1996-12-07,"1996",1997,68,18,NA,0.36,156.07
"4281",1996-12-08,"1996",1997,69,18,NA,0.36,156.43
"4282",1996-12-09,"1996",1997,70,18,NA,0.36,156.79
"4283",1996-12-10,"1996",1997,71,18,0,0.36,157.15
"4284",1996-12-11,"1996",1997,72,17.8571428571429,0,0.36,157.51
"4285",1996-12-12,"1996",1997,73,17.7142857142857,0,0.36,157.87
"4286",1996-12-13,"1996",1997,74,17.5714285714286,0,0.36,158.23
"4287",1996-12-14,"1996",1997,75,17.4285714285714,0,0.36,158.59
"4288",1996-12-15,"1996",1997,76,17.2857142857143,0,0.36,158.95
"4289",1996-12-16,"1996",1997,77,17.1428571428571,0,0.36,159.31
"4290",1996-12-17,"1996",1997,78,17,0,0.36,159.67
"4291",1996-12-18,"1996",1997,79,17.5,0.0833333333333333,0.36,160.03
"4292",1996-12-19,"1996",1997,80,18,0.166666666666667,0.36,160.39
"4293",1996-12-20,"1996",1997,81,18.5,0.25,0.36,160.75
"4294",1996-12-21,"1996",1997,82,19,0.333333333333333,0.36,161.11
"4295",1996-12-22,"1996",1997,83,19.5,0.416666666666667,0.36,161.47
"4296",1996-12-23,"1996",1997,84,20,0.5,0.36,161.83
"4297",1996-12-24,"1996",1997,85,19.75,0.4375,0.36,162.19
"4298",1996-12-25,"1996",1997,86,19.5,0.375,0.36,162.55
"4299",1996-12-26,"1996",1997,87,19.25,0.3125,0.36,162.91
"4300",1996-12-27,"1996",1997,88,19,0.25,0.36,163.27
"4301",1996-12-28,"1996",1997,89,18.75,0.1875,0.36,163.63
"4302",1996-12-29,"1996",1997,90,18.5,0.125,0.36,163.99
"4303",1996-12-30,"1996",1997,91,18.25,0.0625,0.36,164.35
"4304",1996-12-31,"1996",1997,92,18,0,0.01,164.36
"4305",1997-01-01,"1997",1997,93,18.2857142857143,0,0.01,164.37
"4306",1997-01-02,"1997",1997,94,18.5714285714286,0,0.01,164.38
"4307",1997-01-03,"1997",1997,95,18.8571428571429,0,0.01,164.39
"4308",1997-01-04,"1997",1997,96,19.1428571428571,0,0.01,164.4
"4309",1997-01-05,"1997",1997,97,19.4285714285714,0,0.01,164.41
"4310",1997-01-06,"1997",1997,98,19.7142857142857,0,0.01,164.42
"4311",1997-01-07,"1997",1997,99,20,0,0.01,164.43
"4312",1997-01-08,"1997",1997,100,20,0,0.01,164.44
"4313",1997-01-09,"1997",1997,101,20,0,0.01,164.45
"4314",1997-01-10,"1997",1997,102,20,0,0.01,164.46
"4315",1997-01-11,"1997",1997,103,20,0,0.01,164.47
"4316",1997-01-12,"1997",1997,104,20,0,0.01,164.48
"4317",1997-01-13,"1997",1997,105,20,0,0.01,164.49
"4318",1997-01-14,"1997",1997,106,20,0,0.01,164.5
"4319",1997-01-15,"1997",1997,107,19.8571428571429,0,0.01,164.51
"4320",1997-01-16,"1997",1997,108,19.7142857142857,0,0.01,164.52
"4321",1997-01-17,"1997",1997,109,19.5714285714286,0,0.01,164.53
"4322",1997-01-18,"1997",1997,110,19.4285714285714,0,0.01,164.54
"4323",1997-01-19,"1997",1997,111,19.2857142857143,0,0.01,164.55
"4324",1997-01-20,"1997",1997,112,19.1428571428571,0,0.01,164.56
"4325",1997-01-21,"1997",1997,113,19,0,0.01,164.57
"4326",1997-01-22,"1997",1997,114,19.1428571428571,0,0.01,164.58
"4327",1997-01-23,"1997",1997,115,19.2857142857143,0,0.01,164.59
"4328",1997-01-24,"1997",1997,116,19.4285714285714,0,0.01,164.6
"4329",1997-01-25,"1997",1997,117,19.5714285714286,0,0.01,164.61
"4330",1997-01-26,"1997",1997,118,19.7142857142857,0,0.01,164.62
"4331",1997-01-27,"1997",1997,119,19.8571428571429,0,0.01,164.63
"4332",1997-01-28,"1997",1997,120,20,0,0.01,164.64
"4333",1997-01-29,"1997",1997,121,20,0,0.01,164.65
"4334",1997-01-30,"1997",1997,122,20,0,0.01,164.66
"4335",1997-01-31,"1997",1997,123,20,0,0.01,164.67
"4336",1997-02-01,"1997",1997,124,20,0,0.01,164.68
"4337",1997-02-02,"1997",1997,125,20,0,0.01,164.69
"4338",1997-02-03,"1997",1997,126,20,0,0.01,164.7
"4339",1997-02-04,"1997",1997,127,20,0,0.01,164.71
"4340",1997-02-05,"1997",1997,128,19.8571428571429,0,0.01,164.72
"4341",1997-02-06,"1997",1997,129,19.7142857142857,0,0.01,164.73
"4342",1997-02-07,"1997",1997,130,19.5714285714286,0,0.01,164.74
"4343",1997-02-08,"1997",1997,131,19.4285714285714,0,0.01,164.75
"4344",1997-02-09,"1997",1997,132,19.2857142857143,0,0.01,164.76
"4345",1997-02-10,"1997",1997,133,19.1428571428571,0,0.01,164.77
"4346",1997-02-11,"1997",1997,134,19,0,0.01,164.78
"4347",1997-02-12,"1997",1997,135,18.8571428571429,0,0.01,164.79
"4348",1997-02-13,"1997",1997,136,18.7142857142857,0,0.01,164.8
"4349",1997-02-14,"1997",1997,137,18.5714285714286,0,0.01,164.81
"4350",1997-02-15,"1997",1997,138,18.4285714285714,0,0.01,164.82
"4351",1997-02-16,"1997",1997,139,18.2857142857143,0,0.01,164.83
"4352",1997-02-17,"1997",1997,140,18.1428571428571,0,0.01,164.84
"4353",1997-02-18,"1997",1997,141,18,0,0.01,164.85
"4354",1997-02-19,"1997",1997,142,18.1428571428571,0,0.01,164.86
"4355",1997-02-20,"1997",1997,143,18.2857142857143,0,0.01,164.87
"4356",1997-02-21,"1997",1997,144,18.4285714285714,0,0.01,164.88
"4357",1997-02-22,"1997",1997,145,18.5714285714286,0,0.01,164.89
"4358",1997-02-23,"1997",1997,146,18.7142857142857,0,0.01,164.9
"4359",1997-02-24,"1997",1997,147,18.8571428571429,0,0.01,164.91
"4360",1997-02-25,"1997",1997,148,19,0,0.01,164.92
"4361",1997-02-26,"1997",1997,149,18.8571428571429,0,0.01,164.93
"4362",1997-02-27,"1997",1997,150,18.7142857142857,0,0.01,164.94
"4363",1997-02-28,"1997",1997,151,18.5714285714286,0,0.36,165.3
"4364",1997-03-01,"1997",1997,152,18.4285714285714,0,0.36,165.66
"4365",1997-03-02,"1997",1997,153,18.2857142857143,0,0.36,166.02
"4366",1997-03-03,"1997",1997,154,18.1428571428571,0,0.36,166.38
"4367",1997-03-04,"1997",1997,155,18,0,0.36,166.74
"4368",1997-03-05,"1997",1997,156,18.125,0,0.36,167.1
"4369",1997-03-06,"1997",1997,157,18.25,0,0.36,167.46
"4370",1997-03-07,"1997",1997,158,18.375,0,0.36,167.82
"4371",1997-03-08,"1997",1997,159,18.5,0,0.36,168.18
"4372",1997-03-09,"1997",1997,160,18.625,0,0.36,168.54
"4373",1997-03-10,"1997",1997,161,18.75,0,0.36,168.9
"4374",1997-03-11,"1997",1997,162,18.875,0,0.36,169.26
"4375",1997-03-12,"1997",1997,163,19,0,0.36,169.62
"4376",1997-03-13,"1997",1997,164,18.5,0,0.36,169.98
"4377",1997-03-14,"1997",1997,165,18,0,0.36,170.34
"4378",1997-03-15,"1997",1997,166,17.5,0,0.36,170.7
"4379",1997-03-16,"1997",1997,167,17,0,0.36,171.06
"4380",1997-03-17,"1997",1997,168,16.5,0,0.36,171.42
"4381",1997-03-18,"1997",1997,169,16,0,0.36,171.78
"4382",1997-03-19,"1997",1997,170,15.7142857142857,0,0.36,172.14
"4383",1997-03-20,"1997",1997,171,15.4285714285714,0,0.36,172.5
"4384",1997-03-21,"1997",1997,172,15.1428571428571,0,0.36,172.86
"4385",1997-03-22,"1997",1997,173,14.8571428571429,0,0.36,173.22
"4386",1997-03-23,"1997",1997,174,14.5714285714286,0,0.36,173.58
"4387",1997-03-24,"1997",1997,175,14.2857142857143,0,0.36,173.94
"4388",1997-03-25,"1997",1997,176,14,0,0.36,174.3
"4389",1997-03-26,"1997",1997,177,14,0,0.36,174.66
"4390",1997-03-27,"1997",1997,178,14,0,0.36,175.02
"4391",1997-03-28,"1997",1997,179,14,0,0.36,175.38
"4392",1997-03-29,"1997",1997,180,14,0,0.36,175.74
"4393",1997-03-30,"1997",1997,181,14,0,0.36,176.1
"4394",1997-03-31,"1997",1997,182,14,0,1.07,177.17
"4395",1997-04-01,"1997",1997,183,14,0,1.07,178.24
"4396",1997-04-02,"1997",1997,184,14.1428571428571,0,1.07,179.31
"4397",1997-04-03,"1997",1997,185,14.2857142857143,0,1.07,180.38
"4398",1997-04-04,"1997",1997,186,14.4285714285714,0,1.07,181.45
"4399",1997-04-05,"1997",1997,187,14.5714285714286,0,1.07,182.52
"4400",1997-04-06,"1997",1997,188,14.7142857142857,0,1.07,183.59
"4401",1997-04-07,"1997",1997,189,14.8571428571429,0,1.07,184.66
"4402",1997-04-08,"1997",1997,190,15,0,1.07,185.73
"4403",1997-04-09,"1997",1997,191,15.5714285714286,0,1.07,186.8
"4404",1997-04-10,"1997",1997,192,16.1428571428571,0,1.07,187.87
"4405",1997-04-11,"1997",1997,193,16.7142857142857,0,1.07,188.94
"4406",1997-04-12,"1997",1997,194,17.2857142857143,0,1.07,190.01
"4407",1997-04-13,"1997",1997,195,17.8571428571429,0,1.07,191.08
"4408",1997-04-14,"1997",1997,196,18.4285714285714,0,1.07,192.15
"4409",1997-04-15,"1997",1997,197,19,0,1.07,193.22
"4410",1997-04-16,"1997",1997,198,18.5714285714286,0,1.07,194.29
"4411",1997-04-17,"1997",1997,199,18.1428571428571,0,1.07,195.36
"4412",1997-04-18,"1997",1997,200,17.7142857142857,0,1.07,196.43
"4413",1997-04-19,"1997",1997,201,17.2857142857143,0,1.07,197.5
"4414",1997-04-20,"1997",1997,202,16.8571428571429,0,1.07,198.57
"4415",1997-04-21,"1997",1997,203,16.4285714285714,0,1.07,199.64
"4416",1997-04-22,"1997",1997,204,16,0,1.07,200.71
"4417",1997-04-23,"1997",1997,205,16,0,1.07,201.78
"4418",1997-04-24,"1997",1997,206,16,0,1.07,202.85
"4419",1997-04-25,"1997",1997,207,16,0,1.07,203.92
"4420",1997-04-26,"1997",1997,208,16,0,1.07,204.99
"4421",1997-04-27,"1997",1997,209,16,0,1.07,206.06
"4422",1997-04-28,"1997",1997,210,16,0,1.07,207.13
"4423",1997-04-29,"1997",1997,211,16,0,3.45,210.58
"4424",1997-04-30,"1997",1997,212,16,0,4.54,215.12
"4425",1997-05-01,"1997",1997,213,16,0,4.54,219.66
"4426",1997-05-02,"1997",1997,214,16,0,4.54,224.2
"4427",1997-05-03,"1997",1997,215,16,0,4.54,228.74
"4428",1997-05-04,"1997",1997,216,16,0,4.54,233.28
"4429",1997-05-05,"1997",1997,217,16,0,4.54,237.82
"4430",1997-05-06,"1997",1997,218,16,0,4.54,242.36
"4431",1997-05-07,"1997",1997,219,16,0.285714285714286,4.54,246.9
"4432",1997-05-08,"1997",1997,220,16,0.571428571428571,4.54,251.44
"4433",1997-05-09,"1997",1997,221,16,0.857142857142857,4.54,255.98
"4434",1997-05-10,"1997",1997,222,16,1.14285714285714,4.54,260.52
"4435",1997-05-11,"1997",1997,223,16,1.42857142857143,7.19,267.71
"4436",1997-05-12,"1997",1997,224,16,1.71428571428571,4.54,272.25
"4437",1997-05-13,"1997",1997,225,16,2,5.96,278.21
"4438",1997-05-14,"1997",1997,226,15.7142857142857,2.28571428571429,7.33,285.54
"4439",1997-05-15,"1997",1997,227,15.4285714285714,2.57142857142857,10.4,295.94
"4440",1997-05-16,"1997",1997,228,15.1428571428571,2.85714285714286,15,310.94
"4441",1997-05-17,"1997",1997,229,14.8571428571429,3.14285714285714,20.4,331.34
"4442",1997-05-18,"1997",1997,230,14.5714285714286,3.42857142857143,18.9,350.24
"4443",1997-05-19,"1997",1997,231,14.2857142857143,3.71428571428571,15.6,365.84
"4444",1997-05-20,"1997",1997,232,14,4,7.39,373.23
"4445",1997-05-21,"1997",1997,233,14,3.85714285714286,8.26,381.49
"4446",1997-05-22,"1997",1997,234,14,3.71428571428571,6.22,387.71
"4447",1997-05-23,"1997",1997,235,14,3.57142857142857,7.4,395.11
"4448",1997-05-24,"1997",1997,236,14,3.42857142857143,8,403.11
"4449",1997-05-25,"1997",1997,237,14,3.28571428571429,8.02,411.13
"4450",1997-05-26,"1997",1997,238,14,3.14285714285714,8.15,419.28
"4451",1997-05-27,"1997",1997,239,14,3,7.97,427.25
"4452",1997-05-28,"1997",1997,240,14,3.28571428571429,12.3,439.55
"4453",1997-05-29,"1997",1997,241,14,3.57142857142857,18.6,458.15
"4454",1997-05-30,"1997",1997,242,14,3.85714285714286,26.6,484.75
"4455",1997-05-31,"1997",1997,243,14,4.14285714285714,35.9,520.65
"4456",1997-06-01,"1997",1997,244,14,4.42857142857143,39.6,560.25
"4457",1997-06-02,"1997",1997,245,14,4.71428571428571,38.8,599.05
"4458",1997-06-03,"1997",1997,246,14,5,37.3,636.35
"4459",1997-06-04,"1997",1997,247,13.7142857142857,5,36.4,672.75
"4460",1997-06-05,"1997",1997,248,13.4285714285714,5,34.3,707.05
"4461",1997-06-06,"1997",1997,249,13.1428571428571,5,33.5,740.55
"4462",1997-06-07,"1997",1997,250,12.8571428571429,5,33.2,773.75
"4463",1997-06-08,"1997",1997,251,12.5714285714286,5,35.3,809.05
"4464",1997-06-09,"1997",1997,252,12.2857142857143,5,26.7,835.75
"4465",1997-06-10,"1997",1997,253,12,5,36.7,872.45
"4466",1997-06-11,"1997",1997,254,12,5.28571428571429,27.2,899.65
"4467",1997-06-12,"1997",1997,255,12,5.57142857142857,24.3,923.95
"4468",1997-06-13,"1997",1997,256,12,5.85714285714286,25.4,949.35
"4469",1997-06-14,"1997",1997,257,12,6.14285714285714,26.5,975.85
"4470",1997-06-15,"1997",1997,258,12,6.42857142857143,25,1000.85
"4471",1997-06-16,"1997",1997,259,12,6.71428571428571,25,1025.85
"4472",1997-06-17,"1997",1997,260,12,7,26.6,1052.45
"4473",1997-06-18,"1997",1997,261,11.7142857142857,6.57142857142857,37.6,1090.05
"4474",1997-06-19,"1997",1997,262,11.4285714285714,6.14285714285714,40.6,1130.65
"4475",1997-06-20,"1997",1997,263,11.1428571428571,5.71428571428571,35.4,1166.05
"4476",1997-06-21,"1997",1997,264,10.8571428571429,5.28571428571429,34.9,1200.95
"4477",1997-06-22,"1997",1997,265,10.5714285714286,4.85714285714286,32.2,1233.15
"4478",1997-06-23,"1997",1997,266,10.2857142857143,4.42857142857143,29.7,1262.85
"4479",1997-06-24,"1997",1997,267,10,4,25.4,1288.25
"4480",1997-06-25,"1997",1997,268,10,4.71428571428571,24.9,1313.15
"4481",1997-06-26,"1997",1997,269,10,5.42857142857143,22.9,1336.05
"4482",1997-06-27,"1997",1997,270,10,6.14285714285714,21.7,1357.75
"4483",1997-06-28,"1997",1997,271,10,6.85714285714286,22.2,1379.95
"4484",1997-06-29,"1997",1997,272,10,7.57142857142857,21.3,1401.25
"4485",1997-06-30,"1997",1997,273,10,8.28571428571428,20.2,1421.45
"4486",1997-07-01,"1997",1997,274,10,9,18.3,1439.75
"4487",1997-07-02,"1997",1997,275,9.71428571428571,9.07142857142857,17.5,1457.25
"4488",1997-07-03,"1997",1997,276,9.42857142857143,9.14285714285714,17.9,1475.15
"4489",1997-07-04,"1997",1997,277,9.14285714285714,9.21428571428571,18.1,1493.25
"4490",1997-07-05,"1997",1997,278,8.85714285714286,9.28571428571429,17.1,1510.35
"4491",1997-07-06,"1997",1997,279,8.57142857142857,9.35714285714286,16.5,1526.85
"4492",1997-07-07,"1997",1997,280,8.28571428571429,9.42857142857143,15.6,1542.45
"4493",1997-07-08,"1997",1997,281,8,9.5,16.4,1558.85
"4494",1997-07-09,"1997",1997,282,8.42857142857143,9.71428571428571,16.8,1575.65
"4495",1997-07-10,"1997",1997,283,8.85714285714286,9.92857142857143,18,1593.65
"4496",1997-07-11,"1997",1997,284,9.28571428571428,10.1428571428571,17,1610.65
"4497",1997-07-12,"1997",1997,285,9.71428571428571,10.3571428571429,16,1626.65
"4498",1997-07-13,"1997",1997,286,10.1428571428571,10.5714285714286,17,1643.65
"4499",1997-07-14,"1997",1997,287,10.5714285714286,10.7857142857143,15.7,1659.35
"4500",1997-07-15,"1997",1997,288,11,11,16.6,1675.95
"4501",1997-07-16,"1997",1997,289,10.4285714285714,10.8571428571429,16.6,1692.55
"4502",1997-07-17,"1997",1997,290,9.85714285714286,10.7142857142857,16.6,1709.15
"4503",1997-07-18,"1997",1997,291,9.28571428571429,10.5714285714286,17.6,1726.75
"4504",1997-07-19,"1997",1997,292,8.71428571428572,10.4285714285714,16.2,1742.95
"4505",1997-07-20,"1997",1997,293,8.14285714285714,10.2857142857143,17.1,1760.05
"4506",1997-07-21,"1997",1997,294,7.57142857142857,10.1428571428571,16.7,1776.75
"4507",1997-07-22,"1997",1997,295,7,10,16.2,1792.95
"4508",1997-07-23,"1997",1997,296,6.85714285714286,10,21.6,1814.55
"4509",1997-07-24,"1997",1997,297,6.71428571428571,10,19.6,1834.15
"4510",1997-07-25,"1997",1997,298,6.57142857142857,10,18.6,1852.75
"4511",1997-07-26,"1997",1997,299,6.42857142857143,10,16.4,1869.15
"4512",1997-07-27,"1997",1997,300,6.28571428571429,10,14.5,1883.65
"4513",1997-07-28,"1997",1997,301,6.14285714285714,10,13.2,1896.85
"4514",1997-07-29,"1997",1997,302,6,10,16.6,1913.45
"4515",1997-07-30,"1997",1997,303,6.28571428571429,9.85714285714286,28,1941.45
"4516",1997-07-31,"1997",1997,304,6.57142857142857,9.71428571428571,26.6,1968.05
"4517",1997-08-01,"1997",1997,305,6.85714285714286,9.57142857142857,20.9,1988.95
"4518",1997-08-02,"1997",1997,306,7.14285714285714,9.42857142857143,18.2,2007.15
"4519",1997-08-03,"1997",1997,307,7.42857142857143,9.28571428571429,17.6,2024.75
"4520",1997-08-04,"1997",1997,308,7.71428571428571,9.14285714285714,15.7,2040.45
"4521",1997-08-05,"1997",1997,309,8,9,23.1,2063.55
"4522",1997-08-06,"1997",1997,310,8.57142857142857,9,22.4,2085.95
"4523",1997-08-07,"1997",1997,311,9.14285714285714,9,15.9,2101.85
"4524",1997-08-08,"1997",1997,312,9.71428571428571,9,22.9,2124.75
"4525",1997-08-09,"1997",1997,313,10.2857142857143,9,40.3,2165.05
"4526",1997-08-10,"1997",1997,314,10.8571428571429,9,38.2,2203.25
"4527",1997-08-11,"1997",1997,315,11.4285714285714,9,33,2236.25
"4528",1997-08-12,"1997",1997,316,12,9,27.4,2263.65
"4529",1997-08-13,"1997",1997,317,11.7142857142857,8.85714285714286,21.6,2285.25
"4530",1997-08-14,"1997",1997,318,11.4285714285714,8.71428571428571,17.8,2303.05
"4531",1997-08-15,"1997",1997,319,11.1428571428571,8.57142857142857,16.6,2319.65
"4532",1997-08-16,"1997",1997,320,10.8571428571429,8.42857142857143,16.3,2335.95
"4533",1997-08-17,"1997",1997,321,10.5714285714286,8.28571428571429,15.5,2351.45
"4534",1997-08-18,"1997",1997,322,10.2857142857143,8.14285714285714,16,2367.45
"4535",1997-08-19,"1997",1997,323,10,8,15,2382.45
"4536",1997-08-20,"1997",1997,324,10,8.42857142857143,12.8,2395.25
"4537",1997-08-21,"1997",1997,325,10,8.85714285714286,13.7,2408.95
"4538",1997-08-22,"1997",1997,326,10,9.28571428571428,12.8,2421.75
"4539",1997-08-23,"1997",1997,327,10,9.71428571428571,12.5,2434.25
"4540",1997-08-24,"1997",1997,328,10,10.1428571428571,12.8,2447.05
"4541",1997-08-25,"1997",1997,329,10,10.5714285714286,14,2461.05
"4542",1997-08-26,"1997",1997,330,10,11,12.7,2473.75
"4543",1997-08-27,"1997",1997,331,9.85714285714286,11.1428571428571,14.2,2487.95
"4544",1997-08-28,"1997",1997,332,9.71428571428571,11.2857142857143,12.4,2500.35
"4545",1997-08-29,"1997",1997,333,9.57142857142857,11.4285714285714,10.8,2511.15
"4546",1997-08-30,"1997",1997,334,9.42857142857143,11.5714285714286,9.59,2520.74
"4547",1997-08-31,"1997",1997,335,9.28571428571429,11.7142857142857,8.97,2529.71
"4548",1997-09-01,"1997",1997,336,9.14285714285714,11.8571428571429,9.79,2539.5
"4549",1997-09-02,"1997",1997,337,9,12,11.9,2551.4
"4550",1997-09-03,"1997",1997,338,9.14285714285714,11.8571428571429,12.7,2564.1
"4551",1997-09-04,"1997",1997,339,9.28571428571429,11.7142857142857,12.3,2576.4
"4552",1997-09-05,"1997",1997,340,9.42857142857143,11.5714285714286,11.2,2587.6
"4553",1997-09-06,"1997",1997,341,9.57142857142857,11.4285714285714,10.5,2598.1
"4554",1997-09-07,"1997",1997,342,9.71428571428571,11.2857142857143,9.64,2607.74
"4555",1997-09-08,"1997",1997,343,9.85714285714286,11.1428571428571,8.12,2615.86
"4556",1997-09-09,"1997",1997,344,10,11,6.51,2622.37
"4557",1997-09-10,"1997",1997,345,10,10.5714285714286,6.34,2628.71
"4558",1997-09-11,"1997",1997,346,10,10.1428571428571,6.07,2634.78
"4559",1997-09-12,"1997",1997,347,10,9.71428571428572,6.3,2641.08
"4560",1997-09-13,"1997",1997,348,10,9.28571428571429,6.8,2647.88
"4561",1997-09-14,"1997",1997,349,10,8.85714285714286,6.63,2654.51
"4562",1997-09-15,"1997",1997,350,10,8.42857142857143,7.32,2661.83
"4563",1997-09-16,"1997",1997,351,10,8,6.34,2668.17
"4564",1997-09-17,"1997",1997,352,10.4285714285714,7.57142857142857,6.75,2674.92
"4565",1997-09-18,"1997",1997,353,10.8571428571429,7.14285714285714,7.96,2682.88
"4566",1997-09-19,"1997",1997,354,11.2857142857143,6.71428571428571,15.6,2698.48
"4567",1997-09-20,"1997",1997,355,11.7142857142857,6.28571428571429,17.3,2715.78
"4568",1997-09-21,"1997",1997,356,12.1428571428571,5.85714285714286,13.8,2729.58
"4569",1997-09-22,"1997",1997,357,12.5714285714286,5.42857142857143,10.9,2740.48
"4570",1997-09-23,"1997",1997,358,13,5,7.4,2747.88
"4571",1997-10-01,"1997",1998,1,14,7,6.59,6.59
"4572",1997-10-02,"1997",1998,2,14.1666666666667,6.91666666666667,5.88,12.47
"4573",1997-10-03,"1997",1998,3,14.3333333333333,6.83333333333333,5.53,18
"4574",1997-10-04,"1997",1998,4,14.5,6.75,5.03,23.03
"4575",1997-10-05,"1997",1998,5,14.6666666666667,6.66666666666667,4.7,27.73
"4576",1997-10-06,"1997",1998,6,14.8333333333333,6.58333333333333,4.86,32.59
"4577",1997-10-07,"1997",1998,7,15,6.5,4.54,37.13
"4578",1997-10-08,"1997",1998,8,15,5.71428571428571,3.47,40.6
"4579",1997-10-09,"1997",1998,9,15,4.92857142857143,4.22,44.82
"4580",1997-10-10,"1997",1998,10,15,4.14285714285714,4.07,48.89
"4581",1997-10-11,"1997",1998,11,15,3.35714285714286,4.07,52.96
"4582",1997-10-12,"1997",1998,12,15,2.57142857142857,4.07,57.03
"4583",1997-10-13,"1997",1998,13,15,1.78571428571429,4.07,61.1
"4584",1997-10-14,"1997",1998,14,15,1,4.07,65.17
"4585",1997-10-15,"1997",1998,15,14.8571428571429,1.14285714285714,4.07,69.24
"4586",1997-10-16,"1997",1998,16,14.7142857142857,1.28571428571429,4.07,73.31
"4587",1997-10-17,"1997",1998,17,14.5714285714286,1.42857142857143,4.07,77.38
"4588",1997-10-18,"1997",1998,18,14.4285714285714,1.57142857142857,4.07,81.45
"4589",1997-10-19,"1997",1998,19,14.2857142857143,1.71428571428571,4.07,85.52
"4590",1997-10-20,"1997",1998,20,14.1428571428571,1.85714285714286,4.07,89.59
"4591",1997-10-21,"1997",1998,21,14,2,4.07,93.66
"4592",1997-10-22,"1997",1998,22,14,2,4.07,97.73
"4593",1997-10-23,"1997",1998,23,14,2,4.07,101.8
"4594",1997-10-24,"1997",1998,24,14,2,4.07,105.87
"4595",1997-10-25,"1997",1998,25,14,2,4.07,109.94
"4596",1997-10-26,"1997",1998,26,14,2,4.07,114.01
"4597",1997-10-27,"1997",1998,27,14,2,4.07,118.08
"4598",1997-10-28,"1997",1998,28,14,2,4.07,122.15
"4599",1997-10-29,"1997",1998,29,14,2,4.07,126.22
"4600",1997-10-30,"1997",1998,30,14,2,4.07,130.29
"4601",1997-10-31,"1997",1998,31,14,2,1.07,131.36
"4602",1997-11-01,"1997",1998,32,14,2,1.07,132.43
"4603",1997-11-02,"1997",1998,33,14,2,1.07,133.5
"4604",1997-11-03,"1997",1998,34,14,2,1.07,134.57
"4605",1997-11-04,"1997",1998,35,14,2,1.07,135.64
"4606",1997-11-05,"1997",1998,36,14.2857142857143,1.85714285714286,1.07,136.71
"4607",1997-11-06,"1997",1998,37,14.5714285714286,1.71428571428571,1.07,137.78
"4608",1997-11-07,"1997",1998,38,14.8571428571429,1.57142857142857,1.07,138.85
"4609",1997-11-08,"1997",1998,39,15.1428571428571,1.42857142857143,1.07,139.92
"4610",1997-11-09,"1997",1998,40,15.4285714285714,1.28571428571429,1.07,140.99
"4611",1997-11-10,"1997",1998,41,15.7142857142857,1.14285714285714,1.07,142.06
"4612",1997-11-11,"1997",1998,42,16,1,1.07,143.13
"4613",1997-11-12,"1997",1998,43,16,1,1.07,144.2
"4614",1997-11-13,"1997",1998,44,16,1,1.07,145.27
"4615",1997-11-14,"1997",1998,45,16,1,1.07,146.34
"4616",1997-11-15,"1997",1998,46,16,1,1.07,147.41
"4617",1997-11-16,"1997",1998,47,16,1,1.07,148.48
"4618",1997-11-17,"1997",1998,48,16,1,1.07,149.55
"4619",1997-11-18,"1997",1998,49,16,1,1.07,150.62
"4620",1997-11-19,"1997",1998,50,16,1,1.07,151.69
"4621",1997-11-20,"1997",1998,51,16,1,1.07,152.76
"4622",1997-11-21,"1997",1998,52,16,1,1.07,153.83
"4623",1997-11-22,"1997",1998,53,16,1,1.07,154.9
"4624",1997-11-23,"1997",1998,54,16,1,1.07,155.97
"4625",1997-11-24,"1997",1998,55,16,1,1.07,157.04
"4626",1997-11-25,"1997",1998,56,16,1,1.07,158.11
"4627",1997-11-26,"1997",1998,57,16.1428571428571,0.928571428571429,1.07,159.18
"4628",1997-11-27,"1997",1998,58,16.2857142857143,0.857142857142857,1.07,160.25
"4629",1997-11-28,"1997",1998,59,16.4285714285714,0.785714285714286,1.07,161.32
"4630",1997-11-29,"1997",1998,60,16.5714285714286,0.714285714285714,1.07,162.39
"4631",1997-11-30,"1997",1998,61,16.7142857142857,0.642857142857143,0.36,162.75
"4632",1997-12-01,"1997",1998,62,16.8571428571429,0.571428571428571,0.36,163.11
"4633",1997-12-02,"1997",1998,63,17,0.5,0.36,163.47
"4634",1997-12-03,"1997",1998,64,17,0.571428571428571,0.36,163.83
"4635",1997-12-04,"1997",1998,65,17,0.642857142857143,0.36,164.19
"4636",1997-12-05,"1997",1998,66,17,0.714285714285714,0.36,164.55
"4637",1997-12-06,"1997",1998,67,17,0.785714285714286,0.36,164.91
"4638",1997-12-07,"1997",1998,68,17,0.857142857142857,0.36,165.27
"4639",1997-12-08,"1997",1998,69,17,0.928571428571429,0.36,165.63
"4640",1997-12-09,"1997",1998,70,17,1,0.36,165.99
"4641",1997-12-10,"1997",1998,71,17.1428571428571,1,0.36,166.35
"4642",1997-12-11,"1997",1998,72,17.2857142857143,1,0.36,166.71
"4643",1997-12-12,"1997",1998,73,17.4285714285714,1,0.36,167.07
"4644",1997-12-13,"1997",1998,74,17.5714285714286,1,0.36,167.43
"4645",1997-12-14,"1997",1998,75,17.7142857142857,1,0.36,167.79
"4646",1997-12-15,"1997",1998,76,17.8571428571429,1,0.36,168.15
"4647",1997-12-16,"1997",1998,77,18,1,0.36,168.51
"4648",1997-12-17,"1997",1998,78,18.5714285714286,0.9,0.36,168.87
"4649",1997-12-18,"1997",1998,79,19.1428571428571,0.8,0.36,169.23
"4650",1997-12-19,"1997",1998,80,19.7142857142857,0.7,0.36,169.59
"4651",1997-12-20,"1997",1998,81,20.2857142857143,0.6,0.36,169.95
"4652",1997-12-21,"1997",1998,82,20.8571428571429,0.5,0.36,170.31
"4653",1997-12-22,"1997",1998,83,21.4285714285714,0.4,0.36,170.67
"4654",1997-12-23,"1997",1998,84,22,0.3,0.36,171.03
"4655",1997-12-24,"1997",1998,85,21.5714285714286,0.257142857142857,0.36,171.39
"4656",1997-12-25,"1997",1998,86,21.1428571428571,0.214285714285714,0.36,171.75
"4657",1997-12-26,"1997",1998,87,20.7142857142857,0.171428571428571,0.36,172.11
"4658",1997-12-27,"1997",1998,88,20.2857142857143,0.128571428571429,0.36,172.47
"4659",1997-12-28,"1997",1998,89,19.8571428571429,0.0857142857142857,0.36,172.83
"4660",1997-12-29,"1997",1998,90,19.4285714285714,0.0428571428571429,0.36,173.19
"4661",1997-12-30,"1997",1998,91,19,0,0.36,173.55
"4662",1997-12-31,"1997",1998,92,19,0.0285714285714286,0.01,173.56
"4663",1998-01-01,"1998",1998,93,19,0.0571428571428571,0.01,173.57
"4664",1998-01-02,"1998",1998,94,19,0.0857142857142857,0.01,173.58
"4665",1998-01-03,"1998",1998,95,19,0.114285714285714,0.01,173.59
"4666",1998-01-04,"1998",1998,96,19,0.142857142857143,0.01,173.6
"4667",1998-01-05,"1998",1998,97,19,0.171428571428571,0.01,173.61
"4668",1998-01-06,"1998",1998,98,19,0.2,0.01,173.62
"4669",1998-01-07,"1998",1998,99,19,0.171428571428571,0.01,173.63
"4670",1998-01-08,"1998",1998,100,19,0.142857142857143,0.01,173.64
"4671",1998-01-09,"1998",1998,101,19,0.114285714285714,0.01,173.65
"4672",1998-01-10,"1998",1998,102,19,0.0857142857142857,0.01,173.66
"4673",1998-01-11,"1998",1998,103,19,0.0571428571428571,0.01,173.67
"4674",1998-01-12,"1998",1998,104,19,0.0285714285714286,0.01,173.68
"4675",1998-01-13,"1998",1998,105,19,0,0.01,173.69
"4676",1998-01-14,"1998",1998,106,19,-0.0285714285714286,0.01,173.7
"4677",1998-01-15,"1998",1998,107,19,-0.0571428571428571,0.01,173.71
"4678",1998-01-16,"1998",1998,108,19,-0.0857142857142857,0.01,173.72
"4679",1998-01-17,"1998",1998,109,19,-0.114285714285714,0.01,173.73
"4680",1998-01-18,"1998",1998,110,19,-0.142857142857143,0.01,173.74
"4681",1998-01-19,"1998",1998,111,19,-0.171428571428571,0.01,173.75
"4682",1998-01-20,"1998",1998,112,19,-0.2,0.01,173.76
"4683",1998-01-21,"1998",1998,113,19,-0.171428571428571,0.01,173.77
"4684",1998-01-22,"1998",1998,114,19,-0.142857142857143,0.01,173.78
"4685",1998-01-23,"1998",1998,115,19,-0.114285714285714,0.01,173.79
"4686",1998-01-24,"1998",1998,116,19,-0.0857142857142857,0.01,173.8
"4687",1998-01-25,"1998",1998,117,19,-0.0571428571428571,0.01,173.81
"4688",1998-01-26,"1998",1998,118,19,-0.0285714285714286,0.01,173.82
"4689",1998-01-27,"1998",1998,119,19,0,0.01,173.83
"4690",1998-01-28,"1998",1998,120,19.1428571428571,0,0.01,173.84
"4691",1998-01-29,"1998",1998,121,19.2857142857143,0,0.01,173.85
"4692",1998-01-30,"1998",1998,122,19.4285714285714,0,0.01,173.86
"4693",1998-01-31,"1998",1998,123,19.5714285714286,0,0.01,173.87
"4694",1998-02-01,"1998",1998,124,19.7142857142857,0,0.01,173.88
"4695",1998-02-02,"1998",1998,125,19.8571428571429,0,0.01,173.89
"4696",1998-02-03,"1998",1998,126,20,0,0.01,173.9
"4697",1998-02-04,"1998",1998,127,19.8571428571429,0,0.01,173.91
"4698",1998-02-05,"1998",1998,128,19.7142857142857,0,0.01,173.92
"4699",1998-02-06,"1998",1998,129,19.5714285714286,0,0.01,173.93
"4700",1998-02-07,"1998",1998,130,19.4285714285714,0,0.01,173.94
"4701",1998-02-08,"1998",1998,131,19.2857142857143,0,0.01,173.95
"4702",1998-02-09,"1998",1998,132,19.1428571428571,0,0.01,173.96
"4703",1998-02-10,"1998",1998,133,19,0,0.01,173.97
"4704",1998-02-11,"1998",1998,134,18.8571428571429,0.0285714285714286,0.01,173.98
"4705",1998-02-12,"1998",1998,135,18.7142857142857,0.0571428571428571,0.01,173.99
"4706",1998-02-13,"1998",1998,136,18.5714285714286,0.0857142857142857,0.01,174
"4707",1998-02-14,"1998",1998,137,18.4285714285714,0.114285714285714,0.01,174.01
"4708",1998-02-15,"1998",1998,138,18.2857142857143,0.142857142857143,0.01,174.02
"4709",1998-02-16,"1998",1998,139,18.1428571428571,0.171428571428571,0.01,174.03
"4710",1998-02-17,"1998",1998,140,18,0.2,0.01,174.04
"4711",1998-02-18,"1998",1998,141,18,0.185714285714286,0.01,174.05
"4712",1998-02-19,"1998",1998,142,18,0.171428571428571,0.01,174.06
"4713",1998-02-20,"1998",1998,143,18,0.157142857142857,0.01,174.07
"4714",1998-02-21,"1998",1998,144,18,0.142857142857143,0.01,174.08
"4715",1998-02-22,"1998",1998,145,18,0.128571428571429,0.01,174.09
"4716",1998-02-23,"1998",1998,146,18,0.114285714285714,0.01,174.1
"4717",1998-02-24,"1998",1998,147,18,0.1,0.01,174.11
"4718",1998-02-25,"1998",1998,148,18.8571428571429,0.0714285714285714,0.01,174.12
"4719",1998-02-26,"1998",1998,149,19.7142857142857,0.0428571428571429,0.01,174.13
"4720",1998-02-27,"1998",1998,150,20.5714285714286,0.0142857142857143,0.01,174.14
"4721",1998-02-28,"1998",1998,151,21.4285714285714,-0.0142857142857143,0.36,174.5
"4722",1998-03-01,"1998",1998,152,22.2857142857143,-0.0428571428571429,0.36,174.86
"4723",1998-03-02,"1998",1998,153,23.1428571428571,-0.0714285714285714,0.36,175.22
"4724",1998-03-03,"1998",1998,154,24,-0.1,0.36,175.58
"4725",1998-03-04,"1998",1998,155,23.1428571428571,-0.114285714285714,0.36,175.94
"4726",1998-03-05,"1998",1998,156,22.2857142857143,-0.128571428571429,0.36,176.3
"4727",1998-03-06,"1998",1998,157,21.4285714285714,-0.142857142857143,0.36,176.66
"4728",1998-03-07,"1998",1998,158,20.5714285714286,-0.157142857142857,0.36,177.02
"4729",1998-03-08,"1998",1998,159,19.7142857142857,-0.171428571428571,0.36,177.38
"4730",1998-03-09,"1998",1998,160,18.8571428571429,-0.185714285714286,0.36,177.74
"4731",1998-03-10,"1998",1998,161,18,-0.2,0.36,178.1
"4732",1998-03-11,"1998",1998,162,18,-0.171428571428571,0.36,178.46
"4733",1998-03-12,"1998",1998,163,18,-0.142857142857143,0.36,178.82
"4734",1998-03-13,"1998",1998,164,18,-0.114285714285714,0.36,179.18
"4735",1998-03-14,"1998",1998,165,18,-0.0857142857142857,0.36,179.54
"4736",1998-03-15,"1998",1998,166,18,-0.0571428571428571,0.36,179.9
"4737",1998-03-16,"1998",1998,167,18,-0.0285714285714286,0.36,180.26
"4738",1998-03-17,"1998",1998,168,18,0,0.36,180.62
"4739",1998-03-18,"1998",1998,169,18.2857142857143,0.0285714285714286,0.36,180.98
"4740",1998-03-19,"1998",1998,170,18.5714285714286,0.0571428571428571,0.36,181.34
"4741",1998-03-20,"1998",1998,171,18.8571428571429,0.0857142857142857,0.36,181.7
"4742",1998-03-21,"1998",1998,172,19.1428571428571,0.114285714285714,0.36,182.06
"4743",1998-03-22,"1998",1998,173,19.4285714285714,0.142857142857143,0.36,182.42
"4744",1998-03-23,"1998",1998,174,19.7142857142857,0.171428571428571,0.36,182.78
"4745",1998-03-24,"1998",1998,175,20,0.2,0.36,183.14
"4746",1998-03-25,"1998",1998,176,19.5714285714286,0.2,0.36,183.5
"4747",1998-03-26,"1998",1998,177,19.1428571428571,0.2,0.36,183.86
"4748",1998-03-27,"1998",1998,178,18.7142857142857,0.2,0.36,184.22
"4749",1998-03-28,"1998",1998,179,18.2857142857143,0.2,0.36,184.58
"4750",1998-03-29,"1998",1998,180,17.8571428571429,0.2,0.36,184.94
"4751",1998-03-30,"1998",1998,181,17.4285714285714,0.2,0.36,185.3
"4752",1998-03-31,"1998",1998,182,17,0.2,1.07,186.37
"4753",1998-04-01,"1998",1998,183,17.4285714285714,NA,1.07,187.44
"4754",1998-04-02,"1998",1998,184,17.8571428571429,NA,1.07,188.51
"4755",1998-04-03,"1998",1998,185,18.2857142857143,NA,1.07,189.58
"4756",1998-04-04,"1998",1998,186,18.7142857142857,NA,1.07,190.65
"4757",1998-04-05,"1998",1998,187,19.1428571428571,NA,1.07,191.72
"4758",1998-04-06,"1998",1998,188,19.5714285714286,NA,1.07,192.79
"4759",1998-04-07,"1998",1998,189,20,NA,1.07,193.86
"4760",1998-04-08,"1998",1998,190,19.5714285714286,NA,1.07,194.93
"4761",1998-04-09,"1998",1998,191,19.1428571428571,NA,1.07,196
"4762",1998-04-10,"1998",1998,192,18.7142857142857,NA,1.07,197.07
"4763",1998-04-11,"1998",1998,193,18.2857142857143,NA,1.07,198.14
"4764",1998-04-12,"1998",1998,194,17.8571428571429,NA,1.07,199.21
"4765",1998-04-13,"1998",1998,195,17.4285714285714,NA,1.07,200.28
"4766",1998-04-14,"1998",1998,196,17,0.1,1.07,201.35
"4767",1998-04-15,"1998",1998,197,17.2857142857143,0.114285714285714,1.07,202.42
"4768",1998-04-16,"1998",1998,198,17.5714285714286,0.128571428571429,1.07,203.49
"4769",1998-04-17,"1998",1998,199,17.8571428571429,0.142857142857143,1.07,204.56
"4770",1998-04-18,"1998",1998,200,18.1428571428571,0.157142857142857,1.07,205.63
"4771",1998-04-19,"1998",1998,201,18.4285714285714,0.171428571428571,1.07,206.7
"4772",1998-04-20,"1998",1998,202,18.7142857142857,0.185714285714286,1.07,207.77
"4773",1998-04-21,"1998",1998,203,19,0.2,1.07,208.84
"4774",1998-04-22,"1998",1998,204,18.5714285714286,0.185714285714286,1.07,209.91
"4775",1998-04-23,"1998",1998,205,18.1428571428571,0.171428571428571,1.07,210.98
"4776",1998-04-24,"1998",1998,206,17.7142857142857,0.157142857142857,1.07,212.05
"4777",1998-04-25,"1998",1998,207,17.2857142857143,0.142857142857143,1.07,213.12
"4778",1998-04-26,"1998",1998,208,16.8571428571429,0.128571428571429,1.07,214.19
"4779",1998-04-27,"1998",1998,209,16.4285714285714,0.114285714285714,1.07,215.26
"4780",1998-04-28,"1998",1998,210,16,0.1,1.07,216.33
"4781",1998-04-29,"1998",1998,211,15.7142857142857,0.142857142857143,1.07,217.4
"4782",1998-04-30,"1998",1998,212,15.4285714285714,0.185714285714286,1.07,218.47
"4783",1998-05-01,"1998",1998,213,15.1428571428571,0.228571428571429,1.07,219.54
"4784",1998-05-02,"1998",1998,214,14.8571428571429,0.271428571428571,1.07,220.61
"4785",1998-05-03,"1998",1998,215,14.5714285714286,0.314285714285714,1.07,221.68
"4786",1998-05-04,"1998",1998,216,14.2857142857143,0.357142857142857,1.07,222.75
"4787",1998-05-05,"1998",1998,217,14,0.4,6.5,229.25
"4788",1998-05-06,"1998",1998,218,14,0.414285714285714,5.62,234.87
"4789",1998-05-07,"1998",1998,219,14,0.428571428571429,4.79,239.66
"4790",1998-05-08,"1998",1998,220,14,0.442857142857143,4.38,244.04
"4791",1998-05-09,"1998",1998,221,14,0.457142857142857,5.66,249.7
"4792",1998-05-10,"1998",1998,222,14,0.471428571428571,7.44,257.14
"4793",1998-05-11,"1998",1998,223,14,0.485714285714286,6.35,263.49
"4794",1998-05-12,"1998",1998,224,14,0.5,7.29,270.78
"4795",1998-05-13,"1998",1998,225,13.8571428571429,0.685714285714286,8.91,279.69
"4796",1998-05-14,"1998",1998,226,13.7142857142857,0.871428571428571,7.54,287.23
"4797",1998-05-15,"1998",1998,227,13.5714285714286,1.05714285714286,5.98,293.21
"4798",1998-05-16,"1998",1998,228,13.4285714285714,1.24285714285714,6.14,299.35
"4799",1998-05-17,"1998",1998,229,13.2857142857143,1.42857142857143,8.27,307.62
"4800",1998-05-18,"1998",1998,230,13.1428571428571,1.61428571428571,11,318.62
"4801",1998-05-19,"1998",1998,231,13,1.8,15.1,333.72
"4802",1998-05-20,"1998",1998,232,13.1428571428571,2.14285714285714,16.8,350.52
"4803",1998-05-21,"1998",1998,233,13.2857142857143,2.48571428571429,16.2,366.72
"4804",1998-05-22,"1998",1998,234,13.4285714285714,2.82857142857143,11.4,378.12
"4805",1998-05-23,"1998",1998,235,13.5714285714286,3.17142857142857,8.82,386.94
"4806",1998-05-24,"1998",1998,236,13.7142857142857,3.51428571428571,8.84,395.78
"4807",1998-05-25,"1998",1998,237,13.8571428571429,3.85714285714286,12.8,408.58
"4808",1998-05-26,"1998",1998,238,14,4.2,16.6,425.18
"4809",1998-05-27,"1998",1998,239,13.7142857142857,NA,20.4,445.58
"4810",1998-05-28,"1998",1998,240,13.4285714285714,NA,20.8,466.38
"4811",1998-05-29,"1998",1998,241,13.1428571428571,NA,18.2,484.58
"4812",1998-05-30,"1998",1998,242,12.8571428571429,NA,17.6,502.18
"4813",1998-05-31,"1998",1998,243,12.5714285714286,NA,20.2,522.38
"4814",1998-06-01,"1998",1998,244,12.2857142857143,NA,21.5,543.88
"4815",1998-06-02,"1998",1998,245,12,NA,23.6,567.48
"4816",1998-06-03,"1998",1998,246,12.1428571428571,NA,22.8,590.28
"4817",1998-06-04,"1998",1998,247,12.2857142857143,NA,17.1,607.38
"4818",1998-06-05,"1998",1998,248,12.4285714285714,NA,12.9,620.28
"4819",1998-06-06,"1998",1998,249,12.5714285714286,NA,11.5,631.78
"4820",1998-06-07,"1998",1998,250,12.7142857142857,NA,10.2,641.98
"4821",1998-06-08,"1998",1998,251,12.8571428571429,NA,8.11,650.09
"4822",1998-06-09,"1998",1998,252,13,7.7,9.43,659.52
"4823",1998-06-10,"1998",1998,253,12.8571428571429,7.41428571428571,9.85,669.37
"4824",1998-06-11,"1998",1998,254,12.7142857142857,7.12857142857143,10.8,680.17
"4825",1998-06-12,"1998",1998,255,12.5714285714286,6.84285714285714,12.2,692.37
"4826",1998-06-13,"1998",1998,256,12.4285714285714,6.55714285714286,13.2,705.57
"4827",1998-06-14,"1998",1998,257,12.2857142857143,6.27142857142857,11.6,717.17
"4828",1998-06-15,"1998",1998,258,12.1428571428571,5.98571428571429,11.1,728.27
"4829",1998-06-16,"1998",1998,259,12,5.7,14,742.27
"4830",1998-06-17,"1998",1998,260,12,6.05714285714286,13,755.27
"4831",1998-06-18,"1998",1998,261,12,6.41428571428571,12.9,768.17
"4832",1998-06-19,"1998",1998,262,12,6.77142857142857,17.2,785.37
"4833",1998-06-20,"1998",1998,263,12,7.12857142857143,21.3,806.67
"4834",1998-06-21,"1998",1998,264,12,7.48571428571429,22.7,829.37
"4835",1998-06-22,"1998",1998,265,12,7.84285714285714,21.3,850.67
"4836",1998-06-23,"1998",1998,266,12,8.2,19.2,869.87
"4837",1998-06-24,"1998",1998,267,11.8571428571429,8.28571428571428,17.3,887.17
"4838",1998-06-25,"1998",1998,268,11.7142857142857,8.37142857142857,20.9,908.07
"4839",1998-06-26,"1998",1998,269,11.5714285714286,8.45714285714286,25.2,933.27
"4840",1998-06-27,"1998",1998,270,11.4285714285714,8.54285714285714,27.1,960.37
"4841",1998-06-28,"1998",1998,271,11.2857142857143,8.62857142857143,27.9,988.27
"4842",1998-06-29,"1998",1998,272,11.1428571428571,8.71428571428572,26.6,1014.87
"4843",1998-06-30,"1998",1998,273,11,8.8,28.3,1043.17
"4844",1998-07-01,"1998",1998,274,10.8571428571429,8.74285714285714,29.1,1072.27
"4845",1998-07-02,"1998",1998,275,10.7142857142857,8.68571428571429,29.3,1101.57
"4846",1998-07-03,"1998",1998,276,10.5714285714286,8.62857142857143,26,1127.57
"4847",1998-07-04,"1998",1998,277,10.4285714285714,8.57142857142857,25.7,1153.27
"4848",1998-07-05,"1998",1998,278,10.2857142857143,8.51428571428571,27.1,1180.37
"4849",1998-07-06,"1998",1998,279,10.1428571428571,8.45714285714286,25.3,1205.67
"4850",1998-07-07,"1998",1998,280,10,8.4,21.2,1226.87
"4851",1998-07-08,"1998",1998,281,9.85714285714286,8.78571428571429,21.6,1248.47
"4852",1998-07-09,"1998",1998,282,9.71428571428571,9.17142857142857,29.7,1278.17
"4853",1998-07-10,"1998",1998,283,9.57142857142857,9.55714285714286,35.3,1313.47
"4854",1998-07-11,"1998",1998,284,9.42857142857143,9.94285714285714,31.4,1344.87
"4855",1998-07-12,"1998",1998,285,9.28571428571429,10.3285714285714,26.6,1371.47
"4856",1998-07-13,"1998",1998,286,9.14285714285714,10.7142857142857,22.5,1393.97
"4857",1998-07-14,"1998",1998,287,9,11.1,19.4,1413.37
"4858",1998-07-15,"1998",1998,288,8.85714285714286,11.1,17.8,1431.17
"4859",1998-07-16,"1998",1998,289,8.71428571428571,11.1,18.2,1449.37
"4860",1998-07-17,"1998",1998,290,8.57142857142857,11.1,18.5,1467.87
"4861",1998-07-18,"1998",1998,291,8.42857142857143,11.1,18.9,1486.77
"4862",1998-07-19,"1998",1998,292,8.28571428571429,11.1,18.6,1505.37
"4863",1998-07-20,"1998",1998,293,8.14285714285714,11.1,18.1,1523.47
"4864",1998-07-21,"1998",1998,294,8,11.1,17.6,1541.07
"4865",1998-07-22,"1998",1998,295,8.14285714285714,10.8714285714286,16.1,1557.17
"4866",1998-07-23,"1998",1998,296,8.28571428571429,10.6428571428571,27.8,1584.97
"4867",1998-07-24,"1998",1998,297,8.42857142857143,10.4142857142857,40.6,1625.57
"4868",1998-07-25,"1998",1998,298,8.57142857142857,10.1857142857143,35.2,1660.77
"4869",1998-07-26,"1998",1998,299,8.71428571428571,9.95714285714286,33.5,1694.27
"4870",1998-07-27,"1998",1998,300,8.85714285714286,9.72857142857143,26.4,1720.67
"4871",1998-07-28,"1998",1998,301,9,9.5,22.8,1743.47
"4872",1998-07-29,"1998",1998,302,9,NA,22,1765.47
"4873",1998-07-30,"1998",1998,303,9,NA,21.2,1786.67
"4874",1998-07-31,"1998",1998,304,9,NA,21.3,1807.97
"4875",1998-08-01,"1998",1998,305,9,NA,18.9,1826.87
"4876",1998-08-02,"1998",1998,306,9,NA,15.9,1842.77
"4877",1998-08-03,"1998",1998,307,9,NA,15.8,1858.57
"4878",1998-08-04,"1998",1998,308,9,NA,18.6,1877.17
"4879",1998-08-05,"1998",1998,309,9,NA,19.2,1896.37
"4880",1998-08-06,"1998",1998,310,9,NA,16.1,1912.47
"4881",1998-08-07,"1998",1998,311,9,NA,14.3,1926.77
"4882",1998-08-08,"1998",1998,312,9,NA,13.3,1940.07
"4883",1998-08-09,"1998",1998,313,9,NA,14.4,1954.47
"4884",1998-08-10,"1998",1998,314,9,NA,17.7,1972.17
"4885",1998-08-11,"1998",1998,315,9,NA,15.6,1987.77
"4886",1998-08-12,"1998",1998,316,9.28571428571429,NA,13.4,2001.17
"4887",1998-08-13,"1998",1998,317,9.57142857142857,NA,12.3,2013.47
"4888",1998-08-14,"1998",1998,318,9.85714285714286,NA,12,2025.47
"4889",1998-08-15,"1998",1998,319,10.1428571428571,NA,12,2037.47
"4890",1998-08-16,"1998",1998,320,10.4285714285714,NA,11.9,2049.37
"4891",1998-08-17,"1998",1998,321,10.7142857142857,NA,12.4,2061.77
"4892",1998-08-18,"1998",1998,322,11,13,12.7,2074.47
"4893",1998-08-19,"1998",1998,323,NA,NA,12.7,2087.17
"4894",1998-08-20,"1998",1998,324,NA,NA,12,2099.17
"4895",1998-08-21,"1998",1998,325,NA,NA,11.4,2110.57
"4896",1998-08-22,"1998",1998,326,NA,NA,11.9,2122.47
"4897",1998-08-23,"1998",1998,327,NA,NA,11.7,2134.17
"4898",1998-08-24,"1998",1998,328,NA,NA,11.2,2145.37
"4899",1998-08-25,"1998",1998,329,NA,NA,10.4,2155.77
"4900",1998-08-26,"1998",1998,330,NA,NA,10.1,2165.87
"4901",1998-08-27,"1998",1998,331,NA,NA,10.2,2176.07
"4902",1998-08-28,"1998",1998,332,NA,NA,9.43,2185.5
"4903",1998-08-29,"1998",1998,333,NA,NA,8.4,2193.9
"4904",1998-08-30,"1998",1998,334,NA,NA,8.31,2202.21
"4905",1998-08-31,"1998",1998,335,NA,NA,8.81,2211.02
"4906",1998-09-01,"1998",1998,336,10,12,8.81,2219.83
"4907",1998-09-02,"1998",1998,337,10.1428571428571,12.1428571428571,8.4,2228.23
"4908",1998-09-03,"1998",1998,338,10.2857142857143,12.2857142857143,8.21,2236.44
"4909",1998-09-04,"1998",1998,339,10.4285714285714,12.4285714285714,8.01,2244.45
"4910",1998-09-05,"1998",1998,340,10.5714285714286,12.5714285714286,7.91,2252.36
"4911",1998-09-06,"1998",1998,341,10.7142857142857,12.7142857142857,7.82,2260.18
"4912",1998-09-07,"1998",1998,342,10.8571428571429,12.8571428571429,7.72,2267.9
"4913",1998-09-08,"1998",1998,343,11,13,7.82,2275.72
"4914",1998-09-09,"1998",1998,344,10.8571428571429,12.7142857142857,7.91,2283.63
"4915",1998-09-10,"1998",1998,345,10.7142857142857,12.4285714285714,7.82,2291.45
"4916",1998-09-11,"1998",1998,346,10.5714285714286,12.1428571428571,8.21,2299.66
"4917",1998-09-12,"1998",1998,347,10.4285714285714,11.8571428571429,9.87,2309.53
"4918",1998-09-13,"1998",1998,348,10.2857142857143,11.5714285714286,11.2,2320.73
"4919",1998-09-14,"1998",1998,349,10.1428571428571,11.2857142857143,10.4,2331.13
"4920",1998-09-15,"1998",1998,350,10,11,9.43,2340.56
"4921",1998-09-16,"1998",1998,351,10.1428571428571,10.8285714285714,8.81,2349.37
"4922",1998-09-17,"1998",1998,352,10.2857142857143,10.6571428571429,8.11,2357.48
"4923",1998-09-18,"1998",1998,353,10.4285714285714,10.4857142857143,7.53,2365.01
"4924",1998-09-19,"1998",1998,354,10.5714285714286,10.3142857142857,7.15,2372.16
"4925",1998-09-20,"1998",1998,355,10.7142857142857,10.1428571428571,6.87,2379.03
"4926",1998-09-21,"1998",1998,356,10.8571428571429,9.97142857142857,6.41,2385.44
"4927",1998-09-22,"1998",1998,357,11,9.8,6.05,2391.49
"4928",1998-09-23,"1998",1998,358,11.1428571428571,9.74285714285714,6.05,2397.54
"4929",1998-09-24,"1998",1998,359,11.2857142857143,9.68571428571429,5.7,2403.24
"4930",1998-09-25,"1998",1998,360,11.4285714285714,9.62857142857143,5.53,2408.77
"4931",1998-09-26,"1998",1998,361,11.5714285714286,9.57142857142857,5.53,2414.3
"4932",1998-09-27,"1998",1998,362,11.7142857142857,9.51428571428571,5.36,2419.66
"4933",1998-09-28,"1998",1998,363,11.8571428571429,9.45714285714286,4.94,2424.6
"4934",1998-09-29,"1998",1998,364,12,9.4,4.7,2429.3
"4935",1998-10-06,"1998",1999,6,13,8.5,6.96,33.01
"4936",1998-10-07,"1998",1999,7,13,7.6,6.5,39.51
"4937",1998-10-08,"1998",1999,8,13,6.7,5.96,45.47
"4938",1998-10-09,"1998",1999,9,13,5.8,5.45,50.92
"4939",1998-10-10,"1998",1999,10,13,4.9,5.03,55.95
"4940",1998-10-11,"1998",1999,11,13,4,4.7,60.65
"4941",1998-10-12,"1998",1999,12,13,3.1,4.46,65.11
"4942",1998-10-13,"1998",1999,13,13,2.2,4.94,70.05
"4943",1998-10-14,"1998",1999,14,13,2.4,4.62,74.67
"4944",1998-10-15,"1998",1999,15,13,2.6,3.52,78.19
"4945",1998-10-16,"1998",1999,16,13,2.8,4.3,82.49
"4946",1998-10-17,"1998",1999,17,13,3,4.15,86.64
"4947",1998-10-18,"1998",1999,18,13,3.2,4.07,90.71
"4948",1998-10-19,"1998",1999,19,13,3.4,4.07,94.78
"4949",1998-10-20,"1998",1999,20,13,3.6,4.07,98.85
"4950",1998-10-21,"1998",1999,21,13.1428571428571,3.58571428571429,4.07,102.92
"4951",1998-10-22,"1998",1999,22,13.2857142857143,3.57142857142857,4.07,106.99
"4952",1998-10-23,"1998",1999,23,13.4285714285714,3.55714285714286,4.07,111.06
"4953",1998-10-24,"1998",1999,24,13.5714285714286,3.54285714285714,4.07,115.13
"4954",1998-10-25,"1998",1999,25,13.7142857142857,3.52857142857143,4.07,119.2
"4955",1998-10-26,"1998",1999,26,13.8571428571429,3.51428571428571,4.07,123.27
"4956",1998-10-27,"1998",1999,27,14,3.5,4.07,127.34
"4957",1998-10-28,"1998",1999,28,14,3.2,4.07,131.41
"4958",1998-10-29,"1998",1999,29,14,2.9,4.07,135.48
"4959",1998-10-30,"1998",1999,30,14,2.6,4.07,139.55
"4960",1998-10-31,"1998",1999,31,14,2.3,1.07,140.62
"4961",1998-11-01,"1998",1999,32,14,2,1.07,141.69
"4962",1998-11-02,"1998",1999,33,14,1.7,1.07,142.76
"4963",1998-11-03,"1998",1999,34,14,1.4,1.07,143.83
"4964",1998-11-04,"1998",1999,35,14.1428571428571,1.22857142857143,1.07,144.9
"4965",1998-11-05,"1998",1999,36,14.2857142857143,1.05714285714286,1.07,145.97
"4966",1998-11-06,"1998",1999,37,14.4285714285714,0.885714285714286,1.07,147.04
"4967",1998-11-07,"1998",1999,38,14.5714285714286,0.714285714285714,1.07,148.11
"4968",1998-11-08,"1998",1999,39,14.7142857142857,0.542857142857143,1.07,149.18
"4969",1998-11-09,"1998",1999,40,14.8571428571429,0.371428571428571,1.07,150.25
"4970",1998-11-10,"1998",1999,41,15,0.2,1.07,151.32
"4971",1998-11-11,"1998",1999,42,15.2857142857143,0.357142857142857,1.07,152.39
"4972",1998-11-12,"1998",1999,43,15.5714285714286,0.514285714285714,1.07,153.46
"4973",1998-11-13,"1998",1999,44,15.8571428571429,0.671428571428571,1.07,154.53
"4974",1998-11-14,"1998",1999,45,16.1428571428571,0.828571428571429,1.07,155.6
"4975",1998-11-15,"1998",1999,46,16.4285714285714,0.985714285714286,1.07,156.67
"4976",1998-11-16,"1998",1999,47,16.7142857142857,1.14285714285714,1.07,157.74
"4977",1998-11-17,"1998",1999,48,17,1.3,1.07,158.81
"4978",1998-11-18,"1998",1999,49,17,1.3,1.07,159.88
"4979",1998-11-19,"1998",1999,50,17,1.3,1.07,160.95
"4980",1998-11-20,"1998",1999,51,17,1.3,1.07,162.02
"4981",1998-11-21,"1998",1999,52,17,1.3,1.07,163.09
"4982",1998-11-22,"1998",1999,53,17,1.3,1.07,164.16
"4983",1998-11-23,"1998",1999,54,17,1.3,1.07,165.23
"4984",1998-11-24,"1998",1999,55,17,1.3,1.07,166.3
"4985",1998-11-25,"1998",1999,56,17,1.31428571428571,1.07,167.37
"4986",1998-11-26,"1998",1999,57,17,1.32857142857143,1.07,168.44
"4987",1998-11-27,"1998",1999,58,17,1.34285714285714,1.07,169.51
"4988",1998-11-28,"1998",1999,59,17,1.35714285714286,1.07,170.58
"4989",1998-11-29,"1998",1999,60,17,1.37142857142857,1.07,171.65
"4990",1998-11-30,"1998",1999,61,17,1.38571428571429,0.36,172.01
"4991",1998-12-01,"1998",1999,62,17,1.4,0.36,172.37
"4992",1998-12-02,"1998",1999,63,17.2857142857143,1.24285714285714,0.36,172.73
"4993",1998-12-03,"1998",1999,64,17.5714285714286,1.08571428571429,0.36,173.09
"4994",1998-12-04,"1998",1999,65,17.8571428571429,0.928571428571429,0.36,173.45
"4995",1998-12-05,"1998",1999,66,18.1428571428571,0.771428571428571,0.36,173.81
"4996",1998-12-06,"1998",1999,67,18.4285714285714,0.614285714285714,0.36,174.17
"4997",1998-12-07,"1998",1999,68,18.7142857142857,0.457142857142857,0.36,174.53
"4998",1998-12-08,"1998",1999,69,19,0.3,0.36,174.89
"4999",1998-12-09,"1998",1999,70,19.1428571428571,0.371428571428571,0.36,175.25
"5000",1998-12-10,"1998",1999,71,19.2857142857143,0.442857142857143,0.36,175.61
"5001",1998-12-11,"1998",1999,72,19.4285714285714,0.514285714285714,0.36,175.97
"5002",1998-12-12,"1998",1999,73,19.5714285714286,0.585714285714286,0.36,176.33
"5003",1998-12-13,"1998",1999,74,19.7142857142857,0.657142857142857,0.36,176.69
"5004",1998-12-14,"1998",1999,75,19.8571428571429,0.728571428571429,0.36,177.05
"5005",1998-12-15,"1998",1999,76,20,0.8,0.36,177.41
"5006",1998-12-16,"1998",1999,77,19.8571428571429,0.7,0.36,177.77
"5007",1998-12-17,"1998",1999,78,19.7142857142857,0.6,0.36,178.13
"5008",1998-12-18,"1998",1999,79,19.5714285714286,0.5,0.36,178.49
"5009",1998-12-19,"1998",1999,80,19.4285714285714,0.4,0.36,178.85
"5010",1998-12-20,"1998",1999,81,19.2857142857143,0.3,0.36,179.21
"5011",1998-12-21,"1998",1999,82,19.1428571428571,0.2,0.36,179.57
"5012",1998-12-22,"1998",1999,83,19,0.1,0.36,179.93
"5013",1998-12-23,"1998",1999,84,19.4285714285714,0.114285714285714,0.36,180.29
"5014",1998-12-24,"1998",1999,85,19.8571428571429,0.128571428571429,0.36,180.65
"5015",1998-12-25,"1998",1999,86,20.2857142857143,0.142857142857143,0.36,181.01
"5016",1998-12-26,"1998",1999,87,20.7142857142857,0.157142857142857,0.36,181.37
"5017",1998-12-27,"1998",1999,88,21.1428571428571,0.171428571428571,0.36,181.73
"5018",1998-12-28,"1998",1999,89,21.5714285714286,0.185714285714286,0.36,182.09
"5019",1998-12-29,"1998",1999,90,22,0.2,0.36,182.45
"5020",1998-12-30,"1998",1999,91,22,0.185714285714286,0.36,182.81
"5021",1998-12-31,"1998",1999,92,22,0.171428571428571,0.01,182.82
"5022",1999-01-01,"1999",1999,93,22,0.157142857142857,0.01,182.83
"5023",1999-01-02,"1999",1999,94,22,0.142857142857143,0.01,182.84
"5024",1999-01-03,"1999",1999,95,22,0.128571428571429,0.01,182.85
"5025",1999-01-04,"1999",1999,96,22,0.114285714285714,0.01,182.86
"5026",1999-01-05,"1999",1999,97,22,0.1,0.01,182.87
"5027",1999-01-06,"1999",1999,98,21.8571428571429,0.114285714285714,0.01,182.88
"5028",1999-01-07,"1999",1999,99,21.7142857142857,0.128571428571429,0.01,182.89
"5029",1999-01-08,"1999",1999,100,21.5714285714286,0.142857142857143,0.01,182.9
"5030",1999-01-09,"1999",1999,101,21.4285714285714,0.157142857142857,0.01,182.91
"5031",1999-01-10,"1999",1999,102,21.2857142857143,0.171428571428571,0.01,182.92
"5032",1999-01-11,"1999",1999,103,21.1428571428571,0.185714285714286,0.01,182.93
"5033",1999-01-12,"1999",1999,104,21,0.2,0.01,182.94
"5034",1999-01-13,"1999",1999,105,20.8571428571429,NA,0.01,182.95
"5035",1999-01-14,"1999",1999,106,20.7142857142857,NA,0.01,182.96
"5036",1999-01-15,"1999",1999,107,20.5714285714286,NA,0.01,182.97
"5037",1999-01-16,"1999",1999,108,20.4285714285714,NA,0.01,182.98
"5038",1999-01-17,"1999",1999,109,20.2857142857143,NA,0.01,182.99
"5039",1999-01-18,"1999",1999,110,20.1428571428571,NA,0.01,183
"5040",1999-01-19,"1999",1999,111,20,NA,0.01,183.01
"5041",1999-01-20,"1999",1999,112,20,NA,0.01,183.02
"5042",1999-01-21,"1999",1999,113,20,NA,0.01,183.03
"5043",1999-01-22,"1999",1999,114,20,NA,0.01,183.04
"5044",1999-01-23,"1999",1999,115,20,NA,0.01,183.05
"5045",1999-01-24,"1999",1999,116,20,NA,0.01,183.06
"5046",1999-01-25,"1999",1999,117,20,NA,0.01,183.07
"5047",1999-01-26,"1999",1999,118,20,0,0.01,183.08
"5048",1999-01-27,"1999",1999,119,20.1428571428571,0,0.01,183.09
"5049",1999-01-28,"1999",1999,120,20.2857142857143,0,0.01,183.1
"5050",1999-01-29,"1999",1999,121,20.4285714285714,0,0.01,183.11
"5051",1999-01-30,"1999",1999,122,20.5714285714286,0,0.01,183.12
"5052",1999-01-31,"1999",1999,123,20.7142857142857,0,0.01,183.13
"5053",1999-02-01,"1999",1999,124,20.8571428571429,0,0.01,183.14
"5054",1999-02-02,"1999",1999,125,21,0,0.01,183.15
"5055",1999-02-03,"1999",1999,126,20.7142857142857,0.0142857142857143,0.01,183.16
"5056",1999-02-04,"1999",1999,127,20.4285714285714,0.0285714285714286,0.01,183.17
"5057",1999-02-05,"1999",1999,128,20.1428571428571,0.0428571428571429,0.01,183.18
"5058",1999-02-06,"1999",1999,129,19.8571428571429,0.0571428571428571,0.01,183.19
"5059",1999-02-07,"1999",1999,130,19.5714285714286,0.0714285714285714,0.01,183.2
"5060",1999-02-08,"1999",1999,131,19.2857142857143,0.0857142857142857,0.01,183.21
"5061",1999-02-09,"1999",1999,132,19,0.1,0.01,183.22
"5062",1999-02-10,"1999",1999,133,18.8571428571429,0.1,0.01,183.23
"5063",1999-02-11,"1999",1999,134,18.7142857142857,0.1,0.01,183.24
"5064",1999-02-12,"1999",1999,135,18.5714285714286,0.1,0.01,183.25
"5065",1999-02-13,"1999",1999,136,18.4285714285714,0.1,0.01,183.26
"5066",1999-02-14,"1999",1999,137,18.2857142857143,0.1,0.01,183.27
"5067",1999-02-15,"1999",1999,138,18.1428571428571,0.1,0.01,183.28
"5068",1999-02-16,"1999",1999,139,18,0.1,0.01,183.29
"5069",1999-02-17,"1999",1999,140,18.2857142857143,0.1,0.01,183.3
"5070",1999-02-18,"1999",1999,141,18.5714285714286,0.1,0.01,183.31
"5071",1999-02-19,"1999",1999,142,18.8571428571429,0.1,0.01,183.32
"5072",1999-02-20,"1999",1999,143,19.1428571428571,0.1,0.01,183.33
"5073",1999-02-21,"1999",1999,144,19.4285714285714,0.1,0.01,183.34
"5074",1999-02-22,"1999",1999,145,19.7142857142857,0.1,0.01,183.35
"5075",1999-02-23,"1999",1999,146,20,0.1,0.01,183.36
"5076",1999-02-24,"1999",1999,147,19.7142857142857,0.1,0.01,183.37
"5077",1999-02-25,"1999",1999,148,19.4285714285714,0.1,0.01,183.38
"5078",1999-02-26,"1999",1999,149,19.1428571428571,0.1,0.01,183.39
"5079",1999-02-27,"1999",1999,150,18.8571428571429,0.1,0.01,183.4
"5080",1999-02-28,"1999",1999,151,18.5714285714286,0.1,0.36,183.76
"5081",1999-03-01,"1999",1999,152,18.2857142857143,0.1,0.36,184.12
"5082",1999-03-02,"1999",1999,153,18,0.1,0.36,184.48
"5083",1999-03-03,"1999",1999,154,18,0.1,0.36,184.84
"5084",1999-03-04,"1999",1999,155,18,0.1,0.36,185.2
"5085",1999-03-05,"1999",1999,156,18,0.1,0.36,185.56
"5086",1999-03-06,"1999",1999,157,18,0.1,0.36,185.92
"5087",1999-03-07,"1999",1999,158,18,0.1,0.36,186.28
"5088",1999-03-08,"1999",1999,159,18,0.1,0.36,186.64
"5089",1999-03-09,"1999",1999,160,18,0.1,0.36,187
"5090",1999-03-10,"1999",1999,161,18,0.1,0.36,187.36
"5091",1999-03-11,"1999",1999,162,18,0.1,0.36,187.72
"5092",1999-03-12,"1999",1999,163,18,0.1,0.36,188.08
"5093",1999-03-13,"1999",1999,164,18,0.1,0.36,188.44
"5094",1999-03-14,"1999",1999,165,18,0.1,0.36,188.8
"5095",1999-03-15,"1999",1999,166,18,0.1,0.36,189.16
"5096",1999-03-16,"1999",1999,167,18,0.1,0.36,189.52
"5097",1999-03-17,"1999",1999,168,17.7142857142857,0.214285714285714,0.36,189.88
"5098",1999-03-18,"1999",1999,169,17.4285714285714,0.328571428571429,0.36,190.24
"5099",1999-03-19,"1999",1999,170,17.1428571428571,0.442857142857143,0.36,190.6
"5100",1999-03-20,"1999",1999,171,16.8571428571429,0.557142857142857,0.36,190.96
"5101",1999-03-21,"1999",1999,172,16.5714285714286,0.671428571428571,0.36,191.32
"5102",1999-03-22,"1999",1999,173,16.2857142857143,0.785714285714286,0.36,191.68
"5103",1999-03-23,"1999",1999,174,16,0.9,0.36,192.04
"5104",1999-03-24,"1999",1999,175,15.8571428571429,1.02857142857143,0.36,192.4
"5105",1999-03-25,"1999",1999,176,15.7142857142857,1.15714285714286,0.36,192.76
"5106",1999-03-26,"1999",1999,177,15.5714285714286,1.28571428571429,0.36,193.12
"5107",1999-03-27,"1999",1999,178,15.4285714285714,1.41428571428571,0.36,193.48
"5108",1999-03-28,"1999",1999,179,15.2857142857143,1.54285714285714,0.36,193.84
"5109",1999-03-29,"1999",1999,180,15.1428571428571,1.67142857142857,0.36,194.2
"5110",1999-03-30,"1999",1999,181,15,1.8,0.36,194.56
"5111",1999-03-31,"1999",1999,182,15,1.65714285714286,1.07,195.63
"5112",1999-04-01,"1999",1999,183,15,1.51428571428571,1.07,196.7
"5113",1999-04-02,"1999",1999,184,15,1.37142857142857,1.07,197.77
"5114",1999-04-03,"1999",1999,185,15,1.22857142857143,1.07,198.84
"5115",1999-04-04,"1999",1999,186,15,1.08571428571429,1.07,199.91
"5116",1999-04-05,"1999",1999,187,15,0.942857142857143,1.07,200.98
"5117",1999-04-06,"1999",1999,188,15,0.8,1.07,202.05
"5118",1999-04-07,"1999",1999,189,15,1.1,1.07,203.12
"5119",1999-04-08,"1999",1999,190,15,1.4,1.07,204.19
"5120",1999-04-09,"1999",1999,191,15,1.7,1.07,205.26
"5121",1999-04-10,"1999",1999,192,15,2,1.07,206.33
"5122",1999-04-11,"1999",1999,193,15,2.3,1.07,207.4
"5123",1999-04-12,"1999",1999,194,15,2.6,1.07,208.47
"5124",1999-04-13,"1999",1999,195,15,2.9,1.07,209.54
"5125",1999-04-14,"1999",1999,196,15,2.68571428571429,1.07,210.61
"5126",1999-04-15,"1999",1999,197,15,2.47142857142857,1.07,211.68
"5127",1999-04-16,"1999",1999,198,15,2.25714285714286,1.07,212.75
"5128",1999-04-17,"1999",1999,199,15,2.04285714285714,1.07,213.82
"5129",1999-04-18,"1999",1999,200,15,1.82857142857143,1.07,214.89
"5130",1999-04-19,"1999",1999,201,15,1.61428571428571,1.07,215.96
"5131",1999-04-20,"1999",1999,202,15,1.4,1.07,217.03
"5132",1999-04-21,"1999",1999,203,15.2857142857143,1.38571428571429,1.07,218.1
"5133",1999-04-22,"1999",1999,204,15.5714285714286,1.37142857142857,1.07,219.17
"5134",1999-04-23,"1999",1999,205,15.8571428571429,1.35714285714286,1.07,220.24
"5135",1999-04-24,"1999",1999,206,16.1428571428571,1.34285714285714,1.07,221.31
"5136",1999-04-25,"1999",1999,207,16.4285714285714,1.32857142857143,1.07,222.38
"5137",1999-04-26,"1999",1999,208,16.7142857142857,1.31428571428571,1.07,223.45
"5138",1999-04-27,"1999",1999,209,17,1.3,1.07,224.52
"5139",1999-04-28,"1999",1999,210,17.1428571428571,1.21428571428571,1.07,225.59
"5140",1999-04-29,"1999",1999,211,17.2857142857143,1.12857142857143,1.07,226.66
"5141",1999-04-30,"1999",1999,212,17.4285714285714,1.04285714285714,1.07,227.73
"5142",1999-05-01,"1999",1999,213,17.5714285714286,0.957142857142857,1.19,228.92
"5143",1999-05-02,"1999",1999,214,17.7142857142857,0.871428571428571,1.21,230.13
"5144",1999-05-03,"1999",1999,215,17.8571428571429,0.785714285714286,1.07,231.2
"5145",1999-05-04,"1999",1999,216,18,0.7,0.93,232.13
"5146",1999-05-05,"1999",1999,217,17.8571428571429,0.671428571428571,0.87,233
"5147",1999-05-06,"1999",1999,218,17.7142857142857,0.642857142857143,0.87,233.87
"5148",1999-05-07,"1999",1999,219,17.5714285714286,0.614285714285714,0.8,234.67
"5149",1999-05-08,"1999",1999,220,17.4285714285714,0.585714285714286,0.8,235.47
"5150",1999-05-09,"1999",1999,221,17.2857142857143,0.557142857142857,0.8,236.27
"5151",1999-05-10,"1999",1999,222,17.1428571428571,0.528571428571429,0.82,237.09
"5152",1999-05-11,"1999",1999,223,17,0.5,1.12,238.21
"5153",1999-05-12,"1999",1999,224,16.8571428571429,0.614285714285714,1.91,240.12
"5154",1999-05-13,"1999",1999,225,16.7142857142857,0.728571428571429,2.27,242.39
"5155",1999-05-14,"1999",1999,226,16.5714285714286,0.842857142857143,3.28,245.67
"5156",1999-05-15,"1999",1999,227,16.4285714285714,0.957142857142857,4.29,249.96
"5157",1999-05-16,"1999",1999,228,16.2857142857143,1.07142857142857,5.3,255.26
"5158",1999-05-17,"1999",1999,229,16.1428571428571,1.18571428571429,6.31,261.57
"5159",1999-05-18,"1999",1999,230,16,1.3,7.32,268.89
"5160",1999-05-19,"1999",1999,231,15.8571428571429,1.22857142857143,8.33,277.22
"5161",1999-05-20,"1999",1999,232,15.7142857142857,1.15714285714286,9.34,286.56
"5162",1999-05-21,"1999",1999,233,15.5714285714286,1.08571428571429,10.4,296.96
"5163",1999-05-22,"1999",1999,234,15.4285714285714,1.01428571428571,11.4,308.36
"5164",1999-05-23,"1999",1999,235,15.2857142857143,0.942857142857143,12.4,320.76
"5165",1999-05-24,"1999",1999,236,15.1428571428571,0.871428571428571,13.4,334.16
"5166",1999-05-25,"1999",1999,237,15,0.8,14.4,348.56
"5167",1999-05-26,"1999",1999,238,14.7142857142857,NA,15.4,363.96
"5168",1999-05-27,"1999",1999,239,14.4285714285714,NA,16.4,380.36
"5169",1999-05-28,"1999",1999,240,14.1428571428571,NA,17.4,397.76
"5170",1999-05-29,"1999",1999,241,13.8571428571429,NA,17.4,415.16
"5171",1999-05-30,"1999",1999,242,13.5714285714286,NA,12.7,427.86
"5172",1999-05-31,"1999",1999,243,13.2857142857143,NA,15.1,442.96
"5173",1999-06-01,"1999",1999,244,13,NA,21.8,464.76
"5174",1999-06-02,"1999",1999,245,13,NA,26.4,491.16
"5175",1999-06-03,"1999",1999,246,13,NA,20,511.16
"5176",1999-06-04,"1999",1999,247,13,NA,20,531.16
"5177",1999-06-05,"1999",1999,248,13,NA,14.9,546.06
"5178",1999-06-06,"1999",1999,249,13,NA,16.3,562.36
"5179",1999-06-07,"1999",1999,250,13,NA,20.6,582.96
"5180",1999-06-08,"1999",1999,251,13,7,21.2,604.16
"5181",1999-06-09,"1999",1999,252,NA,6.45714285714286,18.5,622.66
"5182",1999-06-10,"1999",1999,253,NA,5.91428571428571,11.8,634.46
"5183",1999-06-11,"1999",1999,254,NA,5.37142857142857,10.7,645.16
"5184",1999-06-12,"1999",1999,255,NA,4.82857142857143,17,662.16
"5185",1999-06-13,"1999",1999,256,NA,4.28571428571429,17,679.16
"5186",1999-06-14,"1999",1999,257,NA,3.74285714285714,18.1,697.26
"5187",1999-06-15,"1999",1999,258,NA,3.2,18.9,716.16
"5188",1999-06-16,"1999",1999,259,NA,3.68571428571429,17.4,733.56
"5189",1999-06-17,"1999",1999,260,NA,4.17142857142857,18.3,751.86
"5190",1999-06-18,"1999",1999,261,NA,4.65714285714286,17.4,769.26
"5191",1999-06-19,"1999",1999,262,NA,5.14285714285714,21.7,790.96
"5192",1999-06-20,"1999",1999,263,NA,5.62857142857143,30.4,821.36
"5193",1999-06-21,"1999",1999,264,NA,6.11428571428571,30.4,851.76
"5194",1999-06-22,"1999",1999,265,13,6.6,30.1,881.86
"5195",1999-06-23,"1999",1999,266,12.8571428571429,NA,33.3,915.16
"5196",1999-06-24,"1999",1999,267,12.7142857142857,NA,34.3,949.46
"5197",1999-06-25,"1999",1999,268,12.5714285714286,NA,33.1,982.56
"5198",1999-06-26,"1999",1999,269,12.4285714285714,NA,29.5,1012.06
"5199",1999-06-27,"1999",1999,270,12.2857142857143,NA,30.3,1042.36
"5200",1999-06-28,"1999",1999,271,12.1428571428571,NA,32.1,1074.46
"5201",1999-06-29,"1999",1999,272,12,NA,32.1,1106.56
"5202",1999-06-30,"1999",1999,273,NA,NA,33.9,1140.46
"5203",1999-07-01,"1999",1999,274,NA,NA,32.6,1173.06
"5204",1999-07-02,"1999",1999,275,NA,NA,31.2,1204.26
"5205",1999-07-03,"1999",1999,276,NA,NA,29.9,1234.16
"5206",1999-07-04,"1999",1999,277,NA,NA,28.5,1262.66
"5207",1999-07-05,"1999",1999,278,NA,NA,27.1,1289.76
"5208",1999-07-06,"1999",1999,279,NA,NA,25.8,1315.56
"5209",1999-07-07,"1999",1999,280,NA,NA,24.4,1339.96
"5210",1999-07-08,"1999",1999,281,NA,NA,24.4,1364.36
"5211",1999-07-09,"1999",1999,282,NA,NA,26.8,1391.16
"5212",1999-07-10,"1999",1999,283,NA,NA,29.1,1420.26
"5213",1999-07-11,"1999",1999,284,NA,NA,28.1,1448.36
"5214",1999-07-12,"1999",1999,285,NA,NA,27.2,1475.56
"5215",1999-07-13,"1999",1999,286,NA,NA,27.4,1502.96
"5216",1999-07-14,"1999",1999,287,NA,NA,26.6,1529.56
"5217",1999-07-15,"1999",1999,288,NA,NA,26.6,1556.16
"5218",1999-07-16,"1999",1999,289,NA,NA,26.3,1582.46
"5219",1999-07-17,"1999",1999,290,NA,NA,25.7,1608.16
"5220",1999-07-18,"1999",1999,291,NA,NA,26.8,1634.96
"5221",1999-07-19,"1999",1999,292,NA,NA,21.6,1656.56
"5222",1999-07-20,"1999",1999,293,NA,NA,18.7,1675.26
"5223",1999-07-21,"1999",1999,294,NA,NA,17.4,1692.66
"5224",1999-07-22,"1999",1999,295,NA,NA,17.3,1709.96
"5225",1999-07-23,"1999",1999,296,NA,NA,17.2,1727.16
"5226",1999-07-24,"1999",1999,297,NA,NA,17.2,1744.36
"5227",1999-07-25,"1999",1999,298,NA,NA,20.4,1764.76
"5228",1999-07-26,"1999",1999,299,NA,NA,20,1784.76
"5229",1999-07-27,"1999",1999,300,NA,NA,15.7,1800.46
"5230",1999-07-28,"1999",1999,301,NA,NA,15.7,1816.16
"5231",1999-07-29,"1999",1999,302,NA,NA,15.7,1831.86
"5232",1999-07-30,"1999",1999,303,NA,NA,15.6,1847.46
"5233",1999-07-31,"1999",1999,304,NA,NA,15.6,1863.06
"5234",1999-08-01,"1999",1999,305,NA,NA,15.6,1878.66
"5235",1999-08-02,"1999",1999,306,NA,NA,15.6,1894.26
"5236",1999-08-03,"1999",1999,307,9,10.2,18.9,1913.16
"5237",1999-08-04,"1999",1999,308,9.14285714285714,10.3857142857143,17.5,1930.66
"5238",1999-08-05,"1999",1999,309,9.28571428571429,10.5714285714286,15.7,1946.36
"5239",1999-08-06,"1999",1999,310,9.42857142857143,10.7571428571429,15.6,1961.96
"5240",1999-08-07,"1999",1999,311,9.57142857142857,10.9428571428571,14.2,1976.16
"5241",1999-08-08,"1999",1999,312,9.71428571428571,11.1285714285714,14.2,1990.36
"5242",1999-08-09,"1999",1999,313,9.85714285714286,11.3142857142857,13.9,2004.26
"5243",1999-08-10,"1999",1999,314,10,11.5,14.7,2018.96
"5244",1999-08-11,"1999",1999,315,10,11.2285714285714,16.6,2035.56
"5245",1999-08-12,"1999",1999,316,10,10.9571428571429,17.9,2053.46
"5246",1999-08-13,"1999",1999,317,10,10.6857142857143,17.4,2070.86
"5247",1999-08-14,"1999",1999,318,10,10.4142857142857,14.4,2085.26
"5248",1999-08-15,"1999",1999,319,10,10.1428571428571,13.1,2098.36
"5249",1999-08-16,"1999",1999,320,10,9.87142857142857,13.1,2111.46
"5250",1999-08-17,"1999",1999,321,10,9.6,15.5,2126.96
"5251",1999-08-18,"1999",1999,322,10,10.0285714285714,28.1,2155.06
"5252",1999-08-19,"1999",1999,323,10,10.4571428571429,24.1,2179.16
"5253",1999-08-20,"1999",1999,324,10,10.8857142857143,18.6,2197.76
"5254",1999-08-21,"1999",1999,325,10,11.3142857142857,16.5,2214.26
"5255",1999-08-22,"1999",1999,326,10,11.7428571428571,14.6,2228.86
"5256",1999-08-23,"1999",1999,327,10,12.1714285714286,14.2,2243.06
"5257",1999-08-24,"1999",1999,328,10,12.6,14.2,2257.26
"5258",1999-08-25,"1999",1999,329,10,12.6142857142857,14.9,2272.16
"5259",1999-08-26,"1999",1999,330,10,12.6285714285714,14.8,2286.96
"5260",1999-08-27,"1999",1999,331,10,12.6428571428571,12.7,2299.66
"5261",1999-08-28,"1999",1999,332,10,12.6571428571429,11.3,2310.96
"5262",1999-08-29,"1999",1999,333,10,12.6714285714286,10.8,2321.76
"5263",1999-08-30,"1999",1999,334,10,12.6857142857143,12,2333.76
"5264",1999-08-31,"1999",1999,335,10,12.7,11.7,2345.46
"5265",1999-09-01,"1999",1999,336,10,12.3428571428571,11.7,2357.16
"5266",1999-09-02,"1999",1999,337,10,11.9857142857143,11.3,2368.46
"5267",1999-09-03,"1999",1999,338,10,11.6285714285714,11,2379.46
"5268",1999-09-04,"1999",1999,339,10,11.2714285714286,11.9,2391.36
"5269",1999-09-05,"1999",1999,340,10,10.9142857142857,13.1,2404.46
"5270",1999-09-06,"1999",1999,341,10,10.5571428571429,12.1,2416.56
"5271",1999-09-07,"1999",1999,342,10,10.2,11.7,2428.26
"5272",1999-09-08,"1999",1999,343,10.1428571428571,9.94285714285714,11,2439.26
"5273",1999-09-09,"1999",1999,344,10.2857142857143,9.68571428571429,11,2450.26
"5274",1999-09-10,"1999",1999,345,10.4285714285714,9.42857142857143,10.4,2460.66
"5275",1999-09-11,"1999",1999,346,10.5714285714286,9.17142857142857,10.4,2471.06
"5276",1999-09-12,"1999",1999,347,10.7142857142857,8.91428571428571,10.8,2481.86
"5277",1999-09-13,"1999",1999,348,10.8571428571429,8.65714285714286,11.1,2492.96
"5278",1999-09-14,"1999",1999,349,11,8.4,10.7,2503.66
"5279",1999-09-15,"1999",1999,350,11.1428571428571,8.21428571428572,9.95,2513.61
"5280",1999-09-16,"1999",1999,351,11.2857142857143,8.02857142857143,9.53,2523.14
"5281",1999-09-17,"1999",1999,352,11.4285714285714,7.84285714285714,9.53,2532.67
"5282",1999-09-18,"1999",1999,353,11.5714285714286,7.65714285714286,10.1,2542.77
"5283",1999-09-19,"1999",1999,354,11.7142857142857,7.47142857142857,9.95,2552.72
"5284",1999-09-20,"1999",1999,355,11.8571428571429,7.28571428571429,9.22,2561.94
"5285",1999-09-21,"1999",1999,356,12,7.1,8.16,2570.1
"5286",1999-09-22,"1999",1999,357,12,6.61428571428571,7.1,2577.2
"5287",1999-09-23,"1999",1999,358,12,6.12857142857143,6.1,2583.3
"5288",1999-09-24,"1999",1999,359,12,5.64285714285714,5.49,2588.79
"5289",1999-09-25,"1999",1999,360,12,5.15714285714286,5.49,2594.28
"5290",1999-09-26,"1999",1999,361,12,4.67142857142857,5.11,2599.39
"5291",1999-09-27,"1999",1999,362,12,4.18571428571429,4.98,2604.37
"5292",1999-09-28,"1999",1999,363,12,3.7,4.74,2609.11
"5293",1999-10-05,"1999",2000,5,13,2.9,3.55,18.65
"5294",1999-10-06,"1999",2000,6,13,3.3,3.44,22.09
"5295",1999-10-07,"1999",2000,7,13,3.7,3.3,25.39
"5296",1999-10-08,"1999",2000,8,13,4.1,3.3,28.69
"5297",1999-10-09,"1999",2000,9,13,4.5,3.62,32.31
"5298",1999-10-10,"1999",2000,10,13,4.9,3.69,36
"5299",1999-10-11,"1999",2000,11,13,5.3,3.69,39.69
"5300",1999-10-12,"1999",2000,12,13,5.7,3.66,43.35
"5301",1999-10-13,"1999",2000,13,13.1428571428571,5.25714285714286,3.44,46.79
"5302",1999-10-14,"1999",2000,14,13.2857142857143,4.81428571428571,3.23,50.02
"5303",1999-10-15,"1999",2000,15,13.4285714285714,4.37142857142857,2.75,52.77
"5304",1999-10-16,"1999",2000,16,13.5714285714286,3.92857142857143,2.46,55.23
"5305",1999-10-17,"1999",2000,17,13.7142857142857,3.48571428571429,2.59,57.82
"5306",1999-10-18,"1999",2000,18,13.8571428571429,3.04285714285714,2.78,60.6
"5307",1999-10-19,"1999",2000,19,14,2.6,2.78,63.38
"5308",1999-10-20,"1999",2000,20,14,2.85714285714286,2.55,65.93
"5309",1999-10-21,"1999",2000,21,14,3.11428571428571,2.46,68.39
"5310",1999-10-22,"1999",2000,22,14,3.37142857142857,2.39,70.78
"5311",1999-10-23,"1999",2000,23,14,3.62857142857143,2.24,73.02
"5312",1999-10-24,"1999",2000,24,14,3.88571428571429,2.09,75.11
"5313",1999-10-25,"1999",2000,25,14,4.14285714285714,1.97,77.08
"5314",1999-10-26,"1999",2000,26,14,4.4,1.91,78.99
"5315",1999-10-27,"1999",2000,27,14.1428571428571,4.21428571428571,1.91,80.9
"5316",1999-10-28,"1999",2000,28,14.2857142857143,4.02857142857143,1.88,82.78
"5317",1999-10-29,"1999",2000,29,14.4285714285714,3.84285714285714,1.97,84.75
"5318",1999-10-30,"1999",2000,30,14.5714285714286,3.65714285714286,1.91,86.66
"5319",1999-10-31,"1999",2000,31,14.7142857142857,3.47142857142857,1.88,88.54
"5320",1999-11-01,"1999",2000,32,14.8571428571429,3.28571428571429,1.79,90.33
"5321",1999-11-02,"1999",2000,33,15,3.1,1.74,92.07
"5322",1999-11-03,"1999",2000,34,15,2.87142857142857,1.63,93.7
"5323",1999-11-04,"1999",2000,35,15,2.64285714285714,1.63,95.33
"5324",1999-11-05,"1999",2000,36,15,2.41428571428571,1.55,96.88
"5325",1999-11-06,"1999",2000,37,15,2.18571428571429,1.42,98.3
"5326",1999-11-07,"1999",2000,38,15,1.95714285714286,1.36,99.66
"5327",1999-11-08,"1999",2000,39,15,1.72857142857143,1.42,101.08
"5328",1999-11-09,"1999",2000,40,15,1.5,1.47,102.55
"5329",1999-11-10,"1999",2000,41,15.1428571428571,1.38571428571429,1.47,104.02
"5330",1999-11-11,"1999",2000,42,15.2857142857143,1.27142857142857,1.47,105.49
"5331",1999-11-12,"1999",2000,43,15.4285714285714,1.15714285714286,1.47,106.96
"5332",1999-11-13,"1999",2000,44,15.5714285714286,1.04285714285714,1.47,108.43
"5333",1999-11-14,"1999",2000,45,15.7142857142857,0.928571428571428,1.42,109.85
"5334",1999-11-15,"1999",2000,46,15.8571428571429,0.814285714285714,1.31,111.16
"5335",1999-11-16,"1999",2000,47,16,0.7,1.24,112.4
"5336",1999-11-17,"1999",2000,48,16.1428571428571,0.542857142857143,1.17,113.57
"5337",1999-11-18,"1999",2000,49,16.2857142857143,0.385714285714286,1.12,114.69
"5338",1999-11-19,"1999",2000,50,16.4285714285714,0.228571428571429,1.02,115.71
"5339",1999-11-20,"1999",2000,51,16.5714285714286,0.0714285714285714,1.02,116.73
"5340",1999-11-21,"1999",2000,52,16.7142857142857,-0.0857142857142859,0.98,117.71
"5341",1999-11-22,"1999",2000,53,16.8571428571429,-0.242857142857143,0.91,118.62
"5342",1999-11-23,"1999",2000,54,17,-0.4,0.93,119.55
"5343",1999-11-24,"1999",2000,55,17.1428571428571,-0.3,0.89,120.44
"5344",1999-11-25,"1999",2000,56,17.2857142857143,-0.2,0.36,120.8
"5345",1999-11-26,"1999",2000,57,17.4285714285714,-0.1,0.36,121.16
"5346",1999-11-27,"1999",2000,58,17.5714285714286,-5.55111512312578e-17,0.36,121.52
"5347",1999-11-28,"1999",2000,59,17.7142857142857,0.1,0.36,121.88
"5348",1999-11-29,"1999",2000,60,17.8571428571429,0.2,0.36,122.24
"5349",1999-11-30,"1999",2000,61,18,0.3,0.36,122.6
"5350",1999-12-01,"1999",2000,62,18.1428571428571,0.328571428571429,0.36,122.96
"5351",1999-12-02,"1999",2000,63,18.2857142857143,0.357142857142857,0.36,123.32
"5352",1999-12-03,"1999",2000,64,18.4285714285714,0.385714285714286,0.36,123.68
"5353",1999-12-04,"1999",2000,65,18.5714285714286,0.414285714285714,0.36,124.04
"5354",1999-12-05,"1999",2000,66,18.7142857142857,0.442857142857143,0.36,124.4
"5355",1999-12-06,"1999",2000,67,18.8571428571429,0.471428571428571,0.36,124.76
"5356",1999-12-07,"1999",2000,68,19,0.5,0.36,125.12
"5357",1999-12-08,"1999",2000,69,NA,NA,0.36,125.48
"5358",1999-12-09,"1999",2000,70,NA,NA,0.36,125.84
"5359",1999-12-10,"1999",2000,71,NA,NA,0.36,126.2
"5360",1999-12-11,"1999",2000,72,NA,NA,0.36,126.56
"5361",1999-12-12,"1999",2000,73,NA,NA,0.36,126.92
"5362",1999-12-13,"1999",2000,74,NA,NA,0.36,127.28
"5363",1999-12-14,"1999",2000,75,NA,NA,0.36,127.64
"5364",1999-12-15,"1999",2000,76,NA,NA,0.36,128
"5365",1999-12-16,"1999",2000,77,NA,NA,0.36,128.36
"5366",1999-12-17,"1999",2000,78,NA,NA,0.36,128.72
"5367",1999-12-18,"1999",2000,79,NA,NA,0.36,129.08
"5368",1999-12-19,"1999",2000,80,NA,NA,0.36,129.44
"5369",1999-12-20,"1999",2000,81,NA,NA,0.36,129.8
"5370",1999-12-21,"1999",2000,82,22,0.2,0.36,130.16
"5371",1999-12-22,"1999",2000,83,22.1428571428571,0.2,0.36,130.52
"5372",1999-12-23,"1999",2000,84,22.2857142857143,0.2,0.36,130.88
"5373",1999-12-24,"1999",2000,85,22.4285714285714,0.2,0.36,131.24
"5374",1999-12-25,"1999",2000,86,22.5714285714286,0.2,0.36,131.6
"5375",1999-12-26,"1999",2000,87,22.7142857142857,0.2,0.36,131.96
"5376",1999-12-27,"1999",2000,88,22.8571428571429,0.2,0.36,132.32
"5377",1999-12-28,"1999",2000,89,23,0.2,0.36,132.68
"5378",1999-12-29,"1999",2000,90,23.1428571428571,0.128571428571429,0.36,133.04
"5379",1999-12-30,"1999",2000,91,23.2857142857143,0.0571428571428572,0.36,133.4
"5380",1999-12-31,"1999",2000,92,23.4285714285714,-0.0142857142857143,0.01,133.41
"5381",2000-01-01,"2000",2000,93,23.5714285714286,-0.0857142857142857,0.01,133.42
"5382",2000-01-02,"2000",2000,94,23.7142857142857,-0.157142857142857,0.01,133.43
"5383",2000-01-03,"2000",2000,95,23.8571428571429,-0.228571428571429,0.01,133.44
"5384",2000-01-04,"2000",2000,96,24,-0.3,0.01,133.45
"5385",2000-01-05,"2000",2000,97,24,-0.257142857142857,0.01,133.46
"5386",2000-01-06,"2000",2000,98,24,-0.214285714285714,0.01,133.47
"5387",2000-01-07,"2000",2000,99,24,-0.171428571428571,0.01,133.48
"5388",2000-01-08,"2000",2000,100,24,-0.128571428571429,0.01,133.49
"5389",2000-01-09,"2000",2000,101,24,-0.0857142857142857,0.01,133.5
"5390",2000-01-10,"2000",2000,102,24,-0.0428571428571429,0.01,133.51
"5391",2000-01-11,"2000",2000,103,24,0,0.01,133.52
"5392",2000-01-12,"2000",2000,104,24,-0.0285714285714286,0.01,133.53
"5393",2000-01-13,"2000",2000,105,24,-0.0571428571428571,0.01,133.54
"5394",2000-01-14,"2000",2000,106,24,-0.0857142857142857,0.01,133.55
"5395",2000-01-15,"2000",2000,107,24,-0.114285714285714,0.01,133.56
"5396",2000-01-16,"2000",2000,108,24,-0.142857142857143,0.01,133.57
"5397",2000-01-17,"2000",2000,109,24,-0.171428571428571,0.01,133.58
"5398",2000-01-18,"2000",2000,110,24,-0.2,0.01,133.59
"5399",2000-01-19,"2000",2000,111,23.7142857142857,-0.2,0.01,133.6
"5400",2000-01-20,"2000",2000,112,23.4285714285714,-0.2,0.01,133.61
"5401",2000-01-21,"2000",2000,113,23.1428571428571,-0.2,0.01,133.62
"5402",2000-01-22,"2000",2000,114,22.8571428571429,-0.2,0.01,133.63
"5403",2000-01-23,"2000",2000,115,22.5714285714286,-0.2,0.01,133.64
"5404",2000-01-24,"2000",2000,116,22.2857142857143,-0.2,0.01,133.65
"5405",2000-01-25,"2000",2000,117,22,-0.2,0.01,133.66
"5406",2000-01-26,"2000",2000,118,22,-0.214285714285714,0.01,133.67
"5407",2000-01-27,"2000",2000,119,22,-0.228571428571429,0.01,133.68
"5408",2000-01-28,"2000",2000,120,22,-0.242857142857143,0.01,133.69
"5409",2000-01-29,"2000",2000,121,22,-0.257142857142857,0.01,133.7
"5410",2000-01-30,"2000",2000,122,22,-0.271428571428571,0.01,133.71
"5411",2000-01-31,"2000",2000,123,22,-0.285714285714286,0.01,133.72
"5412",2000-02-01,"2000",2000,124,22,-0.3,0.01,133.73
"5413",2000-02-02,"2000",2000,125,22,-0.285714285714286,0.01,133.74
"5414",2000-02-03,"2000",2000,126,22,-0.271428571428571,0.01,133.75
"5415",2000-02-04,"2000",2000,127,22,-0.257142857142857,0.01,133.76
"5416",2000-02-05,"2000",2000,128,22,-0.242857142857143,0.01,133.77
"5417",2000-02-06,"2000",2000,129,22,-0.228571428571429,0.01,133.78
"5418",2000-02-07,"2000",2000,130,22,-0.214285714285714,0.01,133.79
"5419",2000-02-08,"2000",2000,131,22,-0.2,0.01,133.8
"5420",2000-02-09,"2000",2000,132,21.8571428571429,-0.2,0.01,133.81
"5421",2000-02-10,"2000",2000,133,21.7142857142857,-0.2,0.01,133.82
"5422",2000-02-11,"2000",2000,134,21.5714285714286,-0.2,0.01,133.83
"5423",2000-02-12,"2000",2000,135,21.4285714285714,-0.2,0.01,133.84
"5424",2000-02-13,"2000",2000,136,21.2857142857143,-0.2,0.01,133.85
"5425",2000-02-14,"2000",2000,137,21.1428571428571,-0.2,0.01,133.86
"5426",2000-02-15,"2000",2000,138,21,-0.2,0.01,133.87
"5427",2000-02-16,"2000",2000,139,21.1428571428571,-0.171428571428571,0.01,133.88
"5428",2000-02-17,"2000",2000,140,21.2857142857143,-0.142857142857143,0.01,133.89
"5429",2000-02-18,"2000",2000,141,21.4285714285714,-0.114285714285714,0.01,133.9
"5430",2000-02-19,"2000",2000,142,21.5714285714286,-0.0857142857142857,0.01,133.91
"5431",2000-02-20,"2000",2000,143,21.7142857142857,-0.0571428571428571,0.01,133.92
"5432",2000-02-21,"2000",2000,144,21.8571428571429,-0.0285714285714286,0.01,133.93
"5433",2000-02-22,"2000",2000,145,22,0,0.01,133.94
"5434",2000-02-23,"2000",2000,146,21.8571428571429,-0.0285714285714286,0.01,133.95
"5435",2000-02-24,"2000",2000,147,21.7142857142857,-0.0571428571428571,0.01,133.96
"5436",2000-02-25,"2000",2000,148,21.5714285714286,-0.0857142857142857,0.01,133.97
"5437",2000-02-26,"2000",2000,149,21.4285714285714,-0.114285714285714,0.01,133.98
"5438",2000-02-27,"2000",2000,150,21.2857142857143,-0.142857142857143,0.01,133.99
"5439",2000-02-28,"2000",2000,151,21.1428571428571,-0.171428571428571,0.01,134
"5440",2000-02-29,"2000",2000,152,21,-0.2,0.36,134.36
"5441",2000-03-01,"2000",2000,153,20.8571428571429,-0.157142857142857,0.36,134.72
"5442",2000-03-02,"2000",2000,154,20.7142857142857,-0.114285714285714,0.36,135.08
"5443",2000-03-03,"2000",2000,155,20.5714285714286,-0.0714285714285714,0.36,135.44
"5444",2000-03-04,"2000",2000,156,20.4285714285714,-0.0285714285714286,0.36,135.8
"5445",2000-03-05,"2000",2000,157,20.2857142857143,0.0142857142857143,0.36,136.16
"5446",2000-03-06,"2000",2000,158,20.1428571428571,0.0571428571428572,0.36,136.52
"5447",2000-03-07,"2000",2000,159,20,0.1,0.36,136.88
"5448",2000-03-08,"2000",2000,160,20,0.0571428571428571,0.36,137.24
"5449",2000-03-09,"2000",2000,161,20,0.0142857142857143,0.36,137.6
"5450",2000-03-10,"2000",2000,162,20,-0.0285714285714286,0.36,137.96
"5451",2000-03-11,"2000",2000,163,20,-0.0714285714285715,0.36,138.32
"5452",2000-03-12,"2000",2000,164,20,-0.114285714285714,0.36,138.68
"5453",2000-03-13,"2000",2000,165,20,-0.157142857142857,0.36,139.04
"5454",2000-03-14,"2000",2000,166,20,-0.2,0.36,139.4
"5455",2000-03-15,"2000",2000,167,20,-0.2,0.36,139.76
"5456",2000-03-16,"2000",2000,168,20,-0.2,0.36,140.12
"5457",2000-03-17,"2000",2000,169,20,-0.2,0.36,140.48
"5458",2000-03-18,"2000",2000,170,20,-0.2,0.36,140.84
"5459",2000-03-19,"2000",2000,171,20,-0.2,0.36,141.2
"5460",2000-03-20,"2000",2000,172,20,-0.2,0.36,141.56
"5461",2000-03-21,"2000",2000,173,20,-0.2,0.36,141.92
"5462",2000-03-22,"2000",2000,174,20,-0.2,0.36,142.28
"5463",2000-03-23,"2000",2000,175,20,-0.2,0.36,142.64
"5464",2000-03-24,"2000",2000,176,20,-0.2,0.36,143
"5465",2000-03-25,"2000",2000,177,20,-0.2,0.36,143.36
"5466",2000-03-26,"2000",2000,178,20,-0.2,0.36,143.72
"5467",2000-03-27,"2000",2000,179,20,-0.2,0.36,144.08
"5468",2000-03-28,"2000",2000,180,20,-0.2,0.36,144.44
"5469",2000-03-29,"2000",2000,181,20,-0.2,0.36,144.8
"5470",2000-03-30,"2000",2000,182,20,-0.2,0.36,145.16
"5471",2000-03-31,"2000",2000,183,20,-0.2,0.36,145.52
"5472",2000-04-01,"2000",2000,184,20,-0.2,0.36,145.88
"5473",2000-04-02,"2000",2000,185,20,-0.2,0.36,146.24
"5474",2000-04-03,"2000",2000,186,20,-0.2,0.36,146.6
"5475",2000-04-04,"2000",2000,187,20,-0.2,0.36,146.96
"5476",2000-04-05,"2000",2000,188,19.7142857142857,0.0285714285714285,0.36,147.32
"5477",2000-04-06,"2000",2000,189,19.4285714285714,0.257142857142857,0.36,147.68
"5478",2000-04-07,"2000",2000,190,19.1428571428571,0.485714285714286,0.36,148.04
"5479",2000-04-08,"2000",2000,191,18.8571428571429,0.714285714285714,0.36,148.4
"5480",2000-04-09,"2000",2000,192,18.5714285714286,0.942857142857143,0.36,148.76
"5481",2000-04-10,"2000",2000,193,18.2857142857143,1.17142857142857,0.36,149.12
"5482",2000-04-11,"2000",2000,194,18,1.4,0.36,149.48
"5483",2000-04-12,"2000",2000,195,17.8571428571429,1.62857142857143,0.7,150.18
"5484",2000-04-13,"2000",2000,196,17.7142857142857,1.85714285714286,0.89,151.07
"5485",2000-04-14,"2000",2000,197,17.5714285714286,2.08571428571429,1.21,152.28
"5486",2000-04-15,"2000",2000,198,17.4285714285714,2.31428571428571,1.26,153.54
"5487",2000-04-16,"2000",2000,199,17.2857142857143,2.54285714285714,1.34,154.88
"5488",2000-04-17,"2000",2000,200,17.1428571428571,2.77142857142857,1.26,156.14
"5489",2000-04-18,"2000",2000,201,17,3,1.31,157.45
"5490",2000-04-19,"2000",2000,202,16.8571428571429,2.84285714285714,1.21,158.66
"5491",2000-04-20,"2000",2000,203,16.7142857142857,2.68571428571429,1.24,159.9
"5492",2000-04-21,"2000",2000,204,16.5714285714286,2.52857142857143,1.66,161.56
"5493",2000-04-22,"2000",2000,205,16.4285714285714,2.37142857142857,1.94,163.5
"5494",2000-04-23,"2000",2000,206,16.2857142857143,2.21428571428571,1.71,165.21
"5495",2000-04-24,"2000",2000,207,16.1428571428571,2.05714285714286,1.47,166.68
"5496",2000-04-25,"2000",2000,208,16,1.9,1.39,168.07
"5497",2000-04-26,"2000",2000,209,16,2.15714285714286,2.21,170.28
"5498",2000-04-27,"2000",2000,210,16,2.41428571428571,3.99,174.27
"5499",2000-04-28,"2000",2000,211,16,2.67142857142857,5.19,179.46
"5500",2000-04-29,"2000",2000,212,16,2.92857142857143,5.15,184.61
"5501",2000-04-30,"2000",2000,213,16,3.18571428571429,4.11,188.72
"5502",2000-05-01,"2000",2000,214,16,3.44285714285714,4.75,193.47
"5503",2000-05-02,"2000",2000,215,16,3.7,7.59,201.06
"5504",2000-05-03,"2000",2000,216,15.4285714285714,3.45714285714286,10.1,211.16
"5505",2000-05-04,"2000",2000,217,14.8571428571429,3.21428571428571,12.9,224.06
"5506",2000-05-05,"2000",2000,218,14.2857142857143,2.97142857142857,13.9,237.96
"5507",2000-05-06,"2000",2000,219,13.7142857142857,2.72857142857143,12.5,250.46
"5508",2000-05-07,"2000",2000,220,13.1428571428571,2.48571428571429,11.1,261.56
"5509",2000-05-08,"2000",2000,221,12.5714285714286,2.24285714285714,9.69,271.25
"5510",2000-05-09,"2000",2000,222,12,2,8.28,279.53
"5511",2000-05-10,"2000",2000,223,12.2857142857143,2.9,11.9,291.43
"5512",2000-05-11,"2000",2000,224,12.5714285714286,3.8,10.5,301.93
"5513",2000-05-12,"2000",2000,225,12.8571428571429,4.7,8.21,310.14
"5514",2000-05-13,"2000",2000,226,13.1428571428571,5.6,8.22,318.36
"5515",2000-05-14,"2000",2000,227,13.4285714285714,6.5,8.24,326.6
"5516",2000-05-15,"2000",2000,228,13.7142857142857,7.4,8.25,334.85
"5517",2000-05-16,"2000",2000,229,14,8.3,8.26,343.11
"5518",2000-05-17,"2000",2000,230,13.7142857142857,8.18571428571429,7.15,350.26
"5519",2000-05-18,"2000",2000,231,13.4285714285714,8.07142857142857,5.4,355.66
"5520",2000-05-19,"2000",2000,232,13.1428571428571,7.95714285714286,7.68,363.34
"5521",2000-05-20,"2000",2000,233,12.8571428571429,7.84285714285714,13.1,376.44
"5522",2000-05-21,"2000",2000,234,12.5714285714286,7.72857142857143,18.6,395.04
"5523",2000-05-22,"2000",2000,235,12.2857142857143,7.61428571428571,24.1,419.14
"5524",2000-05-23,"2000",2000,236,12,7.5,29.5,448.64
"5525",2000-05-24,"2000",2000,237,12,NA,29.8,478.44
"5526",2000-05-25,"2000",2000,238,12,NA,20.5,498.94
"5527",2000-05-26,"2000",2000,239,12,NA,24,522.94
"5528",2000-05-27,"2000",2000,240,12,NA,31.6,554.54
"5529",2000-05-28,"2000",2000,241,12,NA,33.1,587.64
"5530",2000-05-29,"2000",2000,242,12,NA,34.5,622.14
"5531",2000-05-30,"2000",2000,243,12,NA,35.9,658.04
"5532",2000-05-31,"2000",2000,244,12,NA,34.2,692.24
"5533",2000-06-01,"2000",2000,245,12,NA,32.5,724.74
"5534",2000-06-02,"2000",2000,246,12,NA,30.7,755.44
"5535",2000-06-03,"2000",2000,247,12,NA,29,784.44
"5536",2000-06-04,"2000",2000,248,12,NA,27.2,811.64
"5537",2000-06-05,"2000",2000,249,12,NA,25.5,837.14
"5538",2000-06-06,"2000",2000,250,12,9.3,23.8,860.94
"5539",2000-06-07,"2000",2000,251,11.8571428571429,9.25714285714286,24.2,885.14
"5540",2000-06-08,"2000",2000,252,11.7142857142857,9.21428571428572,25.8,910.94
"5541",2000-06-09,"2000",2000,253,11.5714285714286,9.17142857142857,22.7,933.64
"5542",2000-06-10,"2000",2000,254,11.4285714285714,9.12857142857143,18.9,952.54
"5543",2000-06-11,"2000",2000,255,11.2857142857143,9.08571428571429,18.3,970.84
"5544",2000-06-12,"2000",2000,256,11.1428571428571,9.04285714285714,17.9,988.74
"5545",2000-06-13,"2000",2000,257,11,9,18.8,1007.54
"5546",2000-06-14,"2000",2000,258,11,8.74285714285714,19.6,1027.14
"5547",2000-06-15,"2000",2000,259,11,8.48571428571429,20.5,1047.64
"5548",2000-06-16,"2000",2000,260,11,8.22857142857143,21.3,1068.94
"5549",2000-06-17,"2000",2000,261,11,7.97142857142857,22.1,1091.04
"5550",2000-06-18,"2000",2000,262,11,7.71428571428571,23,1114.04
"5551",2000-06-19,"2000",2000,263,11,7.45714285714286,23.8,1137.84
"5552",2000-06-20,"2000",2000,264,11,7.2,24.6,1162.44
"5553",2000-06-21,"2000",2000,265,10.8571428571429,7.2,20.5,1182.94
"5554",2000-06-22,"2000",2000,266,10.7142857142857,7.2,20.4,1203.34
"5555",2000-06-23,"2000",2000,267,10.5714285714286,7.2,19.6,1222.94
"5556",2000-06-24,"2000",2000,268,10.4285714285714,7.2,20.4,1243.34
"5557",2000-06-25,"2000",2000,269,10.2857142857143,7.2,20.3,1263.64
"5558",2000-06-26,"2000",2000,270,10.1428571428571,7.2,20.5,1284.14
"5559",2000-06-27,"2000",2000,271,10,7.2,20.1,1304.24
"5560",2000-06-28,"2000",2000,272,NA,7.47142857142857,19.9,1324.14
"5561",2000-06-29,"2000",2000,273,NA,7.74285714285714,20,1344.14
"5562",2000-06-30,"2000",2000,274,NA,8.01428571428571,19.7,1363.84
"5563",2000-07-01,"2000",2000,275,NA,8.28571428571428,20.2,1384.04
"5564",2000-07-02,"2000",2000,276,NA,8.55714285714286,20.1,1404.14
"5565",2000-07-03,"2000",2000,277,NA,8.82857142857143,19.8,1423.94
"5566",2000-07-04,"2000",2000,278,NA,9.1,19.4,1443.34
"5567",2000-07-05,"2000",2000,279,NA,9.67142857142857,19.1,1462.44
"5568",2000-07-06,"2000",2000,280,NA,10.2428571428571,18.8,1481.24
"5569",2000-07-07,"2000",2000,281,NA,10.8142857142857,18.5,1499.74
"5570",2000-07-08,"2000",2000,282,NA,11.3857142857143,18.1,1517.84
"5571",2000-07-09,"2000",2000,283,NA,11.9571428571429,17.8,1535.64
"5572",2000-07-10,"2000",2000,284,NA,12.5285714285714,17.5,1553.14
"5573",2000-07-11,"2000",2000,285,9,13.1,17.2,1570.34
"5574",2000-07-12,"2000",2000,286,9.14285714285714,12.7714285714286,15.9,1586.24
"5575",2000-07-13,"2000",2000,287,9.28571428571429,12.4428571428571,15.6,1601.84
"5576",2000-07-14,"2000",2000,288,9.42857142857143,12.1142857142857,16,1617.84
"5577",2000-07-15,"2000",2000,289,9.57142857142857,11.7857142857143,16.2,1634.04
"5578",2000-07-16,"2000",2000,290,9.71428571428571,11.4571428571429,19.4,1653.44
"5579",2000-07-17,"2000",2000,291,9.85714285714286,11.1285714285714,24.7,1678.14
"5580",2000-07-18,"2000",2000,292,10,10.8,21.2,1699.34
"5581",2000-07-19,"2000",2000,293,10,10.7428571428571,17.2,1716.54
"5582",2000-07-20,"2000",2000,294,10,10.6857142857143,15.1,1731.64
"5583",2000-07-21,"2000",2000,295,10,10.6285714285714,14.3,1745.94
"5584",2000-07-22,"2000",2000,296,10,10.5714285714286,13.7,1759.64
"5585",2000-07-23,"2000",2000,297,10,10.5142857142857,12.8,1772.44
"5586",2000-07-24,"2000",2000,298,10,10.4571428571429,11.8,1784.24
"5587",2000-07-25,"2000",2000,299,10,10.4,11.8,1796.04
"5588",2000-07-26,"2000",2000,300,9.85714285714286,10.9142857142857,11.4,1807.44
"5589",2000-07-27,"2000",2000,301,9.71428571428571,11.4285714285714,10.9,1818.34
"5590",2000-07-28,"2000",2000,302,9.57142857142857,11.9428571428571,10.8,1829.14
"5591",2000-07-29,"2000",2000,303,9.42857142857143,12.4571428571429,10.7,1839.84
"5592",2000-07-30,"2000",2000,304,9.28571428571429,12.9714285714286,10.5,1850.34
"5593",2000-07-31,"2000",2000,305,9.14285714285714,13.4857142857143,10.2,1860.54
"5594",2000-08-01,"2000",2000,306,9,14,9.79,1870.33
"5595",2000-08-02,"2000",2000,307,9,13.7714285714286,10,1880.33
"5596",2000-08-03,"2000",2000,308,9,13.5428571428571,10.3,1890.63
"5597",2000-08-04,"2000",2000,309,9,13.3142857142857,10.5,1901.13
"5598",2000-08-05,"2000",2000,310,9,13.0857142857143,10.5,1911.63
"5599",2000-08-06,"2000",2000,311,9,12.8571428571429,9.63,1921.26
"5600",2000-08-07,"2000",2000,312,9,12.6285714285714,8.4,1929.66
"5601",2000-08-08,"2000",2000,313,9,12.4,7.72,1937.38
"5602",2000-08-09,"2000",2000,314,9,12.5714285714286,7.53,1944.91
"5603",2000-08-10,"2000",2000,315,9,12.7428571428571,7.96,1952.87
"5604",2000-08-11,"2000",2000,316,9,12.9142857142857,8.61,1961.48
"5605",2000-08-12,"2000",2000,317,9,13.0857142857143,8.45,1969.93
"5606",2000-08-13,"2000",2000,318,9,13.2571428571429,7.91,1977.84
"5607",2000-08-14,"2000",2000,319,9,13.4285714285714,7.67,1985.51
"5608",2000-08-15,"2000",2000,320,9,13.6,7.72,1993.23
"5609",2000-08-16,"2000",2000,321,9.14285714285714,13.2142857142857,8.71,2001.94
"5610",2000-08-17,"2000",2000,322,9.28571428571429,12.8285714285714,8.76,2010.7
"5611",2000-08-18,"2000",2000,323,9.42857142857143,12.4428571428571,8.06,2018.76
"5612",2000-08-19,"2000",2000,324,9.57142857142857,12.0571428571429,8.31,2027.07
"5613",2000-08-20,"2000",2000,325,9.71428571428571,11.6714285714286,8.56,2035.63
"5614",2000-08-21,"2000",2000,326,9.85714285714286,11.2857142857143,8.11,2043.74
"5615",2000-08-22,"2000",2000,327,10,10.9,8.01,2051.75
"5616",2000-08-23,"2000",2000,328,10,11.0714285714286,7.82,2059.57
"5617",2000-08-24,"2000",2000,329,10,11.2428571428571,7.77,2067.34
"5618",2000-08-25,"2000",2000,330,10,11.4142857142857,8.06,2075.4
"5619",2000-08-26,"2000",2000,331,10,11.5857142857143,8.36,2083.76
"5620",2000-08-27,"2000",2000,332,10,11.7571428571429,8.61,2092.37
"5621",2000-08-28,"2000",2000,333,10,11.9285714285714,10.9,2103.27
"5622",2000-08-29,"2000",2000,334,10,12.1,14.7,2117.97
"5623",2000-08-30,"2000",2000,335,10.4285714285714,11.8,14,2131.97
"5624",2000-08-31,"2000",2000,336,10.8571428571429,11.5,12.2,2144.17
"5625",2000-09-01,"2000",2000,337,11.2857142857143,11.2,11.5,2155.67
"5626",2000-09-02,"2000",2000,338,11.7142857142857,10.9,10.5,2166.17
"5627",2000-09-03,"2000",2000,339,12.1428571428571,10.6,9.47,2175.64
"5628",2000-09-04,"2000",2000,340,12.5714285714286,10.3,8.56,2184.2
"5629",2000-09-05,"2000",2000,341,13,10,8.36,2192.56
"5630",2000-09-06,"2000",2000,342,13,10.0571428571429,8.36,2200.92
"5631",2000-09-07,"2000",2000,343,13,10.1142857142857,8.01,2208.93
"5632",2000-09-08,"2000",2000,344,13,10.1714285714286,7.86,2216.79
"5633",2000-09-09,"2000",2000,345,13,10.2285714285714,7.29,2224.08
"5634",2000-09-10,"2000",2000,346,13,10.2857142857143,6.73,2230.81
"5635",2000-09-11,"2000",2000,347,13,10.3428571428571,6.18,2236.99
"5636",2000-09-12,"2000",2000,348,13,10.4,5.92,2242.91
"5637",2000-09-13,"2000",2000,349,13.1428571428571,10.3,5.66,2248.57
"5638",2000-09-14,"2000",2000,350,13.2857142857143,10.2,5.45,2254.02
"5639",2000-09-15,"2000",2000,351,13.4285714285714,10.1,5.36,2259.38
"5640",2000-09-16,"2000",2000,352,13.5714285714286,10,5.23,2264.61
"5641",2000-09-17,"2000",2000,353,13.7142857142857,9.9,4.98,2269.59
"5642",2000-09-18,"2000",2000,354,13.8571428571429,9.8,4.78,2274.37
"5643",2000-09-19,"2000",2000,355,14,9.7,4.66,2279.03
"5644",2000-09-20,"2000",2000,356,14.2857142857143,8.88571428571428,4.91,2283.94
"5645",2000-09-21,"2000",2000,357,14.5714285714286,8.07142857142857,7.86,2291.8
"5646",2000-09-22,"2000",2000,358,14.8571428571429,7.25714285714286,9.63,2301.43
"5647",2000-09-23,"2000",2000,359,15.1428571428571,6.44285714285714,9.11,2310.54
"5648",2000-09-24,"2000",2000,360,15.4285714285714,5.62857142857143,7.82,2318.36
"5649",2000-09-25,"2000",2000,361,15.7142857142857,4.81428571428571,7.33,2325.69
"5650",2000-09-26,"2000",2000,362,16,4,6.96,2332.65
"5651",2000-10-03,"2000",2001,3,17,5.8,6.01,18.38
"5652",2000-10-04,"2000",2001,4,17.1428571428571,5.5,5.75,24.13
"5653",2000-10-05,"2000",2001,5,17.2857142857143,5.2,5.32,29.45
"5654",2000-10-06,"2000",2001,6,17.4285714285714,4.9,4.9,34.35
"5655",2000-10-07,"2000",2001,7,17.5714285714286,4.6,4.58,38.93
"5656",2000-10-08,"2000",2001,8,17.7142857142857,4.3,4.26,43.19
"5657",2000-10-09,"2000",2001,9,17.8571428571429,4,3.92,47.11
"5658",2000-10-10,"2000",2001,10,18,3.7,3.66,50.77
"5659",2000-10-11,"2000",2001,11,18,3.64285714285714,3.44,54.21
"5660",2000-10-12,"2000",2001,12,18,3.58571428571429,3.12,57.33
"5661",2000-10-13,"2000",2001,13,18,3.52857142857143,2.98,60.31
"5662",2000-10-14,"2000",2001,14,18,3.47142857142857,2.92,63.23
"5663",2000-10-15,"2000",2001,15,18,3.41428571428571,2.81,66.04
"5664",2000-10-16,"2000",2001,16,18,3.35714285714286,2.55,68.59
"5665",2000-10-17,"2000",2001,17,18,3.3,2.33,70.92
"5666",2000-10-18,"2000",2001,18,18,3.12857142857143,2.21,73.13
"5667",2000-10-19,"2000",2001,19,18,2.95714285714286,2.06,75.19
"5668",2000-10-20,"2000",2001,20,18,2.78571428571429,1.97,77.16
"5669",2000-10-21,"2000",2001,21,18,2.61428571428571,1.91,79.07
"5670",2000-10-22,"2000",2001,22,18,2.44285714285714,1.91,80.98
"5671",2000-10-23,"2000",2001,23,18,2.27142857142857,1.85,82.83
"5672",2000-10-24,"2000",2001,24,18,2.1,1.82,84.65
"5673",2000-10-25,"2000",2001,25,17.8571428571429,2.31428571428571,1.74,86.39
"5674",2000-10-26,"2000",2001,26,17.7142857142857,2.52857142857143,1.85,88.24
"5675",2000-10-27,"2000",2001,27,17.5714285714286,2.74285714285714,1.68,89.92
"5676",2000-10-28,"2000",2001,28,17.4285714285714,2.95714285714286,1.58,91.5
"5677",2000-10-29,"2000",2001,29,17.2857142857143,3.17142857142857,1.52,93.02
"5678",2000-10-30,"2000",2001,30,17.1428571428571,3.38571428571429,1.47,94.49
"5679",2000-10-31,"2000",2001,31,17,3.6,1.07,95.56
"5680",2000-11-01,"2000",2001,32,17.4285714285714,3.15714285714286,1.07,96.6299999999999
"5681",2000-11-02,"2000",2001,33,17.8571428571429,2.71428571428571,1.07,97.6999999999999
"5682",2000-11-03,"2000",2001,34,18.2857142857143,2.27142857142857,1.07,98.7699999999999
"5683",2000-11-04,"2000",2001,35,18.7142857142857,1.82857142857143,1.07,99.8399999999999
"5684",2000-11-05,"2000",2001,36,19.1428571428571,1.38571428571429,1.07,100.91
"5685",2000-11-06,"2000",2001,37,19.5714285714286,0.942857142857143,1.07,101.98
"5686",2000-11-07,"2000",2001,38,20,0.5,1.07,103.05
"5687",2000-11-08,"2000",2001,39,20,0.557142857142857,1.07,104.12
"5688",2000-11-09,"2000",2001,40,20,0.614285714285714,1.07,105.19
"5689",2000-11-10,"2000",2001,41,20,0.671428571428571,1.07,106.26
"5690",2000-11-11,"2000",2001,42,20,0.728571428571429,1.07,107.33
"5691",2000-11-12,"2000",2001,43,20,0.785714285714286,1.07,108.4
"5692",2000-11-13,"2000",2001,44,20,0.842857142857143,1.07,109.47
"5693",2000-11-14,"2000",2001,45,20,0.9,1.07,110.54
"5694",2000-11-15,"2000",2001,46,20.4285714285714,0.914285714285714,1.07,111.61
"5695",2000-11-16,"2000",2001,47,20.8571428571429,0.928571428571429,1.07,112.68
"5696",2000-11-17,"2000",2001,48,21.2857142857143,0.942857142857143,1.07,113.75
"5697",2000-11-18,"2000",2001,49,21.7142857142857,0.957142857142857,1.07,114.82
"5698",2000-11-19,"2000",2001,50,22.1428571428571,0.971428571428571,1.07,115.89
"5699",2000-11-20,"2000",2001,51,22.5714285714286,0.985714285714286,1.07,116.96
"5700",2000-11-21,"2000",2001,52,23,1,1.07,118.03
"5701",2000-11-22,"2000",2001,53,23,0.842857142857143,1.07,119.1
"5702",2000-11-23,"2000",2001,54,23,0.685714285714286,1.07,120.17
"5703",2000-11-24,"2000",2001,55,23,0.528571428571429,1.07,121.24
"5704",2000-11-25,"2000",2001,56,23,0.371428571428571,1.07,122.31
"5705",2000-11-26,"2000",2001,57,23,0.214285714285714,1.07,123.38
"5706",2000-11-27,"2000",2001,58,23,0.0571428571428572,1.07,124.45
"5707",2000-11-28,"2000",2001,59,23,-0.1,1.07,125.52
"5708",2000-11-29,"2000",2001,60,23.1428571428571,-0.0142857142857143,1.07,126.59
"5709",2000-11-30,"2000",2001,61,23.2857142857143,0.0714285714285714,0.36,126.95
"5710",2000-12-01,"2000",2001,62,23.4285714285714,0.157142857142857,0.36,127.31
"5711",2000-12-02,"2000",2001,63,23.5714285714286,0.242857142857143,0.36,127.67
"5712",2000-12-03,"2000",2001,64,23.7142857142857,0.328571428571429,0.36,128.03
"5713",2000-12-04,"2000",2001,65,23.8571428571429,0.414285714285714,0.36,128.39
"5714",2000-12-05,"2000",2001,66,24,0.5,0.36,128.75
"5715",2000-12-06,"2000",2001,67,23.7142857142857,0.428571428571429,0.36,129.11
"5716",2000-12-07,"2000",2001,68,23.4285714285714,0.357142857142857,0.36,129.47
"5717",2000-12-08,"2000",2001,69,23.1428571428571,0.285714285714286,0.36,129.83
"5718",2000-12-09,"2000",2001,70,22.8571428571429,0.214285714285714,0.36,130.19
"5719",2000-12-10,"2000",2001,71,22.5714285714286,0.142857142857143,0.36,130.55
"5720",2000-12-11,"2000",2001,72,22.2857142857143,0.0714285714285715,0.36,130.91
"5721",2000-12-12,"2000",2001,73,22,0,0.36,131.27
"5722",2000-12-13,"2000",2001,74,22.2857142857143,-0.0428571428571429,0.36,131.63
"5723",2000-12-14,"2000",2001,75,22.5714285714286,-0.0857142857142857,0.36,131.99
"5724",2000-12-15,"2000",2001,76,22.8571428571429,-0.128571428571429,0.36,132.35
"5725",2000-12-16,"2000",2001,77,23.1428571428571,-0.171428571428571,0.36,132.71
"5726",2000-12-17,"2000",2001,78,23.4285714285714,-0.214285714285714,0.36,133.07
"5727",2000-12-18,"2000",2001,79,23.7142857142857,-0.257142857142857,0.36,133.43
"5728",2000-12-19,"2000",2001,80,24,-0.3,0.36,133.79
"5729",2000-12-20,"2000",2001,81,24,-0.271428571428571,0.36,134.15
"5730",2000-12-21,"2000",2001,82,24,-0.242857142857143,0.36,134.51
"5731",2000-12-22,"2000",2001,83,24,-0.214285714285714,0.36,134.87
"5732",2000-12-23,"2000",2001,84,24,-0.185714285714286,0.36,135.23
"5733",2000-12-24,"2000",2001,85,24,-0.157142857142857,0.36,135.59
"5734",2000-12-25,"2000",2001,86,24,-0.128571428571429,0.36,135.95
"5735",2000-12-26,"2000",2001,87,24,-0.1,0.36,136.31
"5736",2000-12-27,"2000",2001,88,24.1428571428571,-0.1,0.36,136.67
"5737",2000-12-28,"2000",2001,89,24.2857142857143,-0.1,0.36,137.03
"5738",2000-12-29,"2000",2001,90,24.4285714285714,-0.1,0.36,137.39
"5739",2000-12-30,"2000",2001,91,24.5714285714286,-0.1,0.36,137.75
"5740",2000-12-31,"2000",2001,92,24.7142857142857,-0.1,0.01,137.76
"5741",2001-01-01,"2001",2001,93,24.8571428571429,-0.1,0.01,137.77
"5742",2001-01-02,"2001",2001,94,25,-0.1,0.01,137.78
"5743",2001-01-03,"2001",2001,95,24.8571428571429,-0.1,0.01,137.79
"5744",2001-01-04,"2001",2001,96,24.7142857142857,-0.1,0.01,137.8
"5745",2001-01-05,"2001",2001,97,24.5714285714286,-0.1,0.01,137.81
"5746",2001-01-06,"2001",2001,98,24.4285714285714,-0.1,0.01,137.82
"5747",2001-01-07,"2001",2001,99,24.2857142857143,-0.1,0.01,137.83
"5748",2001-01-08,"2001",2001,100,24.1428571428571,-0.1,0.01,137.84
"5749",2001-01-09,"2001",2001,101,24,-0.1,0.01,137.85
"5750",2001-01-10,"2001",2001,102,24.1428571428571,-0.1,0.01,137.86
"5751",2001-01-11,"2001",2001,103,24.2857142857143,-0.1,0.01,137.87
"5752",2001-01-12,"2001",2001,104,24.4285714285714,-0.1,0.01,137.88
"5753",2001-01-13,"2001",2001,105,24.5714285714286,-0.1,0.01,137.89
"5754",2001-01-14,"2001",2001,106,24.7142857142857,-0.1,0.01,137.9
"5755",2001-01-15,"2001",2001,107,24.8571428571429,-0.1,0.01,137.91
"5756",2001-01-16,"2001",2001,108,25,-0.1,0.01,137.92
"5757",2001-01-17,"2001",2001,109,25.1428571428571,-0.1,0.01,137.93
"5758",2001-01-18,"2001",2001,110,25.2857142857143,-0.1,0.01,137.94
"5759",2001-01-19,"2001",2001,111,25.4285714285714,-0.1,0.01,137.95
"5760",2001-01-20,"2001",2001,112,25.5714285714286,-0.1,0.01,137.96
"5761",2001-01-21,"2001",2001,113,25.7142857142857,-0.1,0.01,137.97
"5762",2001-01-22,"2001",2001,114,25.8571428571429,-0.1,0.01,137.98
"5763",2001-01-23,"2001",2001,115,26,-0.1,0.01,137.99
"5764",2001-01-24,"2001",2001,116,25.5714285714286,-0.114285714285714,0.01,138
"5765",2001-01-25,"2001",2001,117,25.1428571428571,-0.128571428571429,0.01,138.01
"5766",2001-01-26,"2001",2001,118,24.7142857142857,-0.142857142857143,0.01,138.02
"5767",2001-01-27,"2001",2001,119,24.2857142857143,-0.157142857142857,0.01,138.03
"5768",2001-01-28,"2001",2001,120,23.8571428571429,-0.171428571428571,0.01,138.04
"5769",2001-01-29,"2001",2001,121,23.4285714285714,-0.185714285714286,0.01,138.05
"5770",2001-01-30,"2001",2001,122,23,-0.2,0.01,138.06
"5771",2001-01-31,"2001",2001,123,23.1428571428571,-0.2,0.01,138.07
"5772",2001-02-01,"2001",2001,124,23.2857142857143,-0.2,0.01,138.08
"5773",2001-02-02,"2001",2001,125,23.4285714285714,-0.2,0.01,138.09
"5774",2001-02-03,"2001",2001,126,23.5714285714286,-0.2,0.01,138.1
"5775",2001-02-04,"2001",2001,127,23.7142857142857,-0.2,0.01,138.11
"5776",2001-02-05,"2001",2001,128,23.8571428571429,-0.2,0.01,138.12
"5777",2001-02-06,"2001",2001,129,24,-0.2,0.01,138.13
"5778",2001-02-07,"2001",2001,130,24,-0.2,0.01,138.14
"5779",2001-02-08,"2001",2001,131,24,-0.2,0.01,138.15
"5780",2001-02-09,"2001",2001,132,24,-0.2,0.01,138.16
"5781",2001-02-10,"2001",2001,133,24,-0.2,0.01,138.17
"5782",2001-02-11,"2001",2001,134,24,-0.2,0.01,138.18
"5783",2001-02-12,"2001",2001,135,24,-0.2,0.01,138.19
"5784",2001-02-13,"2001",2001,136,24,-0.2,0.01,138.2
"5785",2001-02-14,"2001",2001,137,23.4285714285714,-0.185714285714286,0.01,138.21
"5786",2001-02-15,"2001",2001,138,22.8571428571429,-0.171428571428571,0.01,138.22
"5787",2001-02-16,"2001",2001,139,22.2857142857143,-0.157142857142857,0.01,138.23
"5788",2001-02-17,"2001",2001,140,21.7142857142857,-0.142857142857143,0.01,138.24
"5789",2001-02-18,"2001",2001,141,21.1428571428571,-0.128571428571429,0.01,138.25
"5790",2001-02-19,"2001",2001,142,20.5714285714286,-0.114285714285714,0.01,138.26
"5791",2001-02-20,"2001",2001,143,20,-0.1,0.01,138.27
"5792",2001-02-21,"2001",2001,144,20.2857142857143,-0.0857142857142857,0.01,138.28
"5793",2001-02-22,"2001",2001,145,20.5714285714286,-0.0714285714285714,0.01,138.29
"5794",2001-02-23,"2001",2001,146,20.8571428571429,-0.0571428571428571,0.01,138.3
"5795",2001-02-24,"2001",2001,147,21.1428571428571,-0.0428571428571429,0.01,138.31
"5796",2001-02-25,"2001",2001,148,21.4285714285714,-0.0285714285714286,0.01,138.32
"5797",2001-02-26,"2001",2001,149,21.7142857142857,-0.0142857142857143,0.01,138.33
"5798",2001-02-27,"2001",2001,150,22,0,0.01,138.34
"5799",2001-02-28,"2001",2001,151,21.8571428571429,0,0.36,138.7
"5800",2001-03-01,"2001",2001,152,21.7142857142857,0,0.36,139.06
"5801",2001-03-02,"2001",2001,153,21.5714285714286,0,0.36,139.42
"5802",2001-03-03,"2001",2001,154,21.4285714285714,0,0.36,139.78
"5803",2001-03-04,"2001",2001,155,21.2857142857143,0,0.36,140.14
"5804",2001-03-05,"2001",2001,156,21.1428571428571,0,0.36,140.5
"5805",2001-03-06,"2001",2001,157,21,0,0.36,140.86
"5806",2001-03-07,"2001",2001,158,20.8571428571429,-0.0285714285714286,0.36,141.22
"5807",2001-03-08,"2001",2001,159,20.7142857142857,-0.0571428571428571,0.36,141.58
"5808",2001-03-09,"2001",2001,160,20.5714285714286,-0.0857142857142857,0.36,141.94
"5809",2001-03-10,"2001",2001,161,20.4285714285714,-0.114285714285714,0.36,142.3
"5810",2001-03-11,"2001",2001,162,20.2857142857143,-0.142857142857143,0.36,142.66
"5811",2001-03-12,"2001",2001,163,20.1428571428571,-0.171428571428571,0.36,143.02
"5812",2001-03-13,"2001",2001,164,20,-0.2,0.36,143.38
"5813",2001-03-14,"2001",2001,165,20.2857142857143,-0.2,0.36,143.74
"5814",2001-03-15,"2001",2001,166,20.5714285714286,-0.2,0.36,144.1
"5815",2001-03-16,"2001",2001,167,20.8571428571429,-0.2,0.36,144.46
"5816",2001-03-17,"2001",2001,168,21.1428571428571,-0.2,0.36,144.82
"5817",2001-03-18,"2001",2001,169,21.4285714285714,-0.2,0.36,145.18
"5818",2001-03-19,"2001",2001,170,21.7142857142857,-0.2,0.36,145.54
"5819",2001-03-20,"2001",2001,171,22,-0.2,0.36,145.9
"5820",2001-03-21,"2001",2001,172,22,-0.2,0.36,146.26
"5821",2001-03-22,"2001",2001,173,22,-0.2,0.36,146.62
"5822",2001-03-23,"2001",2001,174,22,-0.2,0.36,146.98
"5823",2001-03-24,"2001",2001,175,22,-0.2,0.36,147.34
"5824",2001-03-25,"2001",2001,176,22,-0.2,0.36,147.7
"5825",2001-03-26,"2001",2001,177,22,-0.2,0.36,148.06
"5826",2001-03-27,"2001",2001,178,22,-0.2,0.36,148.42
"5827",2001-03-28,"2001",2001,179,22,-0.2,0.36,148.78
"5828",2001-03-29,"2001",2001,180,22,-0.2,0.36,149.14
"5829",2001-03-30,"2001",2001,181,22,-0.2,0.36,149.5
"5830",2001-03-31,"2001",2001,182,22,-0.2,1.07,150.57
"5831",2001-04-01,"2001",2001,183,22,-0.2,1.07,151.64
"5832",2001-04-02,"2001",2001,184,22,-0.2,1.07,152.71
"5833",2001-04-03,"2001",2001,185,22,-0.2,1.07,153.78
"5834",2001-04-04,"2001",2001,186,21.7142857142857,-0.0714285714285715,1.07,154.85
"5835",2001-04-05,"2001",2001,187,21.4285714285714,0.0571428571428571,1.07,155.92
"5836",2001-04-06,"2001",2001,188,21.1428571428571,0.185714285714286,1.07,156.99
"5837",2001-04-07,"2001",2001,189,20.8571428571429,0.314285714285714,1.07,158.06
"5838",2001-04-08,"2001",2001,190,20.5714285714286,0.442857142857143,1.07,159.13
"5839",2001-04-09,"2001",2001,191,20.2857142857143,0.571428571428571,1.07,160.2
"5840",2001-04-10,"2001",2001,192,20,0.7,1.07,161.27
"5841",2001-04-11,"2001",2001,193,20,0.7,1.07,162.34
"5842",2001-04-12,"2001",2001,194,20,0.7,1.07,163.41
"5843",2001-04-13,"2001",2001,195,20,0.7,1.07,164.48
"5844",2001-04-14,"2001",2001,196,20,0.7,1.07,165.55
"5845",2001-04-15,"2001",2001,197,20,0.7,1.07,166.62
"5846",2001-04-16,"2001",2001,198,20,0.7,1.07,167.69
"5847",2001-04-17,"2001",2001,199,20,0.7,1.07,168.76
"5848",2001-04-18,"2001",2001,200,19.7142857142857,0.714285714285714,1.07,169.83
"5849",2001-04-19,"2001",2001,201,19.4285714285714,0.728571428571429,1.07,170.9
"5850",2001-04-20,"2001",2001,202,19.1428571428571,0.742857142857143,1.07,171.97
"5851",2001-04-21,"2001",2001,203,18.8571428571429,0.757142857142857,1.07,173.04
"5852",2001-04-22,"2001",2001,204,18.5714285714286,0.771428571428571,1.07,174.11
"5853",2001-04-23,"2001",2001,205,18.2857142857143,0.785714285714286,1.68,175.79
"5854",2001-04-24,"2001",2001,206,18,0.8,1.74,177.53
"5855",2001-04-25,"2001",2001,207,17.5714285714286,0.885714285714286,3.07,180.6
"5856",2001-04-26,"2001",2001,208,17.1428571428571,0.971428571428571,5.88,186.48
"5857",2001-04-27,"2001",2001,209,16.7142857142857,1.05714285714286,7.96,194.44
"5858",2001-04-28,"2001",2001,210,16.2857142857143,1.14285714285714,7.89,202.33
"5859",2001-04-29,"2001",2001,211,15.8571428571429,1.22857142857143,7.82,210.15
"5860",2001-04-30,"2001",2001,212,15.4285714285714,1.31428571428571,7.74,217.89
"5861",2001-05-01,"2001",2001,213,15,1.4,7.67,225.56
"5862",2001-05-02,"2001",2001,214,15.2857142857143,1.51428571428571,6.25,231.81
"5863",2001-05-03,"2001",2001,215,15.5714285714286,1.62857142857143,4.5,236.31
"5864",2001-05-04,"2001",2001,216,15.8571428571429,1.74285714285714,3.26,239.57
"5865",2001-05-05,"2001",2001,217,16.1428571428571,1.85714285714286,2.63,242.2
"5866",2001-05-06,"2001",2001,218,16.4285714285714,1.97142857142857,2.33,244.53
"5867",2001-05-07,"2001",2001,219,16.7142857142857,2.08571428571429,2.33,246.86
"5868",2001-05-08,"2001",2001,220,17,2.2,3.46,250.32
"5869",2001-05-09,"2001",2001,221,16.2857142857143,2.01428571428571,4.85,255.17
"5870",2001-05-10,"2001",2001,222,15.5714285714286,1.82857142857143,6.71,261.88
"5871",2001-05-11,"2001",2001,223,14.8571428571429,1.64285714285714,7.92,269.8
"5872",2001-05-12,"2001",2001,224,14.1428571428571,1.45714285714286,10.8,280.6
"5873",2001-05-13,"2001",2001,225,13.4285714285714,1.27142857142857,16.3,296.9
"5874",2001-05-14,"2001",2001,226,12.7142857142857,1.08571428571429,17.8,314.7
"5875",2001-05-15,"2001",2001,227,12,0.9,18.5,333.2
"5876",2001-05-16,"2001",2001,228,12.2857142857143,1.12857142857143,21.3,354.5
"5877",2001-05-17,"2001",2001,229,12.5714285714286,1.35714285714286,23,377.5
"5878",2001-05-18,"2001",2001,230,12.8571428571429,1.58571428571429,19.8,397.3
"5879",2001-05-19,"2001",2001,231,13.1428571428571,1.81428571428571,16.5,413.8
"5880",2001-05-20,"2001",2001,232,13.4285714285714,2.04285714285714,13.3,427.1
"5881",2001-05-21,"2001",2001,233,13.7142857142857,2.27142857142857,10,437.1
"5882",2001-05-22,"2001",2001,234,14,2.5,6.78,443.88
"5883",2001-05-23,"2001",2001,235,14,2.81428571428571,9.69,453.57
"5884",2001-05-24,"2001",2001,236,14,3.12857142857143,9.58,463.15
"5885",2001-05-25,"2001",2001,237,14,3.44285714285714,9.86,473.01
"5886",2001-05-26,"2001",2001,238,14,3.75714285714286,10.1,483.11
"5887",2001-05-27,"2001",2001,239,14,4.07142857142857,10.4,493.51
"5888",2001-05-28,"2001",2001,240,14,4.38571428571429,10.7,504.21
"5889",2001-05-29,"2001",2001,241,14,4.7,11,515.21
"5890",2001-05-30,"2001",2001,242,14,5.11428571428571,11.2,526.41
"5891",2001-05-31,"2001",2001,243,14,5.52857142857143,11.5,537.91
"5892",2001-06-01,"2001",2001,244,14,5.94285714285714,11.8,549.71
"5893",2001-06-02,"2001",2001,245,14,6.35714285714286,12.1,561.81
"5894",2001-06-03,"2001",2001,246,14,6.77142857142857,12.3,574.11
"5895",2001-06-04,"2001",2001,247,14,7.18571428571429,12.6,586.71
"5896",2001-06-05,"2001",2001,248,14,7.6,12.5,599.21
"5897",2001-06-06,"2001",2001,249,13.875,7.3,15.5,614.71
"5898",2001-06-07,"2001",2001,250,13.75,7,18.7,633.41
"5899",2001-06-08,"2001",2001,251,13.625,6.7,19,652.41
"5900",2001-06-09,"2001",2001,252,13.5,6.4,17.1,669.51
"5901",2001-06-10,"2001",2001,253,13.375,6.1,16.3,685.81
"5902",2001-06-11,"2001",2001,254,13.25,5.8,15.6,701.41
"5903",2001-06-12,"2001",2001,255,13.125,5.5,14.8,716.21
"5904",2001-06-13,"2001",2001,256,13,5.2,11.3,727.51
"5905",2001-06-14,"2001",2001,257,13,5.9,8.51,736.02
"5906",2001-06-15,"2001",2001,258,13,6.6,8.21,744.23
"5907",2001-06-16,"2001",2001,259,13,7.3,9.11,753.34
"5908",2001-06-17,"2001",2001,260,13,8,11,764.34
"5909",2001-06-18,"2001",2001,261,13,8.7,12.3,776.64
"5910",2001-06-19,"2001",2001,262,13,9.4,13.7,790.34
"5911",2001-06-20,"2001",2001,263,12.8571428571429,9.35714285714286,15.8,806.14
"5912",2001-06-21,"2001",2001,264,12.7142857142857,9.31428571428571,16.9,823.04
"5913",2001-06-22,"2001",2001,265,12.5714285714286,9.27142857142857,15.2,838.24
"5914",2001-06-23,"2001",2001,266,12.4285714285714,9.22857142857143,16.6,854.84
"5915",2001-06-24,"2001",2001,267,12.2857142857143,9.18571428571429,21.9,876.74
"5916",2001-06-25,"2001",2001,268,12.1428571428571,9.14285714285714,22.4,899.14
"5917",2001-06-26,"2001",2001,269,12,9.1,22.2,921.34
"5918",2001-06-27,"2001",2001,270,12,9.3,20.3,941.64
"5919",2001-06-28,"2001",2001,271,12,9.5,17.8,959.44
"5920",2001-06-29,"2001",2001,272,12,9.7,17.3,976.74
"5921",2001-06-30,"2001",2001,273,12,9.9,17.4,994.14
"5922",2001-07-01,"2001",2001,274,12,10.1,16.1,1010.24
"5923",2001-07-02,"2001",2001,275,12,10.3,16.8,1027.04
"5924",2001-07-03,"2001",2001,276,12,10.5,18.1,1045.14
"5925",2001-07-04,"2001",2001,277,11.7142857142857,10.5714285714286,16.2,1061.34
"5926",2001-07-05,"2001",2001,278,11.4285714285714,10.6428571428571,16.8,1078.14
"5927",2001-07-06,"2001",2001,279,11.1428571428571,10.7142857142857,18.3,1096.44
"5928",2001-07-07,"2001",2001,280,10.8571428571429,10.7857142857143,18.9,1115.34
"5929",2001-07-08,"2001",2001,281,10.5714285714286,10.8571428571429,17,1132.34
"5930",2001-07-09,"2001",2001,282,10.2857142857143,10.9285714285714,16.4,1148.74
"5931",2001-07-10,"2001",2001,283,10,11,15.7,1164.44
"5932",2001-07-11,"2001",2001,284,10,10.9285714285714,15.1,1179.54
"5933",2001-07-12,"2001",2001,285,10,10.8571428571429,14.4,1193.94
"5934",2001-07-13,"2001",2001,286,10,10.7857142857143,13.8,1207.74
"5935",2001-07-14,"2001",2001,287,10,10.7142857142857,13.1,1220.84
"5936",2001-07-15,"2001",2001,288,10,10.6428571428571,12.5,1233.34
"5937",2001-07-16,"2001",2001,289,10,10.5714285714286,11.8,1245.14
"5938",2001-07-17,"2001",2001,290,10,10.5,11.1,1256.24
"5939",2001-07-18,"2001",2001,291,10.1428571428571,10.7857142857143,11.3,1267.54
"5940",2001-07-19,"2001",2001,292,10.2857142857143,11.0714285714286,12.8,1280.34
"5941",2001-07-20,"2001",2001,293,10.4285714285714,11.3571428571429,13,1293.34
"5942",2001-07-21,"2001",2001,294,10.5714285714286,11.6428571428571,12.8,1306.14
"5943",2001-07-22,"2001",2001,295,10.7142857142857,11.9285714285714,12.6,1318.74
"5944",2001-07-23,"2001",2001,296,10.8571428571429,12.2142857142857,11.8,1330.54
"5945",2001-07-24,"2001",2001,297,11,12.5,10.2,1340.74
"5946",2001-07-25,"2001",2001,298,10.8571428571429,12.6571428571429,9.9,1350.64
"5947",2001-07-26,"2001",2001,299,10.7142857142857,12.8142857142857,10.9,1361.54
"5948",2001-07-27,"2001",2001,300,10.5714285714286,12.9714285714286,11.2,1372.74
"5949",2001-07-28,"2001",2001,301,10.4285714285714,13.1285714285714,10.4,1383.14
"5950",2001-07-29,"2001",2001,302,10.2857142857143,13.2857142857143,9.84,1392.98
"5951",2001-07-30,"2001",2001,303,10.1428571428571,13.4428571428571,9.69,1402.67
"5952",2001-07-31,"2001",2001,304,10,13.6,9.92,1412.59
"5953",2001-08-01,"2001",2001,305,NA,NA,10.1,1422.69
"5954",2001-08-02,"2001",2001,306,NA,NA,9.84,1432.53
"5955",2001-08-03,"2001",2001,307,NA,NA,9.85,1442.38
"5956",2001-08-04,"2001",2001,308,NA,NA,10.3,1452.68
"5957",2001-08-05,"2001",2001,309,NA,NA,14.3,1466.98
"5958",2001-08-06,"2001",2001,310,NA,NA,17.5,1484.48
"5959",2001-08-07,"2001",2001,311,NA,NA,20.7,1505.18
"5960",2001-08-08,"2001",2001,312,NA,NA,18.7,1523.88
"5961",2001-08-09,"2001",2001,313,NA,NA,14.8,1538.68
"5962",2001-08-10,"2001",2001,314,NA,NA,15.1,1553.78
"5963",2001-08-11,"2001",2001,315,NA,NA,15.1,1568.88
"5964",2001-08-12,"2001",2001,316,NA,NA,13.5,1582.38
"5965",2001-08-13,"2001",2001,317,NA,NA,12.3,1594.68
"5966",2001-08-14,"2001",2001,318,NA,9.6,15.4,1610.08
"5967",2001-08-15,"2001",2001,319,NA,NA,19.6,1629.68
"5968",2001-08-16,"2001",2001,320,NA,NA,11.5,1641.18
"5969",2001-08-17,"2001",2001,321,NA,NA,8.11,1649.29
"5970",2001-08-18,"2001",2001,322,NA,NA,7.91,1657.2
"5971",2001-08-19,"2001",2001,323,NA,NA,7.91,1665.11
"5972",2001-08-20,"2001",2001,324,NA,NA,9.22,1674.33
"5973",2001-08-21,"2001",2001,325,NA,NA,9.95,1684.28
"5974",2001-08-22,"2001",2001,326,NA,NA,8.93,1693.21
"5975",2001-08-23,"2001",2001,327,NA,NA,8.11,1701.32
"5976",2001-08-24,"2001",2001,328,NA,NA,7.58,1708.9
"5977",2001-08-25,"2001",2001,329,NA,NA,6.87,1715.77
"5978",2001-08-26,"2001",2001,330,NA,NA,6.34,1722.11
"5979",2001-08-27,"2001",2001,331,NA,NA,6.46,1728.57
"5980",2001-08-28,"2001",2001,332,NA,NA,6.68,1735.25
"5981",2001-08-29,"2001",2001,333,NA,NA,6.59,1741.84
"5982",2001-08-30,"2001",2001,334,NA,NA,6.48,1748.32
"5983",2001-08-31,"2001",2001,335,NA,NA,6.01,1754.33
"5984",2001-09-01,"2001",2001,336,NA,NA,5.9,1760.23
"5985",2001-09-02,"2001",2001,337,NA,NA,5.88,1766.11
"5986",2001-09-03,"2001",2001,338,NA,NA,5.62,1771.73
"5987",2001-09-04,"2001",2001,339,NA,NA,5.36,1777.09
"5988",2001-09-05,"2001",2001,340,NA,NA,5.36,1782.45
"5989",2001-09-06,"2001",2001,341,NA,NA,5.28,1787.73
"5990",2001-09-07,"2001",2001,342,NA,NA,5.28,1793.01
"5991",2001-09-08,"2001",2001,343,NA,NA,5.21,1798.22
"5992",2001-09-09,"2001",2001,344,NA,NA,5.03,1803.25
"5993",2001-09-10,"2001",2001,345,NA,NA,4.94,1808.19
"5994",2001-09-11,"2001",2001,346,16,8.9,4.7,1812.89
"5995",2001-09-12,"2001",2001,347,16.2857142857143,8.57142857142857,4.54,1817.43
"5996",2001-09-13,"2001",2001,348,16.5714285714286,8.24285714285714,4.72,1822.15
"5997",2001-09-14,"2001",2001,349,16.8571428571429,7.91428571428571,5.53,1827.68
"5998",2001-09-15,"2001",2001,350,17.1428571428571,7.58571428571429,5.88,1833.56
"5999",2001-09-16,"2001",2001,351,17.4285714285714,7.25714285714286,6.46,1840.02
"6000",2001-09-17,"2001",2001,352,17.7142857142857,6.92857142857143,6.25,1846.27
"6001",2001-09-18,"2001",2001,353,18,6.6,6.04,1852.31
"6002",2001-09-19,"2001",2001,354,18.2857142857143,7.31428571428571,5.83,1858.14
"6003",2001-09-20,"2001",2001,355,18.5714285714286,8.02857142857143,5.62,1863.76
"6004",2001-09-21,"2001",2001,356,18.8571428571429,8.74285714285714,5.41,1869.17
"6005",2001-09-22,"2001",2001,357,19.1428571428571,9.45714285714286,5.2,1874.37
"6006",2001-09-23,"2001",2001,358,19.4285714285714,10.1714285714286,4.99,1879.36
"6007",2001-09-24,"2001",2001,359,19.7142857142857,10.8857142857143,4.78,1884.14
"6008",2001-09-25,"2001",2001,360,20,11.6,4.66,1888.8
"6009",2001-10-02,"2001",2002,2,18,8.1,3.23,6.72
"6010",2001-10-03,"2001",2002,3,18,7.5,3,9.72
"6011",2001-10-04,"2001",2002,4,18,6.9,2.81,12.53
"6012",2001-10-05,"2001",2002,5,18,6.3,2.52,15.05
"6013",2001-10-06,"2001",2002,6,18,5.7,2.36,17.41
"6014",2001-10-07,"2001",2002,7,18,5.1,2.27,19.68
"6015",2001-10-08,"2001",2002,8,18,4.5,2.27,21.95
"6016",2001-10-09,"2001",2002,9,18,3.9,1.07,23.02
"6017",2001-10-10,"2001",2002,10,18.1428571428571,3.47142857142857,1.07,24.09
"6018",2001-10-11,"2001",2002,11,18.2857142857143,3.04285714285714,1.07,25.16
"6019",2001-10-12,"2001",2002,12,18.4285714285714,2.61428571428571,1.07,26.23
"6020",2001-10-13,"2001",2002,13,18.5714285714286,2.18571428571429,1.07,27.3
"6021",2001-10-14,"2001",2002,14,18.7142857142857,1.75714285714286,1.07,28.37
"6022",2001-10-15,"2001",2002,15,18.8571428571429,1.32857142857143,1.07,29.44
"6023",2001-10-16,"2001",2002,16,19,0.9,1.07,30.51
"6024",2001-10-17,"2001",2002,17,18.8571428571429,0.757142857142857,1.07,31.58
"6025",2001-10-18,"2001",2002,18,18.7142857142857,0.614285714285714,1.07,32.65
"6026",2001-10-19,"2001",2002,19,18.5714285714286,0.471428571428571,1.07,33.72
"6027",2001-10-20,"2001",2002,20,18.4285714285714,0.328571428571429,1.07,34.79
"6028",2001-10-21,"2001",2002,21,18.2857142857143,0.185714285714286,1.07,35.86
"6029",2001-10-22,"2001",2002,22,18.1428571428571,0.0428571428571429,1.07,36.93
"6030",2001-10-23,"2001",2002,23,18,-0.1,1.07,38
"6031",2001-10-24,"2001",2002,24,18.1428571428571,0.342857142857143,1.07,39.07
"6032",2001-10-25,"2001",2002,25,18.2857142857143,0.785714285714286,1.07,40.14
"6033",2001-10-26,"2001",2002,26,18.4285714285714,1.22857142857143,1.07,41.21
"6034",2001-10-27,"2001",2002,27,18.5714285714286,1.67142857142857,1.07,42.28
"6035",2001-10-28,"2001",2002,28,18.7142857142857,2.11428571428571,1.07,43.35
"6036",2001-10-29,"2001",2002,29,18.8571428571429,2.55714285714286,1.07,44.42
"6037",2001-10-30,"2001",2002,30,19,3,1.07,45.49
"6038",2001-10-31,"2001",2002,31,19,2.71428571428571,1.07,46.56
"6039",2001-11-01,"2001",2002,32,19,2.42857142857143,1.07,47.63
"6040",2001-11-02,"2001",2002,33,19,2.14285714285714,1.07,48.7
"6041",2001-11-03,"2001",2002,34,19,1.85714285714286,1.07,49.77
"6042",2001-11-04,"2001",2002,35,19,1.57142857142857,1.07,50.84
"6043",2001-11-05,"2001",2002,36,19,1.28571428571429,1.07,51.91
"6044",2001-11-06,"2001",2002,37,19,1,1.07,52.98
"6045",2001-11-07,"2001",2002,38,18.8571428571429,1.14285714285714,1.07,54.05
"6046",2001-11-08,"2001",2002,39,18.7142857142857,1.28571428571429,1.07,55.12
"6047",2001-11-09,"2001",2002,40,18.5714285714286,1.42857142857143,1.07,56.19
"6048",2001-11-10,"2001",2002,41,18.4285714285714,1.57142857142857,1.07,57.26
"6049",2001-11-11,"2001",2002,42,18.2857142857143,1.71428571428571,1.07,58.33
"6050",2001-11-12,"2001",2002,43,18.1428571428571,1.85714285714286,1.07,59.4
"6051",2001-11-13,"2001",2002,44,18,2,1.07,60.47
"6052",2001-11-14,"2001",2002,45,18.2857142857143,1.71428571428571,1.07,61.54
"6053",2001-11-15,"2001",2002,46,18.5714285714286,1.42857142857143,1.07,62.61
"6054",2001-11-16,"2001",2002,47,18.8571428571429,1.14285714285714,1.07,63.68
"6055",2001-11-17,"2001",2002,48,19.1428571428571,0.857142857142857,1.07,64.75
"6056",2001-11-18,"2001",2002,49,19.4285714285714,0.571428571428571,1.07,65.82
"6057",2001-11-19,"2001",2002,50,19.7142857142857,0.285714285714286,1.07,66.89
"6058",2001-11-20,"2001",2002,51,20,0,1.07,67.96
"6059",2001-11-21,"2001",2002,52,20,0.142857142857143,1.07,69.03
"6060",2001-11-22,"2001",2002,53,20,0.285714285714286,1.07,70.1
"6061",2001-11-23,"2001",2002,54,20,0.428571428571429,1.07,71.17
"6062",2001-11-24,"2001",2002,55,20,0.571428571428571,1.07,72.24
"6063",2001-11-25,"2001",2002,56,20,0.714285714285714,1.07,73.31
"6064",2001-11-26,"2001",2002,57,20,0.857142857142857,1.07,74.3799999999999
"6065",2001-11-27,"2001",2002,58,20,1,1.07,75.4499999999999
"6066",2001-11-28,"2001",2002,59,20.2857142857143,1,1.07,76.5199999999999
"6067",2001-11-29,"2001",2002,60,20.5714285714286,1,1.07,77.5899999999999
"6068",2001-11-30,"2001",2002,61,20.8571428571429,1,0.36,77.9499999999999
"6069",2001-12-01,"2001",2002,62,21.1428571428571,1,0.36,78.3099999999999
"6070",2001-12-02,"2001",2002,63,21.4285714285714,1,0.36,78.6699999999999
"6071",2001-12-03,"2001",2002,64,21.7142857142857,1,0.36,79.0299999999999
"6072",2001-12-04,"2001",2002,65,22,1,0.36,79.3899999999999
"6073",2001-12-05,"2001",2002,66,22.1428571428571,0.857142857142857,0.36,79.7499999999999
"6074",2001-12-06,"2001",2002,67,22.2857142857143,0.714285714285714,0.36,80.1099999999999
"6075",2001-12-07,"2001",2002,68,22.4285714285714,0.571428571428571,0.36,80.4699999999999
"6076",2001-12-08,"2001",2002,69,22.5714285714286,0.428571428571429,0.36,80.8299999999999
"6077",2001-12-09,"2001",2002,70,22.7142857142857,0.285714285714286,0.36,81.1899999999999
"6078",2001-12-10,"2001",2002,71,22.8571428571429,0.142857142857143,0.36,81.5499999999999
"6079",2001-12-11,"2001",2002,72,23,0,0.36,81.9099999999999
"6080",2001-12-12,"2001",2002,73,24,-0.0714285714285714,0.36,82.2699999999999
"6081",2001-12-13,"2001",2002,74,25,-0.142857142857143,0.36,82.6299999999999
"6082",2001-12-14,"2001",2002,75,26,-0.214285714285714,0.36,82.9899999999999
"6083",2001-12-15,"2001",2002,76,27,-0.285714285714286,0.36,83.3499999999999
"6084",2001-12-16,"2001",2002,77,28,-0.357142857142857,0.36,83.7099999999999
"6085",2001-12-17,"2001",2002,78,29,-0.428571428571429,0.36,84.0699999999999
"6086",2001-12-18,"2001",2002,79,30,-0.5,0.36,84.4299999999999
"6087",2001-12-19,"2001",2002,80,30.1428571428571,-0.428571428571429,0.36,84.7899999999999
"6088",2001-12-20,"2001",2002,81,30.2857142857143,-0.357142857142857,0.36,85.1499999999999
"6089",2001-12-21,"2001",2002,82,30.4285714285714,-0.285714285714286,0.36,85.5099999999999
"6090",2001-12-22,"2001",2002,83,30.5714285714286,-0.214285714285714,0.36,85.8699999999999
"6091",2001-12-23,"2001",2002,84,30.7142857142857,-0.142857142857143,0.36,86.2299999999999
"6092",2001-12-24,"2001",2002,85,30.8571428571429,-0.0714285714285715,0.36,86.5899999999999
"6093",2001-12-25,"2001",2002,86,31,0,0.36,86.9499999999999
"6094",2001-12-26,"2001",2002,87,30.8571428571429,0,0.36,87.3099999999999
"6095",2001-12-27,"2001",2002,88,30.7142857142857,0,0.36,87.6699999999999
"6096",2001-12-28,"2001",2002,89,30.5714285714286,0,0.36,88.0299999999999
"6097",2001-12-29,"2001",2002,90,30.4285714285714,0,0.36,88.3899999999999
"6098",2001-12-30,"2001",2002,91,30.2857142857143,0,0.36,88.7499999999999
"6099",2001-12-31,"2001",2002,92,30.1428571428571,0,0.01,88.7599999999999
"6100",2002-01-01,"2002",2002,93,30,0,0.01,88.7699999999999
"6101",2002-01-02,"2002",2002,94,29.4285714285714,-0.142857142857143,0.01,88.7799999999999
"6102",2002-01-03,"2002",2002,95,28.8571428571429,-0.285714285714286,0.01,88.7899999999999
"6103",2002-01-04,"2002",2002,96,28.2857142857143,-0.428571428571429,0.01,88.7999999999999
"6104",2002-01-05,"2002",2002,97,27.7142857142857,-0.571428571428571,0.01,88.8099999999999
"6105",2002-01-06,"2002",2002,98,27.1428571428571,-0.714285714285714,0.01,88.8199999999999
"6106",2002-01-07,"2002",2002,99,26.5714285714286,-0.857142857142857,0.01,88.8299999999999
"6107",2002-01-08,"2002",2002,100,26,-1,0.01,88.84
"6108",2002-01-09,"2002",2002,101,25.8571428571429,NA,0.01,88.85
"6109",2002-01-10,"2002",2002,102,25.7142857142857,NA,0.01,88.86
"6110",2002-01-11,"2002",2002,103,25.5714285714286,NA,0.01,88.87
"6111",2002-01-12,"2002",2002,104,25.4285714285714,NA,0.01,88.88
"6112",2002-01-13,"2002",2002,105,25.2857142857143,NA,0.01,88.89
"6113",2002-01-14,"2002",2002,106,25.1428571428571,NA,0.01,88.9
"6114",2002-01-15,"2002",2002,107,25,NA,0.01,88.91
"6115",2002-01-16,"2002",2002,108,25.2857142857143,NA,0.01,88.92
"6116",2002-01-17,"2002",2002,109,25.5714285714286,NA,0.01,88.93
"6117",2002-01-18,"2002",2002,110,25.8571428571429,NA,0.01,88.94
"6118",2002-01-19,"2002",2002,111,26.1428571428571,NA,0.01,88.95
"6119",2002-01-20,"2002",2002,112,26.4285714285714,NA,0.01,88.96
"6120",2002-01-21,"2002",2002,113,26.7142857142857,NA,0.01,88.97
"6121",2002-01-22,"2002",2002,114,27,-1,0.01,88.98
"6122",2002-01-23,"2002",2002,115,26.5714285714286,-1,0.01,88.99
"6123",2002-01-24,"2002",2002,116,26.1428571428571,-1,0.01,89
"6124",2002-01-25,"2002",2002,117,25.7142857142857,-1,0.01,89.01
"6125",2002-01-26,"2002",2002,118,25.2857142857143,-1,0.01,89.02
"6126",2002-01-27,"2002",2002,119,24.8571428571429,-1,0.01,89.03
"6127",2002-01-28,"2002",2002,120,24.4285714285714,-1,0.01,89.04
"6128",2002-01-29,"2002",2002,121,24,-1,0.01,89.05
"6129",2002-01-30,"2002",2002,122,24.4285714285714,-1,0.01,89.0600000000001
"6130",2002-01-31,"2002",2002,123,24.8571428571429,-1,0.01,89.0700000000001
"6131",2002-02-01,"2002",2002,124,25.2857142857143,-1,0.01,89.0800000000001
"6132",2002-02-02,"2002",2002,125,25.7142857142857,-1,0.01,89.0900000000001
"6133",2002-02-03,"2002",2002,126,26.1428571428571,-1,0.01,89.1000000000001
"6134",2002-02-04,"2002",2002,127,26.5714285714286,-1,0.01,89.1100000000001
"6135",2002-02-05,"2002",2002,128,27,-1,0.01,89.1200000000001
"6136",2002-02-06,"2002",2002,129,26.7142857142857,-1,0.01,89.1300000000001
"6137",2002-02-07,"2002",2002,130,26.4285714285714,-1,0.01,89.1400000000001
"6138",2002-02-08,"2002",2002,131,26.1428571428571,-1,0.01,89.1500000000001
"6139",2002-02-09,"2002",2002,132,25.8571428571429,-1,0.01,89.1600000000001
"6140",2002-02-10,"2002",2002,133,25.5714285714286,-1,0.01,89.1700000000001
"6141",2002-02-11,"2002",2002,134,25.2857142857143,-1,0.01,89.1800000000001
"6142",2002-02-12,"2002",2002,135,25,-1,0.01,89.1900000000001
"6143",2002-02-13,"2002",2002,136,25.5714285714286,-1,0.01,89.2000000000001
"6144",2002-02-14,"2002",2002,137,26.1428571428571,-1,0.01,89.2100000000001
"6145",2002-02-15,"2002",2002,138,26.7142857142857,-1,0.01,89.2200000000001
"6146",2002-02-16,"2002",2002,139,27.2857142857143,-1,0.01,89.2300000000001
"6147",2002-02-17,"2002",2002,140,27.8571428571429,-1,0.01,89.2400000000002
"6148",2002-02-18,"2002",2002,141,28.4285714285714,-1,0.01,89.2500000000002
"6149",2002-02-19,"2002",2002,142,29,-1,0.01,89.2600000000002
"6150",2002-02-20,"2002",2002,143,30,-1,0.01,89.2700000000002
"6151",2002-02-21,"2002",2002,144,31,-1,0.01,89.2800000000002
"6152",2002-02-22,"2002",2002,145,32,-1,0.01,89.2900000000002
"6153",2002-02-23,"2002",2002,146,33,-1,0.01,89.3000000000002
"6154",2002-02-24,"2002",2002,147,34,-1,0.01,89.3100000000002
"6155",2002-02-25,"2002",2002,148,35,-1,0.01,89.3200000000002
"6156",2002-02-26,"2002",2002,149,36,-1,0.01,89.3300000000002
"6157",2002-02-27,"2002",2002,150,34.2857142857143,-1,0.01,89.3400000000002
"6158",2002-02-28,"2002",2002,151,32.5714285714286,-1,0.36,89.7000000000002
"6159",2002-03-01,"2002",2002,152,30.8571428571429,-1,0.36,90.0600000000002
"6160",2002-03-02,"2002",2002,153,29.1428571428571,-1,0.36,90.4200000000002
"6161",2002-03-03,"2002",2002,154,27.4285714285714,-1,0.36,90.7800000000002
"6162",2002-03-04,"2002",2002,155,25.7142857142857,-1,0.36,91.1400000000002
"6163",2002-03-05,"2002",2002,156,24,-1,0.36,91.5000000000002
"6164",2002-03-06,"2002",2002,157,23.2857142857143,-1,0.36,91.8600000000002
"6165",2002-03-07,"2002",2002,158,22.5714285714286,-1,0.36,92.2200000000002
"6166",2002-03-08,"2002",2002,159,21.8571428571429,-1,0.36,92.5800000000002
"6167",2002-03-09,"2002",2002,160,21.1428571428571,-1,0.36,92.9400000000002
"6168",2002-03-10,"2002",2002,161,20.4285714285714,-1,0.36,93.3000000000002
"6169",2002-03-11,"2002",2002,162,19.7142857142857,-1,0.36,93.6600000000002
"6170",2002-03-12,"2002",2002,163,19,-1,0.36,94.0200000000002
"6171",2002-03-13,"2002",2002,164,19.1428571428571,-1,0.36,94.3800000000002
"6172",2002-03-14,"2002",2002,165,19.2857142857143,-1,0.36,94.7400000000002
"6173",2002-03-15,"2002",2002,166,19.4285714285714,-1,0.36,95.1000000000002
"6174",2002-03-16,"2002",2002,167,19.5714285714286,-1,0.36,95.4600000000002
"6175",2002-03-17,"2002",2002,168,19.7142857142857,-1,0.36,95.8200000000002
"6176",2002-03-18,"2002",2002,169,19.8571428571429,-1,0.36,96.1800000000002
"6177",2002-03-19,"2002",2002,170,20,-1,0.36,96.5400000000002
"6178",2002-03-20,"2002",2002,171,20,-0.928571428571429,0.36,96.9000000000002
"6179",2002-03-21,"2002",2002,172,20,-0.857142857142857,0.36,97.2600000000002
"6180",2002-03-22,"2002",2002,173,20,-0.785714285714286,0.36,97.6200000000002
"6181",2002-03-23,"2002",2002,174,20,-0.714285714285714,0.36,97.9800000000002
"6182",2002-03-24,"2002",2002,175,20,-0.642857142857143,0.36,98.3400000000002
"6183",2002-03-25,"2002",2002,176,20,-0.571428571428571,0.36,98.7000000000002
"6184",2002-03-26,"2002",2002,177,20,-0.5,0.36,99.0600000000002
"6185",2002-03-27,"2002",2002,178,19.1428571428571,-0.428571428571429,0.36,99.4200000000002
"6186",2002-03-28,"2002",2002,179,18.2857142857143,-0.357142857142857,0.36,99.7800000000002
"6187",2002-03-29,"2002",2002,180,17.4285714285714,-0.285714285714286,0.36,100.14
"6188",2002-03-30,"2002",2002,181,16.5714285714286,-0.214285714285714,0.36,100.5
"6189",2002-03-31,"2002",2002,182,15.7142857142857,-0.142857142857143,0.36,100.86
"6190",2002-04-01,"2002",2002,183,14.8571428571429,-0.0714285714285715,0.36,101.22
"6191",2002-04-02,"2002",2002,184,14,0,0.36,101.58
"6192",2002-04-03,"2002",2002,185,14.2857142857143,0.142857142857143,0.36,101.94
"6193",2002-04-04,"2002",2002,186,14.5714285714286,0.285714285714286,0.36,102.3
"6194",2002-04-05,"2002",2002,187,14.8571428571429,0.428571428571429,0.36,102.66
"6195",2002-04-06,"2002",2002,188,15.1428571428571,0.571428571428571,0.36,103.02
"6196",2002-04-07,"2002",2002,189,15.4285714285714,0.714285714285714,0.36,103.38
"6197",2002-04-08,"2002",2002,190,15.7142857142857,0.857142857142857,0.36,103.74
"6198",2002-04-09,"2002",2002,191,16,1,0.36,104.1
"6199",2002-04-10,"2002",2002,192,15.8571428571429,0.785714285714286,0.36,104.46
"6200",2002-04-11,"2002",2002,193,15.7142857142857,0.571428571428571,0.53,104.99
"6201",2002-04-12,"2002",2002,194,15.5714285714286,0.357142857142857,0.58,105.57
"6202",2002-04-13,"2002",2002,195,15.4285714285714,0.142857142857143,0.66,106.23
"6203",2002-04-14,"2002",2002,196,15.2857142857143,-0.0714285714285714,0.78,107.01
"6204",2002-04-15,"2002",2002,197,15.1428571428571,-0.285714285714286,0.89,107.9
"6205",2002-04-16,"2002",2002,198,15,-0.5,0.89,108.79
"6206",2002-04-17,"2002",2002,199,14.8571428571429,-0.142857142857143,0.93,109.72
"6207",2002-04-18,"2002",2002,200,14.7142857142857,0.214285714285714,0.98,110.7
"6208",2002-04-19,"2002",2002,201,14.5714285714286,0.571428571428571,0.9,111.6
"6209",2002-04-20,"2002",2002,202,14.4285714285714,0.928571428571428,0.81,112.41
"6210",2002-04-21,"2002",2002,203,14.2857142857143,1.28571428571429,0.73,113.14
"6211",2002-04-22,"2002",2002,204,14.1428571428571,1.64285714285714,0.65,113.79
"6212",2002-04-23,"2002",2002,205,14,2,0.8,114.59
"6213",2002-04-24,"2002",2002,206,14,2.28571428571429,0.8,115.39
"6214",2002-04-25,"2002",2002,207,14,2.57142857142857,0.84,116.23
"6215",2002-04-26,"2002",2002,208,14,2.85714285714286,0.98,117.21
"6216",2002-04-27,"2002",2002,209,14,3.14285714285714,1,118.21
"6217",2002-04-28,"2002",2002,210,14,3.42857142857143,0.93,119.14
"6218",2002-04-29,"2002",2002,211,14,3.71428571428571,1.12,120.26
"6219",2002-04-30,"2002",2002,212,14,4,1.6,121.86
"6220",2002-05-01,"2002",2002,213,14,NA,1.79,123.65
"6221",2002-05-02,"2002",2002,214,14,NA,1.63,125.28
"6222",2002-05-03,"2002",2002,215,14,NA,1.71,126.99
"6223",2002-05-04,"2002",2002,216,14,NA,1.85,128.84
"6224",2002-05-05,"2002",2002,217,14,NA,2.27,131.11
"6225",2002-05-06,"2002",2002,218,14,NA,3.33,134.44
"6226",2002-05-07,"2002",2002,219,14,NA,3.88,138.32
"6227",2002-05-08,"2002",2002,220,13.8571428571429,NA,3.37,141.69
"6228",2002-05-09,"2002",2002,221,13.7142857142857,NA,2.78,144.47
"6229",2002-05-10,"2002",2002,222,13.5714285714286,NA,2.43,146.9
"6230",2002-05-11,"2002",2002,223,13.4285714285714,NA,2.52,149.42
"6231",2002-05-12,"2002",2002,224,13.2857142857143,NA,2.46,151.88
"6232",2002-05-13,"2002",2002,225,13.1428571428571,NA,2.62,154.5
"6233",2002-05-14,"2002",2002,226,13,8,2.88,157.38
"6234",2002-05-15,"2002",2002,227,13,7.85714285714286,3.26,160.64
"6235",2002-05-16,"2002",2002,228,13,7.71428571428571,3.37,164.01
"6236",2002-05-17,"2002",2002,229,13,7.57142857142857,4.15,168.16
"6237",2002-05-18,"2002",2002,230,13,7.42857142857143,5.89,174.05
"6238",2002-05-19,"2002",2002,231,13,7.28571428571429,8.21,182.26
"6239",2002-05-20,"2002",2002,232,13,7.14285714285714,9.11,191.37
"6240",2002-05-21,"2002",2002,233,13,7,7.67,199.04
"6241",2002-05-22,"2002",2002,234,13.1428571428571,7.28571428571429,5.83,204.87
"6242",2002-05-23,"2002",2002,235,13.2857142857143,7.57142857142857,5.07,209.94
"6243",2002-05-24,"2002",2002,236,13.4285714285714,7.85714285714286,4.38,214.32
"6244",2002-05-25,"2002",2002,237,13.5714285714286,8.14285714285714,4.3,218.62
"6245",2002-05-26,"2002",2002,238,13.7142857142857,8.42857142857143,4.78,223.4
"6246",2002-05-27,"2002",2002,239,13.8571428571429,8.71428571428571,5.75,229.15
"6247",2002-05-28,"2002",2002,240,14,9,7.39,236.54
"6248",2002-05-29,"2002",2002,241,14.1428571428571,8.85714285714286,11.5,248.04
"6249",2002-05-30,"2002",2002,242,14.2857142857143,8.71428571428571,14.9,262.94
"6250",2002-05-31,"2002",2002,243,14.4285714285714,8.57142857142857,15.6,278.54
"6251",2002-06-01,"2002",2002,244,14.5714285714286,8.42857142857143,15.2,293.74
"6252",2002-06-02,"2002",2002,245,14.7142857142857,8.28571428571429,14.9,308.64
"6253",2002-06-03,"2002",2002,246,14.8571428571429,8.14285714285714,16.4,325.04
"6254",2002-06-04,"2002",2002,247,15,8,13.9,338.94
"6255",2002-06-05,"2002",2002,248,15,8.21428571428571,12.3,351.24
"6256",2002-06-06,"2002",2002,249,15,8.42857142857143,12.7,363.94
"6257",2002-06-07,"2002",2002,250,15,8.64285714285714,14.2,378.14
"6258",2002-06-08,"2002",2002,251,15,8.85714285714286,15.5,393.64
"6259",2002-06-09,"2002",2002,252,15,9.07142857142857,15.2,408.84
"6260",2002-06-10,"2002",2002,253,15,9.28571428571428,13.8,422.64
"6261",2002-06-11,"2002",2002,254,15,9.5,12.3,434.94
"6262",2002-06-12,"2002",2002,255,15.1428571428571,9.85714285714286,12.2,447.14
"6263",2002-06-13,"2002",2002,256,15.2857142857143,10.2142857142857,12.6,459.74
"6264",2002-06-14,"2002",2002,257,15.4285714285714,10.5714285714286,12.4,472.14
"6265",2002-06-15,"2002",2002,258,15.5714285714286,10.9285714285714,11.1,483.24
"6266",2002-06-16,"2002",2002,259,15.7142857142857,11.2857142857143,11.1,494.34
"6267",2002-06-17,"2002",2002,260,15.8571428571429,11.6428571428571,11.5,505.84
"6268",2002-06-18,"2002",2002,261,16,12,11.3,517.14
"6269",2002-06-19,"2002",2002,262,15.5714285714286,12.2857142857143,12.8,529.94
"6270",2002-06-20,"2002",2002,263,15.1428571428571,12.5714285714286,13.8,543.74
"6271",2002-06-21,"2002",2002,264,14.7142857142857,12.8571428571429,14,557.74
"6272",2002-06-22,"2002",2002,265,14.2857142857143,13.1428571428571,14,571.74
"6273",2002-06-23,"2002",2002,266,13.8571428571429,13.4285714285714,13.2,584.94
"6274",2002-06-24,"2002",2002,267,13.4285714285714,13.7142857142857,12.6,597.54
"6275",2002-06-25,"2002",2002,268,13,14,11.9,609.44
"6276",2002-06-26,"2002",2002,269,12.7142857142857,NA,11.3,620.74
"6277",2002-06-27,"2002",2002,270,12.4285714285714,NA,10.6,631.34
"6278",2002-06-28,"2002",2002,271,12.1428571428571,NA,10.6,641.94
"6279",2002-06-29,"2002",2002,272,11.8571428571429,NA,10.9,652.84
"6280",2002-06-30,"2002",2002,273,11.5714285714286,NA,10.6,663.44
"6281",2002-07-01,"2002",2002,274,11.2857142857143,NA,10.2,673.64
"6282",2002-07-02,"2002",2002,275,11,NA,9.37,683.01
"6283",2002-07-03,"2002",2002,276,11.2857142857143,NA,9.16,692.17
"6284",2002-07-04,"2002",2002,277,11.5714285714286,NA,9.32,701.49
"6285",2002-07-05,"2002",2002,278,11.8571428571429,NA,10.4,711.89
"6286",2002-07-06,"2002",2002,279,12.1428571428571,NA,11.5,723.39
"6287",2002-07-07,"2002",2002,280,12.4285714285714,NA,10.6,733.99
"6288",2002-07-08,"2002",2002,281,12.7142857142857,NA,10.9,744.89
"6289",2002-07-09,"2002",2002,282,13,13,10.6,755.49
"6290",2002-07-10,"2002",2002,283,12.8571428571429,13.2857142857143,10.8,766.29
"6291",2002-07-11,"2002",2002,284,12.7142857142857,13.5714285714286,10.4,776.69
"6292",2002-07-12,"2002",2002,285,12.5714285714286,13.8571428571429,9.47,786.16
"6293",2002-07-13,"2002",2002,286,12.4285714285714,14.1428571428571,8.96,795.12
"6294",2002-07-14,"2002",2002,287,12.2857142857143,14.4285714285714,8.76,803.88
"6295",2002-07-15,"2002",2002,288,12.1428571428571,14.7142857142857,8.76,812.64
"6296",2002-07-16,"2002",2002,289,12,15,8.71,821.35
"6297",2002-07-17,"2002",2002,290,11.7142857142857,14.8571428571429,8.51,829.86
"6298",2002-07-18,"2002",2002,291,11.4285714285714,14.7142857142857,8.21,838.07
"6299",2002-07-19,"2002",2002,292,11.1428571428571,14.5714285714286,8.36,846.43
"6300",2002-07-20,"2002",2002,293,10.8571428571429,14.4285714285714,9.17,855.6
"6301",2002-07-21,"2002",2002,294,10.5714285714286,14.2857142857143,9.47,865.07
"6302",2002-07-22,"2002",2002,295,10.2857142857143,14.1428571428571,8.81,873.88
"6303",2002-07-23,"2002",2002,296,10,14,8.71,882.59
"6304",2002-07-24,"2002",2002,297,10.1428571428571,14,8.56,891.15
"6305",2002-07-25,"2002",2002,298,10.2857142857143,14,8.4,899.55
"6306",2002-07-26,"2002",2002,299,10.4285714285714,14,8.06,907.61
"6307",2002-07-27,"2002",2002,300,10.5714285714286,14,7.48,915.09
"6308",2002-07-28,"2002",2002,301,10.7142857142857,14,7.1,922.19
"6309",2002-07-29,"2002",2002,302,10.8571428571429,14,6.73,928.92
"6310",2002-07-30,"2002",2002,303,11,14,6.68,935.6
"6311",2002-07-31,"2002",2002,304,11.2857142857143,13.7142857142857,6.68,942.28
"6312",2002-08-01,"2002",2002,305,11.5714285714286,13.4285714285714,6.59,948.87
"6313",2002-08-02,"2002",2002,306,11.8571428571429,13.1428571428571,7.1,955.97
"6314",2002-08-03,"2002",2002,307,12.1428571428571,12.8571428571429,7.19,963.16
"6315",2002-08-04,"2002",2002,308,12.4285714285714,12.5714285714286,7.48,970.64
"6316",2002-08-05,"2002",2002,309,12.7142857142857,12.2857142857143,8.4,979.04
"6317",2002-08-06,"2002",2002,310,13,12,8.61,987.65
"6318",2002-08-07,"2002",2002,311,13,12.1428571428571,8.51,996.16
"6319",2002-08-08,"2002",2002,312,13,12.2857142857143,7.96,1004.12
"6320",2002-08-09,"2002",2002,313,13,12.4285714285714,7.29,1011.41
"6321",2002-08-10,"2002",2002,314,13,12.5714285714286,6.68,1018.09
"6322",2002-08-11,"2002",2002,315,13,12.7142857142857,6.28,1024.37
"6323",2002-08-12,"2002",2002,316,13,12.8571428571429,5.79,1030.16
"6324",2002-08-13,"2002",2002,317,13,13,5.11,1035.27
"6325",2002-08-14,"2002",2002,318,13,12.7142857142857,5.11,1040.38
"6326",2002-08-15,"2002",2002,319,13,12.4285714285714,5.07,1045.45
"6327",2002-08-16,"2002",2002,320,13,12.1428571428571,4.9,1050.35
"6328",2002-08-17,"2002",2002,321,13,11.8571428571429,4.74,1055.09
"6329",2002-08-18,"2002",2002,322,13,11.5714285714286,4.62,1059.71
"6330",2002-08-19,"2002",2002,323,13,11.2857142857143,4.66,1064.37
"6331",2002-08-20,"2002",2002,324,13,11,4.86,1069.23
"6332",2002-08-21,"2002",2002,325,13.1428571428571,11.2857142857143,4.94,1074.17
"6333",2002-08-22,"2002",2002,326,13.2857142857143,11.5714285714286,4.78,1078.95
"6334",2002-08-23,"2002",2002,327,13.4285714285714,11.8571428571429,4.62,1083.57
"6335",2002-08-24,"2002",2002,328,13.5714285714286,12.1428571428571,4.58,1088.15
"6336",2002-08-25,"2002",2002,329,13.7142857142857,12.4285714285714,4.42,1092.57
"6337",2002-08-26,"2002",2002,330,13.8571428571429,12.7142857142857,4.3,1096.87
"6338",2002-08-27,"2002",2002,331,14,13,4.34,1101.21
"6339",2002-08-28,"2002",2002,332,13.8571428571429,12.7857142857143,4.18,1105.39
"6340",2002-08-29,"2002",2002,333,13.7142857142857,12.5714285714286,4.22,1109.61
"6341",2002-08-30,"2002",2002,334,13.5714285714286,12.3571428571429,4.18,1113.79
"6342",2002-08-31,"2002",2002,335,13.4285714285714,12.1428571428571,4.11,1117.9
"6343",2002-09-01,"2002",2002,336,13.2857142857143,11.9285714285714,3.84,1121.74
"6344",2002-09-02,"2002",2002,337,13.1428571428571,11.7142857142857,3.73,1125.47
"6345",2002-09-03,"2002",2002,338,13,11.5,3.51,1128.98
"6346",2002-09-04,"2002",2002,339,13,11.3428571428571,3.58,1132.56
"6347",2002-09-05,"2002",2002,340,13,11.1857142857143,3.58,1136.14
"6348",2002-09-06,"2002",2002,341,13,11.0285714285714,3.62,1139.76
"6349",2002-09-07,"2002",2002,342,13,10.8714285714286,3.73,1143.49
"6350",2002-09-08,"2002",2002,343,13,10.7142857142857,3.99,1147.48
"6351",2002-09-09,"2002",2002,344,13,10.5571428571429,3.96,1151.44
"6352",2002-09-10,"2002",2002,345,13,10.4,3.96,1155.4
"6353",2002-09-11,"2002",2002,346,13.1428571428571,10.0571428571429,5.15,1160.55
"6354",2002-09-12,"2002",2002,347,13.2857142857143,9.71428571428572,5.83,1166.38
"6355",2002-09-13,"2002",2002,348,13.4285714285714,9.37142857142857,5.75,1172.13
"6356",2002-09-14,"2002",2002,349,13.5714285714286,9.02857142857143,5.4,1177.53
"6357",2002-09-15,"2002",2002,350,13.7142857142857,8.68571428571429,5.07,1182.6
"6358",2002-09-16,"2002",2002,351,13.8571428571429,8.34285714285714,4.9,1187.5
"6359",2002-09-17,"2002",2002,352,14,8,4.73,1192.23
"6360",2002-09-18,"2002",2002,353,14.7142857142857,8.14285714285714,4.56,1196.79
"6361",2002-09-19,"2002",2002,354,15.4285714285714,8.28571428571429,4.39,1201.18
"6362",2002-09-20,"2002",2002,355,16.1428571428571,8.42857142857143,4.22,1205.4
"6363",2002-09-21,"2002",2002,356,16.8571428571429,8.57142857142857,4.05,1209.45
"6364",2002-09-22,"2002",2002,357,17.5714285714286,8.71428571428571,3.88,1213.33
"6365",2002-09-23,"2002",2002,358,18.2857142857143,8.85714285714286,3.71,1217.04
"6366",2002-09-24,"2002",2002,359,19,9,3.54,1220.58
"6367",2002-10-01,"2002",2003,1,19.25,4,2.52,2.52
"6368",2002-10-02,"2002",2003,2,19.5,3.71428571428571,2.52,5.04
"6369",2002-10-03,"2002",2003,3,19.75,3.42857142857143,2.46,7.5
"6370",2002-10-04,"2002",2003,4,20,3.14285714285714,2.41,9.91
"6371",2002-10-05,"2002",2003,5,20.25,2.85714285714286,2.36,12.27
"6372",2002-10-06,"2002",2003,6,20.5,2.57142857142857,2.31,14.58
"6373",2002-10-07,"2002",2003,7,20.75,2.28571428571429,2.25,16.83
"6374",2002-10-08,"2002",2003,8,21,2,2.2,19.03
"6375",2002-10-09,"2002",2003,9,21.1428571428571,1.71428571428571,2.15,21.18
"6376",2002-10-10,"2002",2003,10,21.2857142857143,1.42857142857143,2.09,23.27
"6377",2002-10-11,"2002",2003,11,21.4285714285714,1.14285714285714,2.04,25.31
"6378",2002-10-12,"2002",2003,12,21.5714285714286,0.857142857142857,1.99,27.3
"6379",2002-10-13,"2002",2003,13,21.7142857142857,0.571428571428571,1.94,29.24
"6380",2002-10-14,"2002",2003,14,21.8571428571429,0.285714285714286,1.88,31.12
"6381",2002-10-15,"2002",2003,15,22,0,1.83,32.95
"6382",2002-10-16,"2002",2003,16,22,0.214285714285714,1.78,34.73
"6383",2002-10-17,"2002",2003,17,22,0.428571428571429,1.72,36.45
"6384",2002-10-18,"2002",2003,18,22,0.642857142857143,1.67,38.12
"6385",2002-10-19,"2002",2003,19,22,0.857142857142857,1.62,39.74
"6386",2002-10-20,"2002",2003,20,22,1.07142857142857,1.56,41.3
"6387",2002-10-21,"2002",2003,21,22,1.28571428571429,1.51,42.81
"6388",2002-10-22,"2002",2003,22,22,1.5,1.46,44.27
"6389",2002-10-23,"2002",2003,23,21.8571428571429,1.28571428571429,1.41,45.68
"6390",2002-10-24,"2002",2003,24,21.7142857142857,1.07142857142857,1.35,47.03
"6391",2002-10-25,"2002",2003,25,21.5714285714286,0.857142857142857,1.3,48.33
"6392",2002-10-26,"2002",2003,26,21.4285714285714,0.642857142857143,1.25,49.58
"6393",2002-10-27,"2002",2003,27,21.2857142857143,0.428571428571429,1.19,50.77
"6394",2002-10-28,"2002",2003,28,21.1428571428571,0.214285714285714,1.14,51.91
"6395",2002-10-29,"2002",2003,29,21,0,1.09,53
"6396",2002-10-30,"2002",2003,30,21,0,1.07,54.07
"6397",2002-10-31,"2002",2003,31,21,0,1.07,55.14
"6398",2002-11-01,"2002",2003,32,21,0,1.07,56.21
"6399",2002-11-02,"2002",2003,33,21,0,1.07,57.28
"6400",2002-11-03,"2002",2003,34,21,0,1.07,58.35
"6401",2002-11-04,"2002",2003,35,21,0,1.07,59.42
"6402",2002-11-05,"2002",2003,36,21,0,1.07,60.49
"6403",2002-11-06,"2002",2003,37,21.1428571428571,0.0571428571428571,1.07,61.56
"6404",2002-11-07,"2002",2003,38,21.2857142857143,0.114285714285714,1.07,62.63
"6405",2002-11-08,"2002",2003,39,21.4285714285714,0.171428571428571,1.07,63.7
"6406",2002-11-09,"2002",2003,40,21.5714285714286,0.228571428571429,1.07,64.77
"6407",2002-11-10,"2002",2003,41,21.7142857142857,0.285714285714286,1.07,65.84
"6408",2002-11-11,"2002",2003,42,21.8571428571429,0.342857142857143,1.07,66.91
"6409",2002-11-12,"2002",2003,43,22,0.4,1.07,67.98
"6410",2002-11-13,"2002",2003,44,22.2857142857143,0.342857142857143,1.07,69.05
"6411",2002-11-14,"2002",2003,45,22.5714285714286,0.285714285714286,1.07,70.12
"6412",2002-11-15,"2002",2003,46,22.8571428571429,0.228571428571429,1.07,71.19
"6413",2002-11-16,"2002",2003,47,23.1428571428571,0.171428571428571,1.07,72.26
"6414",2002-11-17,"2002",2003,48,23.4285714285714,0.114285714285714,1.07,73.3299999999999
"6415",2002-11-18,"2002",2003,49,23.7142857142857,0.0571428571428572,1.07,74.3999999999999
"6416",2002-11-19,"2002",2003,50,24,0,1.07,75.4699999999999
"6417",2002-11-20,"2002",2003,51,24.1428571428571,0.1,1.07,76.5399999999999
"6418",2002-11-21,"2002",2003,52,24.2857142857143,0.2,1.07,77.6099999999999
"6419",2002-11-22,"2002",2003,53,24.4285714285714,0.3,1.07,78.6799999999999
"6420",2002-11-23,"2002",2003,54,24.5714285714286,0.4,1.07,79.7499999999999
"6421",2002-11-24,"2002",2003,55,24.7142857142857,0.5,1.07,80.8199999999999
"6422",2002-11-25,"2002",2003,56,24.8571428571429,0.6,1.07,81.8899999999999
"6423",2002-11-26,"2002",2003,57,25,0.7,1.07,82.9599999999999
"6424",2002-11-27,"2002",2003,58,25.1428571428571,0.6,1.07,84.0299999999999
"6425",2002-11-28,"2002",2003,59,25.2857142857143,0.5,1.07,85.0999999999999
"6426",2002-11-29,"2002",2003,60,25.4285714285714,0.4,1.07,86.1699999999999
"6427",2002-11-30,"2002",2003,61,25.5714285714286,0.3,0.36,86.5299999999999
"6428",2002-12-01,"2002",2003,62,25.7142857142857,0.2,0.36,86.8899999999999
"6429",2002-12-02,"2002",2003,63,25.8571428571429,0.1,0.36,87.2499999999999
"6430",2002-12-03,"2002",2003,64,26,0,0.36,87.6099999999999
"6431",2002-12-04,"2002",2003,65,26.2857142857143,0,0.36,87.9699999999999
"6432",2002-12-05,"2002",2003,66,26.5714285714286,0,0.36,88.3299999999999
"6433",2002-12-06,"2002",2003,67,26.8571428571429,0,0.36,88.6899999999999
"6434",2002-12-07,"2002",2003,68,27.1428571428571,0,0.36,89.0499999999999
"6435",2002-12-08,"2002",2003,69,27.4285714285714,0,0.36,89.4099999999999
"6436",2002-12-09,"2002",2003,70,27.7142857142857,0,0.36,89.7699999999999
"6437",2002-12-10,"2002",2003,71,28,0,0.36,90.1299999999999
"6438",2002-12-11,"2002",2003,72,28.1428571428571,0,0.36,90.4899999999999
"6439",2002-12-12,"2002",2003,73,28.2857142857143,0,0.36,90.8499999999999
"6440",2002-12-13,"2002",2003,74,28.4285714285714,0,0.36,91.2099999999999
"6441",2002-12-14,"2002",2003,75,28.5714285714286,0,0.36,91.5699999999999
"6442",2002-12-15,"2002",2003,76,28.7142857142857,0,0.36,91.9299999999999
"6443",2002-12-16,"2002",2003,77,28.8571428571429,0,0.36,92.2899999999998
"6444",2002-12-17,"2002",2003,78,29,0,0.36,92.6499999999998
"6445",2002-12-18,"2002",2003,79,29.1428571428571,-0.142857142857143,0.36,93.0099999999998
"6446",2002-12-19,"2002",2003,80,29.2857142857143,-0.285714285714286,0.36,93.3699999999998
"6447",2002-12-20,"2002",2003,81,29.4285714285714,-0.428571428571429,0.36,93.7299999999998
"6448",2002-12-21,"2002",2003,82,29.5714285714286,-0.571428571428571,0.36,94.0899999999998
"6449",2002-12-22,"2002",2003,83,29.7142857142857,-0.714285714285714,0.36,94.4499999999998
"6450",2002-12-23,"2002",2003,84,29.8571428571429,-0.857142857142857,0.36,94.8099999999998
"6451",2002-12-24,"2002",2003,85,30,-1,0.36,95.1699999999998
"6452",2002-12-25,"2002",2003,86,30.2857142857143,-0.842857142857143,0.36,95.5299999999998
"6453",2002-12-26,"2002",2003,87,30.5714285714286,-0.685714285714286,0.36,95.8899999999998
"6454",2002-12-27,"2002",2003,88,30.8571428571429,-0.528571428571429,0.36,96.2499999999998
"6455",2002-12-28,"2002",2003,89,31.1428571428571,-0.371428571428571,0.36,96.6099999999998
"6456",2002-12-29,"2002",2003,90,31.4285714285714,-0.214285714285714,0.36,96.9699999999998
"6457",2002-12-30,"2002",2003,91,31.7142857142857,-0.0571428571428572,0.36,97.3299999999998
"6458",2002-12-31,"2002",2003,92,32,0.1,0.01,97.3399999999998
"6459",2003-01-01,"2003",2003,93,31.2857142857143,-0.0571428571428571,0.01,97.3499999999999
"6460",2003-01-02,"2003",2003,94,30.5714285714286,-0.214285714285714,0.01,97.3599999999999
"6461",2003-01-03,"2003",2003,95,29.8571428571429,-0.371428571428571,0.01,97.3699999999999
"6462",2003-01-04,"2003",2003,96,29.1428571428571,-0.528571428571429,0.01,97.3799999999999
"6463",2003-01-05,"2003",2003,97,28.4285714285714,-0.685714285714286,0.01,97.3899999999999
"6464",2003-01-06,"2003",2003,98,27.7142857142857,-0.842857142857143,0.01,97.3999999999999
"6465",2003-01-07,"2003",2003,99,27,-1,0.01,97.4099999999999
"6466",2003-01-08,"2003",2003,100,27.1428571428571,-1,0.01,97.4199999999999
"6467",2003-01-09,"2003",2003,101,27.2857142857143,-1,0.01,97.4299999999999
"6468",2003-01-10,"2003",2003,102,27.4285714285714,-1,0.01,97.4399999999999
"6469",2003-01-11,"2003",2003,103,27.5714285714286,-1,0.01,97.4499999999999
"6470",2003-01-12,"2003",2003,104,27.7142857142857,-1,0.01,97.4599999999999
"6471",2003-01-13,"2003",2003,105,27.8571428571429,-1,0.01,97.4699999999999
"6472",2003-01-14,"2003",2003,106,28,-1,0.01,97.4799999999999
"6473",2003-01-15,"2003",2003,107,28.1428571428571,-1,0.01,97.4899999999999
"6474",2003-01-16,"2003",2003,108,28.2857142857143,-1,0.01,97.4999999999999
"6475",2003-01-17,"2003",2003,109,28.4285714285714,-1,0.01,97.5099999999999
"6476",2003-01-18,"2003",2003,110,28.5714285714286,-1,0.01,97.5199999999999
"6477",2003-01-19,"2003",2003,111,28.7142857142857,-1,0.01,97.53
"6478",2003-01-20,"2003",2003,112,28.8571428571429,-1,0.01,97.54
"6479",2003-01-21,"2003",2003,113,29,-1,0.01,97.55
"6480",2003-01-22,"2003",2003,114,28.8571428571429,-1,0.01,97.56
"6481",2003-01-23,"2003",2003,115,28.7142857142857,-1,0.01,97.57
"6482",2003-01-24,"2003",2003,116,28.5714285714286,-1,0.01,97.58
"6483",2003-01-25,"2003",2003,117,28.4285714285714,-1,0.01,97.59
"6484",2003-01-26,"2003",2003,118,28.2857142857143,-1,0.01,97.6
"6485",2003-01-27,"2003",2003,119,28.1428571428571,-1,0.01,97.61
"6486",2003-01-28,"2003",2003,120,28,-1,0.01,97.62
"6487",2003-01-29,"2003",2003,121,27.5714285714286,-1,0.01,97.63
"6488",2003-01-30,"2003",2003,122,27.1428571428571,-1,0.01,97.64
"6489",2003-01-31,"2003",2003,123,26.7142857142857,-1,0.01,97.65
"6490",2003-02-01,"2003",2003,124,26.2857142857143,-1,0.01,97.66
"6491",2003-02-02,"2003",2003,125,25.8571428571429,-1,0.01,97.67
"6492",2003-02-03,"2003",2003,126,25.4285714285714,-1,0.01,97.68
"6493",2003-02-04,"2003",2003,127,25,-1,0.01,97.69
"6494",2003-02-05,"2003",2003,128,25.2857142857143,-1,0.01,97.7
"6495",2003-02-06,"2003",2003,129,25.5714285714286,-1,0.01,97.71
"6496",2003-02-07,"2003",2003,130,25.8571428571429,-1,0.01,97.72
"6497",2003-02-08,"2003",2003,131,26.1428571428571,-1,0.01,97.73
"6498",2003-02-09,"2003",2003,132,26.4285714285714,-1,0.01,97.74
"6499",2003-02-10,"2003",2003,133,26.7142857142857,-1,0.01,97.7500000000001
"6500",2003-02-11,"2003",2003,134,27,-1,0.01,97.7600000000001
"6501",2003-02-12,"2003",2003,135,26.8571428571429,-1,0.01,97.7700000000001
"6502",2003-02-13,"2003",2003,136,26.7142857142857,-1,0.01,97.7800000000001
"6503",2003-02-14,"2003",2003,137,26.5714285714286,-1,0.01,97.7900000000001
"6504",2003-02-15,"2003",2003,138,26.4285714285714,-1,0.01,97.8000000000001
"6505",2003-02-16,"2003",2003,139,26.2857142857143,-1,0.01,97.8100000000001
"6506",2003-02-17,"2003",2003,140,26.1428571428571,-1,0.01,97.8200000000001
"6507",2003-02-18,"2003",2003,141,26,-1,0.01,97.8300000000001
"6508",2003-02-19,"2003",2003,142,26,-1,0.01,97.8400000000001
"6509",2003-02-20,"2003",2003,143,26,-1,0.01,97.8500000000001
"6510",2003-02-21,"2003",2003,144,26,-1,0.01,97.8600000000001
"6511",2003-02-22,"2003",2003,145,26,-1,0.01,97.8700000000001
"6512",2003-02-23,"2003",2003,146,26,-1,0.01,97.8800000000001
"6513",2003-02-24,"2003",2003,147,26,-1,0.01,97.8900000000001
"6514",2003-02-25,"2003",2003,148,26,-1,0.01,97.9000000000001
"6515",2003-02-26,"2003",2003,149,26,-1.14285714285714,0.01,97.9100000000001
"6516",2003-02-27,"2003",2003,150,26,-1.28571428571429,0.01,97.9200000000001
"6517",2003-02-28,"2003",2003,151,26,-1.42857142857143,0.36,98.2800000000001
"6518",2003-03-01,"2003",2003,152,26,-1.57142857142857,0.36,98.6400000000001
"6519",2003-03-02,"2003",2003,153,26,-1.71428571428571,0.36,99.0000000000001
"6520",2003-03-03,"2003",2003,154,26,-1.85714285714286,0.36,99.3600000000001
"6521",2003-03-04,"2003",2003,155,26,-2,0.36,99.7200000000001
"6522",2003-03-05,"2003",2003,156,26.1428571428571,-1.85714285714286,0.36,100.08
"6523",2003-03-06,"2003",2003,157,26.2857142857143,-1.71428571428571,0.36,100.44
"6524",2003-03-07,"2003",2003,158,26.4285714285714,-1.57142857142857,0.36,100.8
"6525",2003-03-08,"2003",2003,159,26.5714285714286,-1.42857142857143,0.36,101.16
"6526",2003-03-09,"2003",2003,160,26.7142857142857,-1.28571428571429,0.36,101.52
"6527",2003-03-10,"2003",2003,161,26.8571428571429,-1.14285714285714,0.36,101.88
"6528",2003-03-11,"2003",2003,162,27,-1,0.36,102.24
"6529",2003-03-12,"2003",2003,163,NA,NA,0.36,102.6
"6530",2003-03-13,"2003",2003,164,NA,NA,0.36,102.96
"6531",2003-03-14,"2003",2003,165,NA,NA,0.36,103.32
"6532",2003-03-15,"2003",2003,166,NA,NA,0.36,103.68
"6533",2003-03-16,"2003",2003,167,NA,NA,0.36,104.04
"6534",2003-03-17,"2003",2003,168,NA,NA,0.36,104.4
"6535",2003-03-18,"2003",2003,169,NA,NA,0.36,104.76
"6536",2003-03-19,"2003",2003,170,NA,NA,0.36,105.12
"6537",2003-03-20,"2003",2003,171,NA,NA,0.36,105.48
"6538",2003-03-21,"2003",2003,172,NA,NA,0.36,105.84
"6539",2003-03-22,"2003",2003,173,NA,NA,0.36,106.2
"6540",2003-03-23,"2003",2003,174,NA,NA,0.36,106.56
"6541",2003-03-24,"2003",2003,175,NA,NA,0.36,106.92
"6542",2003-03-25,"2003",2003,176,26,0,0.36,107.28
"6543",2003-03-26,"2003",2003,177,26.1428571428571,0,0.36,107.64
"6544",2003-03-27,"2003",2003,178,26.2857142857143,0,0.36,108
"6545",2003-03-28,"2003",2003,179,26.4285714285714,0,0.36,108.36
"6546",2003-03-29,"2003",2003,180,26.5714285714286,0,0.36,108.72
"6547",2003-03-30,"2003",2003,181,26.7142857142857,0,0.36,109.08
"6548",2003-03-31,"2003",2003,182,26.8571428571429,0,1.07,110.15
"6549",2003-04-01,"2003",2003,183,27,0,1.07,111.22
"6550",2003-04-02,"2003",2003,184,26.8571428571429,0,1.07,112.29
"6551",2003-04-03,"2003",2003,185,26.7142857142857,0,1.07,113.36
"6552",2003-04-04,"2003",2003,186,26.5714285714286,0,1.07,114.43
"6553",2003-04-05,"2003",2003,187,26.4285714285714,0,1.07,115.5
"6554",2003-04-06,"2003",2003,188,26.2857142857143,0,1.07,116.57
"6555",2003-04-07,"2003",2003,189,26.1428571428571,0,1.07,117.64
"6556",2003-04-08,"2003",2003,190,26,0,1.07,118.71
"6557",2003-04-09,"2003",2003,191,25.2857142857143,0,1.07,119.78
"6558",2003-04-10,"2003",2003,192,24.5714285714286,0,1.07,120.85
"6559",2003-04-11,"2003",2003,193,23.8571428571429,0,1.07,121.92
"6560",2003-04-12,"2003",2003,194,23.1428571428571,0,1.07,122.99
"6561",2003-04-13,"2003",2003,195,22.4285714285714,0,1.07,124.06
"6562",2003-04-14,"2003",2003,196,21.7142857142857,0,1.07,125.13
"6563",2003-04-15,"2003",2003,197,21,0,1.07,126.2
"6564",2003-04-16,"2003",2003,198,21,0.0142857142857143,1.07,127.27
"6565",2003-04-17,"2003",2003,199,21,0.0285714285714286,1.07,128.34
"6566",2003-04-18,"2003",2003,200,21,0.0428571428571429,1.07,129.41
"6567",2003-04-19,"2003",2003,201,21,0.0571428571428571,1.07,130.48
"6568",2003-04-20,"2003",2003,202,21,0.0714285714285714,1.07,131.55
"6569",2003-04-21,"2003",2003,203,21,0.0857142857142857,1.07,132.62
"6570",2003-04-22,"2003",2003,204,21,0.1,1.07,133.69
"6571",2003-04-23,"2003",2003,205,20.7142857142857,0.114285714285714,1.07,134.76
"6572",2003-04-24,"2003",2003,206,20.4285714285714,0.128571428571429,1.07,135.83
"6573",2003-04-25,"2003",2003,207,20.1428571428571,0.142857142857143,1.07,136.9
"6574",2003-04-26,"2003",2003,208,19.8571428571429,0.157142857142857,1.07,137.97
"6575",2003-04-27,"2003",2003,209,19.5714285714286,0.171428571428571,1.07,139.04
"6576",2003-04-28,"2003",2003,210,19.2857142857143,0.185714285714286,1.07,140.11
"6577",2003-04-29,"2003",2003,211,19,0.2,1.07,141.18
"6578",2003-04-30,"2003",2003,212,18.8571428571429,0.242857142857143,1.07,142.25
"6579",2003-05-01,"2003",2003,213,18.7142857142857,0.285714285714286,1.07,143.32
"6580",2003-05-02,"2003",2003,214,18.5714285714286,0.328571428571429,1.07,144.39
"6581",2003-05-03,"2003",2003,215,18.4285714285714,0.371428571428571,1.07,145.46
"6582",2003-05-04,"2003",2003,216,18.2857142857143,0.414285714285714,1.07,146.53
"6583",2003-05-05,"2003",2003,217,18.1428571428571,0.457142857142857,1.07,147.6
"6584",2003-05-06,"2003",2003,218,18,0.5,1.07,148.67
"6585",2003-05-07,"2003",2003,219,18.1428571428571,NA,1.07,149.74
"6586",2003-05-08,"2003",2003,220,18.2857142857143,NA,1.07,150.81
"6587",2003-05-09,"2003",2003,221,18.4285714285714,NA,1.07,151.88
"6588",2003-05-10,"2003",2003,222,18.5714285714286,NA,1.07,152.95
"6589",2003-05-11,"2003",2003,223,18.7142857142857,NA,1.07,154.02
"6590",2003-05-12,"2003",2003,224,18.8571428571429,NA,1.27,155.29
"6591",2003-05-13,"2003",2003,225,19,NA,1.46,156.75
"6592",2003-05-14,"2003",2003,226,18.7142857142857,NA,3.41,160.16
"6593",2003-05-15,"2003",2003,227,18.4285714285714,NA,5.84,166
"6594",2003-05-16,"2003",2003,228,18.1428571428571,NA,10.3,176.3
"6595",2003-05-17,"2003",2003,229,17.8571428571429,NA,12.8,189.1
"6596",2003-05-18,"2003",2003,230,17.5714285714286,NA,9.43,198.53
"6597",2003-05-19,"2003",2003,231,17.2857142857143,NA,7.77,206.3
"6598",2003-05-20,"2003",2003,232,17,1.1,7.39,213.69
"6599",2003-05-21,"2003",2003,233,16.8571428571429,NA,14.4,228.09
"6600",2003-05-22,"2003",2003,234,16.7142857142857,NA,19.1,247.19
"6601",2003-05-23,"2003",2003,235,16.5714285714286,NA,23.7,270.89
"6602",2003-05-24,"2003",2003,236,16.4285714285714,NA,24.7,295.59
"6603",2003-05-25,"2003",2003,237,16.2857142857143,NA,27.8,323.39
"6604",2003-05-26,"2003",2003,238,16.1428571428571,NA,31.6,354.99
"6605",2003-05-27,"2003",2003,239,16,NA,28.8,383.79
"6606",2003-05-28,"2003",2003,240,15.8571428571429,NA,27.5,411.29
"6607",2003-05-29,"2003",2003,241,15.7142857142857,NA,29.1,440.39
"6608",2003-05-30,"2003",2003,242,15.5714285714286,NA,34.3,474.69
"6609",2003-05-31,"2003",2003,243,15.4285714285714,NA,33.8,508.49
"6610",2003-06-01,"2003",2003,244,15.2857142857143,NA,31.9,540.39
"6611",2003-06-02,"2003",2003,245,15.1428571428571,NA,34.8,575.19
"6612",2003-06-03,"2003",2003,246,15,4.1,35.4,610.59
"6613",2003-06-04,"2003",2003,247,14.8571428571429,4.31428571428571,29.9,640.49
"6614",2003-06-05,"2003",2003,248,14.7142857142857,4.52857142857143,29.8,670.29
"6615",2003-06-06,"2003",2003,249,14.5714285714286,4.74285714285714,29.9,700.19
"6616",2003-06-07,"2003",2003,250,14.4285714285714,4.95714285714286,29.7,729.89
"6617",2003-06-08,"2003",2003,251,14.2857142857143,5.17142857142857,29.9,759.79
"6618",2003-06-09,"2003",2003,252,14.1428571428571,5.38571428571429,34.3,794.09
"6619",2003-06-10,"2003",2003,253,14,5.6,34.8,828.89
"6620",2003-06-11,"2003",2003,254,14.1428571428571,5.51428571428571,36.3,865.19
"6621",2003-06-12,"2003",2003,255,14.2857142857143,5.42857142857143,36.5,901.69
"6622",2003-06-13,"2003",2003,256,14.4285714285714,5.34285714285714,35.9,937.59
"6623",2003-06-14,"2003",2003,257,14.5714285714286,5.25714285714286,35.7,973.29
"6624",2003-06-15,"2003",2003,258,14.7142857142857,5.17142857142857,37.8,1011.09
"6625",2003-06-16,"2003",2003,259,14.8571428571429,5.08571428571429,26.2,1037.29
"6626",2003-06-17,"2003",2003,260,15,5,27.4,1064.69
"6627",2003-06-18,"2003",2003,261,14.7142857142857,5.2,27.2,1091.89
"6628",2003-06-19,"2003",2003,262,14.4285714285714,5.4,28.8,1120.69
"6629",2003-06-20,"2003",2003,263,14.1428571428571,5.6,31.3,1151.99
"6630",2003-06-21,"2003",2003,264,13.8571428571429,5.8,28.1,1180.09
"6631",2003-06-22,"2003",2003,265,13.5714285714286,6,27.5,1207.59
"6632",2003-06-23,"2003",2003,266,13.2857142857143,6.2,26.2,1233.79
"6633",2003-06-24,"2003",2003,267,13,6.4,26.5,1260.29
"6634",2003-06-25,"2003",2003,268,12.8571428571429,6.85714285714286,21.8,1282.09
"6635",2003-06-26,"2003",2003,269,12.7142857142857,7.31428571428571,21.5,1303.59
"6636",2003-06-27,"2003",2003,270,12.5714285714286,7.77142857142857,24.6,1328.19
"6637",2003-06-28,"2003",2003,271,12.4285714285714,8.22857142857143,26.8,1354.99
"6638",2003-06-29,"2003",2003,272,12.2857142857143,8.68571428571429,26.6,1381.59
"6639",2003-06-30,"2003",2003,273,12.1428571428571,9.14285714285714,26.5,1408.09
"6640",2003-07-01,"2003",2003,274,12,9.6,26.4,1434.49
"6641",2003-07-02,"2003",2003,275,11.8571428571429,9.77142857142857,26.2,1460.69
"6642",2003-07-03,"2003",2003,276,11.7142857142857,9.94285714285714,25.2,1485.89
"6643",2003-07-04,"2003",2003,277,11.5714285714286,10.1142857142857,23.9,1509.79
"6644",2003-07-05,"2003",2003,278,11.4285714285714,10.2857142857143,23.2,1532.99
"6645",2003-07-06,"2003",2003,279,11.2857142857143,10.4571428571429,21.6,1554.59
"6646",2003-07-07,"2003",2003,280,11.1428571428571,10.6285714285714,21.7,1576.29
"6647",2003-07-08,"2003",2003,281,11,10.8,22.2,1598.49
"6648",2003-07-09,"2003",2003,282,10.8571428571429,10.8571428571429,20,1618.49
"6649",2003-07-10,"2003",2003,283,10.7142857142857,10.9142857142857,18.5,1636.99
"6650",2003-07-11,"2003",2003,284,10.5714285714286,10.9714285714286,18.1,1655.09
"6651",2003-07-12,"2003",2003,285,10.4285714285714,11.0285714285714,18,1673.09
"6652",2003-07-13,"2003",2003,286,10.2857142857143,11.0857142857143,17.5,1690.59
"6653",2003-07-14,"2003",2003,287,10.1428571428571,11.1428571428571,17.9,1708.49
"6654",2003-07-15,"2003",2003,288,10,11.2,18.5,1726.99
"6655",2003-07-16,"2003",2003,289,10,NA,19.8,1746.79
"6656",2003-07-17,"2003",2003,290,10,NA,20.6,1767.39
"6657",2003-07-18,"2003",2003,291,10,NA,22.9,1790.29
"6658",2003-07-19,"2003",2003,292,10,NA,27.6,1817.89
"6659",2003-07-20,"2003",2003,293,10,NA,21.3,1839.19
"6660",2003-07-21,"2003",2003,294,10,NA,19,1858.19
"6661",2003-07-22,"2003",2003,295,10,NA,18.9,1877.09
"6662",2003-07-23,"2003",2003,296,10.1428571428571,NA,17.4,1894.49
"6663",2003-07-24,"2003",2003,297,10.2857142857143,NA,18.9,1913.39
"6664",2003-07-25,"2003",2003,298,10.4285714285714,NA,21.9,1935.29
"6665",2003-07-26,"2003",2003,299,10.5714285714286,NA,26.8,1962.09
"6666",2003-07-27,"2003",2003,300,10.7142857142857,NA,20,1982.09
"6667",2003-07-28,"2003",2003,301,10.8571428571429,NA,17.7,1999.79
"6668",2003-07-29,"2003",2003,302,11,8,17.2,2016.99
"6669",2003-07-30,"2003",2003,303,11,8.45714285714286,15.1,2032.09
"6670",2003-07-31,"2003",2003,304,11,8.91428571428571,14,2046.09
"6671",2003-08-01,"2003",2003,305,11,9.37142857142857,14.6,2060.69
"6672",2003-08-02,"2003",2003,306,11,9.82857142857143,14.3,2074.99
"6673",2003-08-03,"2003",2003,307,11,10.2857142857143,15.3,2090.29
"6674",2003-08-04,"2003",2003,308,11,10.7428571428571,15.6,2105.89
"6675",2003-08-05,"2003",2003,309,11,11.2,14.3,2120.19
"6676",2003-08-06,"2003",2003,310,11,11.3428571428571,13.6,2133.79
"6677",2003-08-07,"2003",2003,311,11,11.4857142857143,13.4,2147.19
"6678",2003-08-08,"2003",2003,312,11,11.6285714285714,13.4,2160.59
"6679",2003-08-09,"2003",2003,313,11,11.7714285714286,12.9,2173.49
"6680",2003-08-10,"2003",2003,314,11,11.9142857142857,13.4,2186.89
"6681",2003-08-11,"2003",2003,315,11,12.0571428571429,13.4,2200.29
"6682",2003-08-12,"2003",2003,316,11,12.2,10.2,2210.49
"6683",2003-08-13,"2003",2003,317,11.2857142857143,11.8285714285714,9.53,2220.02
"6684",2003-08-14,"2003",2003,318,11.5714285714286,11.4571428571429,8.46,2228.48
"6685",2003-08-15,"2003",2003,319,11.8571428571429,11.0857142857143,7.38,2235.86
"6686",2003-08-16,"2003",2003,320,12.1428571428571,10.7142857142857,9.27,2245.13
"6687",2003-08-17,"2003",2003,321,12.4285714285714,10.3428571428571,20.3,2265.43
"6688",2003-08-18,"2003",2003,322,12.7142857142857,9.97142857142857,22.3,2287.73
"6689",2003-08-19,"2003",2003,323,13,9.6,16.6,2304.33
"6690",2003-08-20,"2003",2003,324,13,9.74285714285714,14.2,2318.53
"6691",2003-08-21,"2003",2003,325,13,9.88571428571429,13.8,2332.33
"6692",2003-08-22,"2003",2003,326,13,10.0285714285714,14,2346.33
"6693",2003-08-23,"2003",2003,327,13,10.1714285714286,14,2360.33
"6694",2003-08-24,"2003",2003,328,13,10.3142857142857,14,2374.33
"6695",2003-08-25,"2003",2003,329,13,10.4571428571429,12.1,2386.43
"6696",2003-08-26,"2003",2003,330,13,10.6,10.2,2396.63
"6697",2003-08-27,"2003",2003,331,13.1428571428571,10.8428571428571,9.63,2406.26
"6698",2003-08-28,"2003",2003,332,13.2857142857143,11.0857142857143,9.32,2415.58
"6699",2003-08-29,"2003",2003,333,13.4285714285714,11.3285714285714,9.58,2425.16
"6700",2003-08-30,"2003",2003,334,13.5714285714286,11.5714285714286,9.85,2435.01
"6701",2003-08-31,"2003",2003,335,13.7142857142857,11.8142857142857,8.96,2443.97
"6702",2003-09-01,"2003",2003,336,13.8571428571429,12.0571428571429,8.31,2452.28
"6703",2003-09-02,"2003",2003,337,14,12.3,8.06,2460.34
"6704",2003-09-03,"2003",2003,338,14.1428571428571,11.8142857142857,7.72,2468.06
"6705",2003-09-04,"2003",2003,339,14.2857142857143,11.3285714285714,7.38,2475.44
"6706",2003-09-05,"2003",2003,340,14.4285714285714,10.8428571428571,7.01,2482.45
"6707",2003-09-06,"2003",2003,341,14.5714285714286,10.3571428571429,7.05,2489.5
"6708",2003-09-07,"2003",2003,342,14.7142857142857,9.87142857142857,7.91,2497.41
"6709",2003-09-08,"2003",2003,343,14.8571428571429,9.38571428571429,9.32,2506.73
"6710",2003-09-09,"2003",2003,344,15,8.9,9.74,2516.47
"6711",2003-09-10,"2003",2003,345,15.2857142857143,8.5,8.96,2525.43
"6712",2003-09-11,"2003",2003,346,15.5714285714286,8.1,7.53,2532.96
"6713",2003-09-12,"2003",2003,347,15.8571428571429,7.7,7.1,2540.06
"6714",2003-09-13,"2003",2003,348,16.1428571428571,7.3,6.82,2546.88
"6715",2003-09-14,"2003",2003,349,16.4285714285714,6.9,6.36,2553.24
"6716",2003-09-15,"2003",2003,350,16.7142857142857,6.5,6.41,2559.65
"6717",2003-09-16,"2003",2003,351,17,6.1,6.28,2565.93
"6718",2003-09-17,"2003",2003,352,17.1428571428571,6.28571428571429,6.36,2572.29
"6719",2003-09-18,"2003",2003,353,17.2857142857143,6.47142857142857,6.18,2578.47
"6720",2003-09-19,"2003",2003,354,17.4285714285714,6.65714285714286,6.01,2584.48
"6721",2003-09-20,"2003",2003,355,17.5714285714286,6.84285714285714,5.75,2590.23
"6722",2003-09-21,"2003",2003,356,17.7142857142857,7.02857142857143,5.53,2595.76
"6723",2003-09-22,"2003",2003,357,17.8571428571429,7.21428571428571,4.42,2600.18
"6724",2003-09-23,"2003",2003,358,18,7.4,3.3,2603.48
"6725",2003-09-24,"2003",2003,359,18,7.61428571428571,3.09,2606.57
"6726",2003-09-25,"2003",2003,360,18,7.82857142857143,2.85,2609.42
"6727",2003-09-26,"2003",2003,361,18,8.04285714285714,2.78,2612.2
"6728",2003-09-27,"2003",2003,362,18,8.25714285714286,2.78,2614.98
"6729",2003-09-28,"2003",2003,363,18,8.47142857142857,2.78,2617.76
"6730",2003-09-29,"2003",2003,364,18,8.68571428571429,2.65,2620.41
"6731",2003-09-30,"2003",2003,365,18,8.9,2.49,2622.9
"6732",2003-10-07,"2003",2004,7,18.125,4,2.24,16.76
"6733",2003-10-08,"2003",2004,8,18.25,3.58333333333333,2.12,18.88
"6734",2003-10-09,"2003",2004,9,18.375,3.16666666666667,2.15,21.03
"6735",2003-10-10,"2003",2004,10,18.5,2.75,2.21,23.24
"6736",2003-10-11,"2003",2004,11,18.625,2.33333333333333,1.97,25.21
"6737",2003-10-12,"2003",2004,12,18.75,1.91666666666667,1.94,27.15
"6738",2003-10-13,"2003",2004,13,18.875,1.5,1.77,28.92
"6739",2003-10-14,"2003",2004,14,19,1.3,2.03,30.95
"6740",2003-10-15,"2003",2004,15,NA,1.61428571428571,2.27,33.22
"6741",2003-10-16,"2003",2004,16,NA,1.92857142857143,2.09,35.31
"6742",2003-10-17,"2003",2004,17,NA,2.24285714285714,2.03,37.34
"6743",2003-10-18,"2003",2004,18,NA,2.55714285714286,2.03,39.37
"6744",2003-10-19,"2003",2004,19,NA,2.87142857142857,2.03,41.4
"6745",2003-10-20,"2003",2004,20,NA,3.18571428571429,1.97,43.37
"6746",2003-10-21,"2003",2004,21,NA,3.5,1.91,45.28
"6747",2003-10-22,"2003",2004,22,NA,3.11428571428571,1.85,47.13
"6748",2003-10-23,"2003",2004,23,NA,2.72857142857143,1.79,48.92
"6749",2003-10-24,"2003",2004,24,NA,2.34285714285714,1.74,50.66
"6750",2003-10-25,"2003",2004,25,NA,1.95714285714286,1.68,52.34
"6751",2003-10-26,"2003",2004,26,NA,1.57142857142857,1.49,53.83
"6752",2003-10-27,"2003",2004,27,NA,1.18571428571429,1.07,54.9
"6753",2003-10-28,"2003",2004,28,20,0.8,1.07,55.97
"6754",2003-10-29,"2003",2004,29,20,0.685714285714286,1.07,57.04
"6755",2003-10-30,"2003",2004,30,20,0.571428571428572,1.07,58.11
"6756",2003-10-31,"2003",2004,31,20,0.457142857142857,1.07,59.18
"6757",2003-11-01,"2003",2004,32,20,0.342857142857143,1.07,60.25
"6758",2003-11-02,"2003",2004,33,20,0.228571428571429,1.07,61.32
"6759",2003-11-03,"2003",2004,34,20,0.114285714285714,1.07,62.39
"6760",2003-11-04,"2003",2004,35,20,0,1.07,63.46
"6761",2003-11-05,"2003",2004,36,20.1428571428571,0.157142857142857,1.07,64.53
"6762",2003-11-06,"2003",2004,37,20.2857142857143,0.314285714285714,1.07,65.6
"6763",2003-11-07,"2003",2004,38,20.4285714285714,0.471428571428571,1.07,66.67
"6764",2003-11-08,"2003",2004,39,20.5714285714286,0.628571428571429,1.07,67.74
"6765",2003-11-09,"2003",2004,40,20.7142857142857,0.785714285714286,1.07,68.81
"6766",2003-11-10,"2003",2004,41,20.8571428571429,0.942857142857143,1.07,69.88
"6767",2003-11-11,"2003",2004,42,21,1.1,1.07,70.95
"6768",2003-11-12,"2003",2004,43,21.1428571428571,1.04285714285714,1.07,72.02
"6769",2003-11-13,"2003",2004,44,21.2857142857143,0.985714285714286,1.07,73.09
"6770",2003-11-14,"2003",2004,45,21.4285714285714,0.928571428571429,1.07,74.1599999999999
"6771",2003-11-15,"2003",2004,46,21.5714285714286,0.871428571428571,1.07,75.2299999999999
"6772",2003-11-16,"2003",2004,47,21.7142857142857,0.814285714285714,1.07,76.2999999999999
"6773",2003-11-17,"2003",2004,48,21.8571428571429,0.757142857142857,1.07,77.3699999999999
"6774",2003-11-18,"2003",2004,49,22,0.7,1.07,78.4399999999999
"6775",2003-11-19,"2003",2004,50,22.2857142857143,0.757142857142857,1.07,79.5099999999999
"6776",2003-11-20,"2003",2004,51,22.5714285714286,0.814285714285714,1.07,80.5799999999999
"6777",2003-11-21,"2003",2004,52,22.8571428571429,0.871428571428571,1.07,81.6499999999999
"6778",2003-11-22,"2003",2004,53,23.1428571428571,0.928571428571429,1.07,82.7199999999999
"6779",2003-11-23,"2003",2004,54,23.4285714285714,0.985714285714286,1.07,83.7899999999999
"6780",2003-11-24,"2003",2004,55,23.7142857142857,1.04285714285714,1.07,84.8599999999999
"6781",2003-11-25,"2003",2004,56,24,1.1,1.07,85.9299999999999
"6782",2003-11-26,"2003",2004,57,24.1428571428571,1.1,1.07,86.9999999999999
"6783",2003-11-27,"2003",2004,58,24.2857142857143,1.1,1.07,88.0699999999999
"6784",2003-11-28,"2003",2004,59,24.4285714285714,1.1,1.07,89.1399999999998
"6785",2003-11-29,"2003",2004,60,24.5714285714286,1.1,1.07,90.2099999999998
"6786",2003-11-30,"2003",2004,61,24.7142857142857,1.1,0.36,90.5699999999998
"6787",2003-12-01,"2003",2004,62,24.8571428571429,1.1,0.36,90.9299999999998
"6788",2003-12-02,"2003",2004,63,25,1.1,0.36,91.2899999999998
"6789",2003-12-03,"2003",2004,64,25.1428571428571,1.08571428571429,0.36,91.6499999999998
"6790",2003-12-04,"2003",2004,65,25.2857142857143,1.07142857142857,0.36,92.0099999999998
"6791",2003-12-05,"2003",2004,66,25.4285714285714,1.05714285714286,0.36,92.3699999999998
"6792",2003-12-06,"2003",2004,67,25.5714285714286,1.04285714285714,0.36,92.7299999999998
"6793",2003-12-07,"2003",2004,68,25.7142857142857,1.02857142857143,0.36,93.0899999999998
"6794",2003-12-08,"2003",2004,69,25.8571428571429,1.01428571428571,0.36,93.4499999999998
"6795",2003-12-09,"2003",2004,70,26,1,0.36,93.8099999999998
"6796",2003-12-10,"2003",2004,71,25.8571428571429,0.985714285714286,0.36,94.1699999999998
"6797",2003-12-11,"2003",2004,72,25.7142857142857,0.971428571428571,0.36,94.5299999999998
"6798",2003-12-12,"2003",2004,73,25.5714285714286,0.957142857142857,0.36,94.8899999999998
"6799",2003-12-13,"2003",2004,74,25.4285714285714,0.942857142857143,0.36,95.2499999999998
"6800",2003-12-14,"2003",2004,75,25.2857142857143,0.928571428571429,0.36,95.6099999999998
"6801",2003-12-15,"2003",2004,76,25.1428571428571,0.914285714285714,0.36,95.9699999999998
"6802",2003-12-16,"2003",2004,77,25,0.9,0.36,96.3299999999998
"6803",2003-12-17,"2003",2004,78,25.2857142857143,0.885714285714286,0.36,96.6899999999998
"6804",2003-12-18,"2003",2004,79,25.5714285714286,0.871428571428571,0.36,97.0499999999998
"6805",2003-12-19,"2003",2004,80,25.8571428571429,0.857142857142857,0.36,97.4099999999998
"6806",2003-12-20,"2003",2004,81,26.1428571428571,0.842857142857143,0.36,97.7699999999998
"6807",2003-12-21,"2003",2004,82,26.4285714285714,0.828571428571429,0.36,98.1299999999998
"6808",2003-12-22,"2003",2004,83,26.7142857142857,0.814285714285714,0.36,98.4899999999998
"6809",2003-12-23,"2003",2004,84,27,0.8,0.36,98.8499999999998
"6810",2003-12-24,"2003",2004,85,27.2857142857143,0.8,0.36,99.2099999999998
"6811",2003-12-25,"2003",2004,86,27.5714285714286,0.8,0.36,99.5699999999998
"6812",2003-12-26,"2003",2004,87,27.8571428571429,0.8,0.36,99.9299999999998
"6813",2003-12-27,"2003",2004,88,28.1428571428571,0.8,0.36,100.29
"6814",2003-12-28,"2003",2004,89,28.4285714285714,0.8,0.36,100.65
"6815",2003-12-29,"2003",2004,90,28.7142857142857,0.8,0.36,101.01
"6816",2003-12-30,"2003",2004,91,29,0.8,0.36,101.37
"6817",2003-12-31,"2003",2004,92,28.5714285714286,0.771428571428571,0.01,101.38
"6818",2004-01-01,"2004",2004,93,28.1428571428571,0.742857142857143,0.01,101.39
"6819",2004-01-02,"2004",2004,94,27.7142857142857,0.714285714285714,0.01,101.4
"6820",2004-01-03,"2004",2004,95,27.2857142857143,0.685714285714286,0.01,101.41
"6821",2004-01-04,"2004",2004,96,26.8571428571429,0.657142857142857,0.01,101.42
"6822",2004-01-05,"2004",2004,97,26.4285714285714,0.628571428571429,0.01,101.43
"6823",2004-01-06,"2004",2004,98,26,0.6,0.01,101.44
"6824",2004-01-07,"2004",2004,99,26.2857142857143,0.55,0.01,101.45
"6825",2004-01-08,"2004",2004,100,26.5714285714286,0.5,0.01,101.46
"6826",2004-01-09,"2004",2004,101,26.8571428571429,0.5,0.01,101.47
"6827",2004-01-10,"2004",2004,102,27.1428571428571,0.5,0.01,101.48
"6828",2004-01-11,"2004",2004,103,27.4285714285714,0.5,0.01,101.49
"6829",2004-01-12,"2004",2004,104,27.7142857142857,0.5,0.01,101.5
"6830",2004-01-13,"2004",2004,105,28,0.5,0.01,101.51
"6831",2004-01-14,"2004",2004,106,27.8571428571429,NA,0.01,101.52
"6832",2004-01-15,"2004",2004,107,27.7142857142857,NA,0.01,101.53
"6833",2004-01-16,"2004",2004,108,27.5714285714286,NA,0.01,101.54
"6834",2004-01-17,"2004",2004,109,27.4285714285714,NA,0.01,101.55
"6835",2004-01-18,"2004",2004,110,27.2857142857143,NA,0.01,101.56
"6836",2004-01-19,"2004",2004,111,27.1428571428571,NA,0.01,101.57
"6837",2004-01-20,"2004",2004,112,27,NA,0.01,101.58
"6838",2004-01-21,"2004",2004,113,27.1428571428571,NA,0.01,101.59
"6839",2004-01-22,"2004",2004,114,27.2857142857143,NA,0.01,101.6
"6840",2004-01-23,"2004",2004,115,27.4285714285714,NA,0.01,101.61
"6841",2004-01-24,"2004",2004,116,27.5714285714286,NA,0.01,101.62
"6842",2004-01-25,"2004",2004,117,27.7142857142857,NA,0.01,101.63
"6843",2004-01-26,"2004",2004,118,27.8571428571429,NA,0.01,101.64
"6844",2004-01-27,"2004",2004,119,28,0.1,0.01,101.65
"6845",2004-01-28,"2004",2004,120,27.7142857142857,0.157142857142857,0.01,101.66
"6846",2004-01-29,"2004",2004,121,27.4285714285714,0.214285714285714,0.01,101.67
"6847",2004-01-30,"2004",2004,122,27.1428571428571,0.271428571428571,0.01,101.68
"6848",2004-01-31,"2004",2004,123,26.8571428571429,0.328571428571429,0.01,101.69
"6849",2004-02-01,"2004",2004,124,26.5714285714286,0.385714285714286,0.01,101.7
"6850",2004-02-02,"2004",2004,125,26.2857142857143,0.442857142857143,0.01,101.71
"6851",2004-02-03,"2004",2004,126,26,0.5,0.01,101.72
"6852",2004-02-04,"2004",2004,127,26.4285714285714,0.5,0.01,101.73
"6853",2004-02-05,"2004",2004,128,26.8571428571429,0.5,0.01,101.74
"6854",2004-02-06,"2004",2004,129,27.2857142857143,0.5,0.01,101.75
"6855",2004-02-07,"2004",2004,130,27.7142857142857,0.5,0.01,101.76
"6856",2004-02-08,"2004",2004,131,28.1428571428571,0.5,0.01,101.77
"6857",2004-02-09,"2004",2004,132,28.5714285714286,0.5,0.01,101.78
"6858",2004-02-10,"2004",2004,133,29,0.5,0.01,101.79
"6859",2004-02-11,"2004",2004,134,28.8571428571429,0.5,0.01,101.8
"6860",2004-02-12,"2004",2004,135,28.7142857142857,0.5,0.01,101.81
"6861",2004-02-13,"2004",2004,136,28.5714285714286,0.5,0.01,101.82
"6862",2004-02-14,"2004",2004,137,28.4285714285714,0.5,0.01,101.83
"6863",2004-02-15,"2004",2004,138,28.2857142857143,0.5,0.01,101.84
"6864",2004-02-16,"2004",2004,139,28.1428571428571,0.5,0.01,101.85
"6865",2004-02-17,"2004",2004,140,28,0.5,0.01,101.86
"6866",2004-02-18,"2004",2004,141,27.4285714285714,0.5,0.01,101.87
"6867",2004-02-19,"2004",2004,142,26.8571428571429,0.5,0.01,101.88
"6868",2004-02-20,"2004",2004,143,26.2857142857143,0.5,0.01,101.89
"6869",2004-02-21,"2004",2004,144,25.7142857142857,0.5,0.01,101.9
"6870",2004-02-22,"2004",2004,145,25.1428571428571,0.5,0.01,101.91
"6871",2004-02-23,"2004",2004,146,24.5714285714286,0.5,0.01,101.92
"6872",2004-02-24,"2004",2004,147,24,0.5,0.01,101.93
"6873",2004-02-25,"2004",2004,148,24.1428571428571,0.5,0.01,101.94
"6874",2004-02-26,"2004",2004,149,24.2857142857143,0.5,0.01,101.95
"6875",2004-02-27,"2004",2004,150,24.4285714285714,0.5,0.01,101.96
"6876",2004-02-28,"2004",2004,151,24.5714285714286,0.5,0.01,101.97
"6877",2004-02-29,"2004",2004,152,24.7142857142857,0.5,0.36,102.33
"6878",2004-03-01,"2004",2004,153,24.8571428571429,0.5,0.36,102.69
"6879",2004-03-02,"2004",2004,154,25,0.5,0.36,103.05
"6880",2004-03-03,"2004",2004,155,25,0.5,0.36,103.41
"6881",2004-03-04,"2004",2004,156,25,0.516666666666667,0.36,103.77
"6882",2004-03-05,"2004",2004,157,25,0.533333333333333,0.36,104.13
"6883",2004-03-06,"2004",2004,158,25,0.55,0.36,104.49
"6884",2004-03-07,"2004",2004,159,25,0.566666666666667,0.36,104.85
"6885",2004-03-08,"2004",2004,160,25,0.583333333333333,0.36,105.21
"6886",2004-03-09,"2004",2004,161,25,0.6,0.36,105.57
"6887",2004-03-10,"2004",2004,162,24.1428571428571,0.614285714285714,0.36,105.93
"6888",2004-03-11,"2004",2004,163,23.2857142857143,0.628571428571429,0.36,106.29
"6889",2004-03-12,"2004",2004,164,22.4285714285714,0.642857142857143,0.36,106.65
"6890",2004-03-13,"2004",2004,165,21.5714285714286,0.657142857142857,0.36,107.01
"6891",2004-03-14,"2004",2004,166,20.7142857142857,0.671428571428571,0.36,107.37
"6892",2004-03-15,"2004",2004,167,19.8571428571429,0.685714285714286,0.36,107.73
"6893",2004-03-16,"2004",2004,168,19,0.7,0.36,108.09
"6894",2004-03-17,"2004",2004,169,18.8571428571429,0.857142857142857,0.36,108.45
"6895",2004-03-18,"2004",2004,170,18.7142857142857,1.01428571428571,0.36,108.81
"6896",2004-03-19,"2004",2004,171,18.5714285714286,1.17142857142857,0.36,109.17
"6897",2004-03-20,"2004",2004,172,18.4285714285714,1.32857142857143,0.36,109.53
"6898",2004-03-21,"2004",2004,173,18.2857142857143,1.48571428571429,0.36,109.89
"6899",2004-03-22,"2004",2004,174,18.1428571428571,1.64285714285714,0.36,110.25
"6900",2004-03-23,"2004",2004,175,18,1.8,0.36,110.61
"6901",2004-03-24,"2004",2004,176,17.8571428571429,1.9,0.36,110.97
"6902",2004-03-25,"2004",2004,177,17.7142857142857,2,0.36,111.33
"6903",2004-03-26,"2004",2004,178,17.5714285714286,2.1,0.36,111.69
"6904",2004-03-27,"2004",2004,179,17.4285714285714,2.2,0.36,112.05
"6905",2004-03-28,"2004",2004,180,17.2857142857143,2.3,0.36,112.41
"6906",2004-03-29,"2004",2004,181,17.1428571428571,2.4,0.36,112.77
"6907",2004-03-30,"2004",2004,182,17,2.5,0.36,113.13
"6908",2004-03-31,"2004",2004,183,NA,2.25714285714286,0.36,113.49
"6909",2004-04-01,"2004",2004,184,NA,2.01428571428571,0.89,114.38
"6910",2004-04-02,"2004",2004,185,NA,1.77142857142857,1.01,115.39
"6911",2004-04-03,"2004",2004,186,NA,1.52857142857143,1.02,116.41
"6912",2004-04-04,"2004",2004,187,NA,1.28571428571429,1.26,117.67
"6913",2004-04-05,"2004",2004,188,NA,1.04285714285714,1.31,118.98
"6914",2004-04-06,"2004",2004,189,NA,0.8,1.26,120.24
"6915",2004-04-07,"2004",2004,190,NA,1.02857142857143,1.19,121.43
"6916",2004-04-08,"2004",2004,191,NA,1.25714285714286,1.29,122.72
"6917",2004-04-09,"2004",2004,192,NA,1.48571428571429,1.31,124.03
"6918",2004-04-10,"2004",2004,193,NA,1.71428571428571,1.17,125.2
"6919",2004-04-11,"2004",2004,194,NA,1.94285714285714,1.07,126.27
"6920",2004-04-12,"2004",2004,195,NA,2.17142857142857,0.98,127.25
"6921",2004-04-13,"2004",2004,196,19,2.4,1.02,128.27
"6922",2004-04-14,"2004",2004,197,18.8571428571429,2.27142857142857,1.05,129.32
"6923",2004-04-15,"2004",2004,198,18.7142857142857,2.14285714285714,1.12,130.44
"6924",2004-04-16,"2004",2004,199,18.5714285714286,2.01428571428571,1.44,131.88
"6925",2004-04-17,"2004",2004,200,18.4285714285714,1.88571428571429,1.81,133.69
"6926",2004-04-18,"2004",2004,201,18.2857142857143,1.75714285714286,1.68,135.37
"6927",2004-04-19,"2004",2004,202,18.1428571428571,1.62857142857143,1.42,136.79
"6928",2004-04-20,"2004",2004,203,18,1.5,1.44,138.23
"6929",2004-04-21,"2004",2004,204,18.1428571428571,1.7,1.48,139.71
"6930",2004-04-22,"2004",2004,205,18.2857142857143,1.9,1.31,141.02
"6931",2004-04-23,"2004",2004,206,18.4285714285714,2.1,1.12,142.14
"6932",2004-04-24,"2004",2004,207,18.5714285714286,2.3,1.07,143.21
"6933",2004-04-25,"2004",2004,208,18.7142857142857,2.5,1.07,144.28
"6934",2004-04-26,"2004",2004,209,18.8571428571429,2.7,1.24,145.52
"6935",2004-04-27,"2004",2004,210,19,2.9,1.66,147.18
"6936",2004-04-28,"2004",2004,211,18.8571428571429,1.95,1.77,148.95
"6937",2004-04-29,"2004",2004,212,18.7142857142857,1,1.7,150.65
"6938",2004-04-30,"2004",2004,213,18.5714285714286,1.22,1.51,152.16
"6939",2004-05-01,"2004",2004,214,18.4285714285714,1.44,1.48,153.64
"6940",2004-05-02,"2004",2004,215,18.2857142857143,1.66,2.72,156.36
"6941",2004-05-03,"2004",2004,216,18.1428571428571,1.88,4.58,160.94
"6942",2004-05-04,"2004",2004,217,18,2.1,7.77,168.71
"6943",2004-05-05,"2004",2004,218,NA,2.5,11.4,180.11
"6944",2004-05-06,"2004",2004,219,NA,2.41666666666667,12.3,192.41
"6945",2004-05-07,"2004",2004,220,NA,2.33333333333333,12.5,204.91
"6946",2004-05-08,"2004",2004,221,NA,2.25,15.6,220.51
"6947",2004-05-09,"2004",2004,222,NA,2.16666666666667,17,237.51
"6948",2004-05-10,"2004",2004,223,NA,2.08333333333333,17,254.51
"6949",2004-05-11,"2004",2004,224,NA,2,13.3,267.81
"6950",2004-05-12,"2004",2004,225,NA,2.38571428571429,11.2,279.01
"6951",2004-05-13,"2004",2004,226,NA,2.77142857142857,8.34,287.35
"6952",2004-05-14,"2004",2004,227,NA,3.15714285714286,5.78,293.13
"6953",2004-05-15,"2004",2004,228,NA,3.54285714285714,5.24,298.37
"6954",2004-05-16,"2004",2004,229,NA,3.92857142857143,5.38,303.75
"6955",2004-05-17,"2004",2004,230,NA,4.31428571428571,7.21,310.96
"6956",2004-05-18,"2004",2004,231,18,4.7,13.5,324.46
"6957",2004-05-19,"2004",2004,232,NA,4.6,16.2,340.66
"6958",2004-05-20,"2004",2004,233,NA,4.5,16.4,357.06
"6959",2004-05-21,"2004",2004,234,NA,4.4,15.2,372.26
"6960",2004-05-22,"2004",2004,235,NA,4.3,11.8,384.06
"6961",2004-05-23,"2004",2004,236,NA,4.2,11,395.06
"6962",2004-05-24,"2004",2004,237,NA,4.1,9.56,404.62
"6963",2004-05-25,"2004",2004,238,NA,4,8.33,412.95
"6964",2004-05-26,"2004",2004,239,NA,3.78571428571429,9.84,422.79
"6965",2004-05-27,"2004",2004,240,NA,3.57142857142857,14.8,437.59
"6966",2004-05-28,"2004",2004,241,NA,3.35714285714286,14.9,452.49
"6967",2004-05-29,"2004",2004,242,NA,3.14285714285714,10.4,462.89
"6968",2004-05-30,"2004",2004,243,NA,2.92857142857143,8.13,471.02
"6969",2004-05-31,"2004",2004,244,NA,2.71428571428571,6.91,477.93
"6970",2004-06-01,"2004",2004,245,NA,2.5,8.01,485.94
"6971",2004-06-02,"2004",2004,246,NA,2.78571428571429,13.3,499.24
"6972",2004-06-03,"2004",2004,247,NA,3.07142857142857,16.6,515.84
"6973",2004-06-04,"2004",2004,248,NA,3.35714285714286,18.7,534.54
"6974",2004-06-05,"2004",2004,249,NA,3.64285714285714,21.4,555.94
"6975",2004-06-06,"2004",2004,250,NA,3.92857142857143,25.3,581.24
"6976",2004-06-07,"2004",2004,251,NA,4.21428571428571,24.4,605.64
"6977",2004-06-08,"2004",2004,252,NA,4.5,26.1,631.74
"6978",2004-06-09,"2004",2004,253,NA,5.07142857142857,26.6,658.34
"6979",2004-06-10,"2004",2004,254,NA,5.64285714285714,20.2,678.54
"6980",2004-06-11,"2004",2004,255,NA,6.21428571428571,17.3,695.84
"6981",2004-06-12,"2004",2004,256,NA,6.78571428571429,16.1,711.94
"6982",2004-06-13,"2004",2004,257,NA,7.35714285714286,16.9,728.84
"6983",2004-06-14,"2004",2004,258,NA,7.92857142857143,20.2,749.04
"6984",2004-06-15,"2004",2004,259,NA,8.5,22.2,771.24
"6985",2004-06-16,"2004",2004,260,NA,8.1,29.6,800.84
"6986",2004-06-17,"2004",2004,261,NA,7.7,38.3,839.14
"6987",2004-06-18,"2004",2004,262,NA,7.3,35.5,874.64
"6988",2004-06-19,"2004",2004,263,NA,6.9,28.4,903.04
"6989",2004-06-20,"2004",2004,264,NA,6.5,23.6,926.64
"6990",2004-06-21,"2004",2004,265,NA,6.1,21.4,948.04
"6991",2004-06-22,"2004",2004,266,16,5.7,17.4,965.44
"6992",2004-06-23,"2004",2004,267,NA,6.5,17.4,982.84
"6993",2004-06-24,"2004",2004,268,NA,6.66666666666667,18.5,1001.34
"6994",2004-06-25,"2004",2004,269,NA,6.83333333333333,21.2,1022.54
"6995",2004-06-26,"2004",2004,270,NA,7,21.3,1043.84
"6996",2004-06-27,"2004",2004,271,NA,7.16666666666667,20.7,1064.54
"6997",2004-06-28,"2004",2004,272,NA,7.33333333333333,21.8,1086.34
"6998",2004-06-29,"2004",2004,273,NA,7.5,32,1118.34
"6999",2004-06-30,"2004",2004,274,NA,7.57142857142857,31.9,1150.24
"7000",2004-07-01,"2004",2004,275,NA,7.64285714285714,24.4,1174.64
"7001",2004-07-02,"2004",2004,276,NA,7.71428571428571,21,1195.64
"7002",2004-07-03,"2004",2004,277,NA,7.78571428571429,18.3,1213.94
"7003",2004-07-04,"2004",2004,278,NA,7.85714285714286,16.8,1230.74
"7004",2004-07-05,"2004",2004,279,NA,7.92857142857143,16.3,1247.04
"7005",2004-07-06,"2004",2004,280,NA,8,15.7,1262.74
"7006",2004-07-07,"2004",2004,281,NA,8.5,15.5,1278.24
"7007",2004-07-08,"2004",2004,282,NA,9,15.9,1294.14
"7008",2004-07-09,"2004",2004,283,NA,9.5,15.7,1309.84
"7009",2004-07-10,"2004",2004,284,NA,10,15.5,1325.34
"7010",2004-07-11,"2004",2004,285,NA,10.5,15.3,1340.64
"7011",2004-07-12,"2004",2004,286,NA,11,16.6,1357.24
"7012",2004-07-13,"2004",2004,287,NA,11.5,18.2,1375.44
"7013",2004-07-14,"2004",2004,288,NA,11.1428571428571,19.4,1394.84
"7014",2004-07-15,"2004",2004,289,NA,10.7857142857143,21.1,1415.94
"7015",2004-07-16,"2004",2004,290,NA,10.4285714285714,30,1445.94
"7016",2004-07-17,"2004",2004,291,NA,10.0714285714286,34.7,1480.64
"7017",2004-07-18,"2004",2004,292,NA,9.71428571428571,33.2,1513.84
"7018",2004-07-19,"2004",2004,293,NA,9.35714285714286,25.6,1539.44
"7019",2004-07-20,"2004",2004,294,NA,9,23.9,1563.34
"7020",2004-07-21,"2004",2004,295,NA,8.85714285714286,20.6,1583.94
"7021",2004-07-22,"2004",2004,296,NA,8.71428571428571,19.2,1603.14
"7022",2004-07-23,"2004",2004,297,NA,8.57142857142857,19.7,1622.84
"7023",2004-07-24,"2004",2004,298,NA,8.42857142857143,17.6,1640.44
"7024",2004-07-25,"2004",2004,299,NA,8.28571428571429,15.8,1656.24
"7025",2004-07-26,"2004",2004,300,NA,8.14285714285714,14.4,1670.64
"7026",2004-07-27,"2004",2004,301,NA,8,13.6,1684.24
"7027",2004-07-28,"2004",2004,302,NA,8.14285714285714,13.7,1697.94
"7028",2004-07-29,"2004",2004,303,NA,8.28571428571429,13.2,1711.14
"7029",2004-07-30,"2004",2004,304,NA,8.42857142857143,12.5,1723.64
"7030",2004-07-31,"2004",2004,305,NA,8.57142857142857,11.7,1735.34
"7031",2004-08-01,"2004",2004,306,NA,8.71428571428571,11.8,1747.14
"7032",2004-08-02,"2004",2004,307,NA,8.85714285714286,12.6,1759.74
"7033",2004-08-03,"2004",2004,308,NA,9,12.5,1772.24
"7034",2004-08-04,"2004",2004,309,NA,9.42857142857143,11.8,1784.04
"7035",2004-08-05,"2004",2004,310,NA,9.85714285714286,11.3,1795.34
"7036",2004-08-06,"2004",2004,311,NA,10.2857142857143,11.1,1806.44
"7037",2004-08-07,"2004",2004,312,NA,10.7142857142857,10.3,1816.74
"7038",2004-08-08,"2004",2004,313,NA,11.1428571428571,9.58,1826.32
"7039",2004-08-09,"2004",2004,314,NA,11.5714285714286,9.01,1835.33
"7040",2004-08-10,"2004",2004,315,NA,12,8.66,1843.99
"7041",2004-08-11,"2004",2004,316,NA,12.2714285714286,8.36,1852.35
"7042",2004-08-12,"2004",2004,317,NA,12.5428571428571,7.86,1860.21
"7043",2004-08-13,"2004",2004,318,NA,12.8142857142857,7.5,1867.71
"7044",2004-08-14,"2004",2004,319,NA,13.0857142857143,7.26,1874.97
"7045",2004-08-15,"2004",2004,320,NA,13.3571428571429,7.17,1882.14
"7046",2004-08-16,"2004",2004,321,NA,13.6285714285714,6.71,1888.85
"7047",2004-08-17,"2004",2004,322,13,13.9,7.84,1896.69
"7048",2004-08-18,"2004",2004,323,NA,12.8428571428571,10.6,1907.29
"7049",2004-08-19,"2004",2004,324,NA,11.7857142857143,13.7,1920.99
"7050",2004-08-20,"2004",2004,325,NA,10.7285714285714,14.5,1935.49
"7051",2004-08-21,"2004",2004,326,NA,9.67142857142857,13.2,1948.69
"7052",2004-08-22,"2004",2004,327,NA,8.61428571428571,11.4,1960.09
"7053",2004-08-23,"2004",2004,328,NA,7.55714285714286,9.85,1969.94
"7054",2004-08-24,"2004",2004,329,NA,6.5,8.51,1978.45
"7055",2004-08-25,"2004",2004,330,NA,6.85714285714286,7.91,1986.36
"7056",2004-08-26,"2004",2004,331,NA,7.21428571428571,8.46,1994.82
"7057",2004-08-27,"2004",2004,332,NA,7.57142857142857,8.18,2003
"7058",2004-08-28,"2004",2004,333,NA,7.92857142857143,7.43,2010.43
"7059",2004-08-29,"2004",2004,334,NA,8.28571428571429,6.96,2017.39
"7060",2004-08-30,"2004",2004,335,NA,8.64285714285714,6.23,2023.62
"7061",2004-08-31,"2004",2004,336,NA,9,5.96,2029.58
"7062",2004-09-01,"2004",2004,337,NA,8.57142857142857,5.86,2035.44
"7063",2004-09-02,"2004",2004,338,NA,8.14285714285714,5.68,2041.12
"7064",2004-09-03,"2004",2004,339,NA,7.71428571428571,5.99,2047.11
"7065",2004-09-04,"2004",2004,340,NA,7.28571428571429,6.28,2053.39
"7066",2004-09-05,"2004",2004,341,NA,6.85714285714286,5.96,2059.35
"7067",2004-09-06,"2004",2004,342,NA,6.42857142857143,5.42,2064.77
"7068",2004-09-07,"2004",2004,343,NA,6,5.05,2069.82
"7069",2004-09-08,"2004",2004,344,NA,8,4.9,2074.72
"7070",2004-09-09,"2004",2004,345,NA,10,4.97,2079.69
"7071",2004-09-10,"2004",2004,346,NA,9.8,5.11,2084.8
"7072",2004-09-11,"2004",2004,347,NA,9.6,5.07,2089.87
"7073",2004-09-12,"2004",2004,348,NA,9.4,5.15,2095.02
"7074",2004-09-13,"2004",2004,349,NA,9.2,5.53,2100.55
"7075",2004-09-14,"2004",2004,350,NA,9,5.23,2105.78
"7076",2004-09-15,"2004",2004,351,NA,8.42857142857143,4.82,2110.6
"7077",2004-09-16,"2004",2004,352,NA,7.85714285714286,4.56,2115.16
"7078",2004-09-17,"2004",2004,353,NA,7.28571428571429,4.42,2119.58
"7079",2004-09-18,"2004",2004,354,NA,6.71428571428571,4.46,2124.04
"7080",2004-09-19,"2004",2004,355,NA,6.14285714285714,5.05,2129.09
"7081",2004-09-20,"2004",2004,356,NA,5.57142857142857,6.14,2135.23
"7082",2004-09-21,"2004",2004,357,NA,5,6.39,2141.62
"7083",2004-09-22,"2004",2004,358,NA,5.08571428571429,6.01,2147.63
"7084",2004-09-23,"2004",2004,359,NA,5.17142857142857,5.77,2153.4
"7085",2004-09-24,"2004",2004,360,NA,5.25714285714286,5.92,2159.32
"7086",2004-09-25,"2004",2004,361,NA,5.34285714285714,5.94,2165.26
"7087",2004-09-26,"2004",2004,362,NA,5.42857142857143,5.79,2171.05
"7088",2004-09-27,"2004",2004,363,NA,5.51428571428571,5.62,2176.67
"7089",2004-09-28,"2004",2004,364,NA,5.6,5.64,2182.31
"7090",2004-10-05,"2004",2005,5,NA,4,6.68,32.36
"7091",2004-10-06,"2004",2005,6,NA,4.07142857142857,6.91,39.27
"7092",2004-10-07,"2004",2005,7,NA,4.14285714285714,6.32,45.59
"7093",2004-10-08,"2004",2005,8,NA,4.21428571428571,5.66,51.25
"7094",2004-10-09,"2004",2005,9,NA,4.28571428571429,5.19,56.44
"7095",2004-10-10,"2004",2005,10,NA,4.35714285714286,4.82,61.26
"7096",2004-10-11,"2004",2005,11,NA,4.42857142857143,4.28,65.54
"7097",2004-10-12,"2004",2005,12,NA,4.5,4.17,69.71
"7098",2004-10-13,"2004",2005,13,NA,4,3.88,73.59
"7099",2004-10-14,"2004",2005,14,NA,3.5,3.62,77.21
"7100",2004-10-15,"2004",2005,15,NA,3,3.32,80.53
"7101",2004-10-16,"2004",2005,16,NA,2.5,3.12,83.65
"7102",2004-10-17,"2004",2005,17,NA,2,3.12,86.77
"7103",2004-10-18,"2004",2005,18,NA,1.5,3.32,90.09
"7104",2004-10-19,"2004",2005,19,NA,1,3.25,93.34
"7105",2004-10-20,"2004",2005,20,NA,0.9,3.16,96.5
"7106",2004-10-21,"2004",2005,21,NA,0.8,2.52,99.02
"7107",2004-10-22,"2004",2005,22,NA,0.7,2.52,101.54
"7108",2004-10-23,"2004",2005,23,NA,0.6,2.52,104.06
"7109",2004-10-24,"2004",2005,24,NA,0.5,2.52,106.58
"7110",2004-10-25,"2004",2005,25,NA,0.4,2.52,109.1
"7111",2004-10-26,"2004",2005,26,20,0.3,2.52,111.62
"7112",2004-10-27,"2004",2005,27,20.4285714285714,0.5,2.52,114.14
"7113",2004-10-28,"2004",2005,28,20.8571428571429,0.7,2.52,116.66
"7114",2004-10-29,"2004",2005,29,21.2857142857143,0.9,2.52,119.18
"7115",2004-10-30,"2004",2005,30,21.7142857142857,1.1,2.52,121.7
"7116",2004-10-31,"2004",2005,31,22.1428571428571,1.3,1.07,122.77
"7117",2004-11-01,"2004",2005,32,22.5714285714286,1.5,1.07,123.84
"7118",2004-11-02,"2004",2005,33,23,1.7,1.07,124.91
"7119",2004-11-03,"2004",2005,34,22.8571428571429,1.95714285714286,1.07,125.98
"7120",2004-11-04,"2004",2005,35,22.7142857142857,2.21428571428571,1.07,127.05
"7121",2004-11-05,"2004",2005,36,22.5714285714286,2.47142857142857,1.07,128.12
"7122",2004-11-06,"2004",2005,37,22.4285714285714,2.72857142857143,1.07,129.19
"7123",2004-11-07,"2004",2005,38,22.2857142857143,2.98571428571429,1.07,130.26
"7124",2004-11-08,"2004",2005,39,22.1428571428571,3.24285714285714,1.07,131.33
"7125",2004-11-09,"2004",2005,40,22,3.5,1.07,132.4
"7126",2004-11-10,"2004",2005,41,21.8571428571429,2.75,1.07,133.47
"7127",2004-11-11,"2004",2005,42,21.7142857142857,2,1.07,134.54
"7128",2004-11-12,"2004",2005,43,21.5714285714286,1.94,1.07,135.61
"7129",2004-11-13,"2004",2005,44,21.4285714285714,1.88,1.07,136.68
"7130",2004-11-14,"2004",2005,45,21.2857142857143,1.82,1.07,137.75
"7131",2004-11-15,"2004",2005,46,21.1428571428571,1.76,1.07,138.82
"7132",2004-11-16,"2004",2005,47,21,1.7,1.07,139.89
"7133",2004-11-17,"2004",2005,48,21.2857142857143,1.57142857142857,1.07,140.96
"7134",2004-11-18,"2004",2005,49,21.5714285714286,1.44285714285714,1.07,142.03
"7135",2004-11-19,"2004",2005,50,21.8571428571429,1.31428571428571,1.07,143.1
"7136",2004-11-20,"2004",2005,51,22.1428571428571,1.18571428571429,1.07,144.17
"7137",2004-11-21,"2004",2005,52,22.4285714285714,1.05714285714286,1.07,145.24
"7138",2004-11-22,"2004",2005,53,22.7142857142857,0.928571428571429,1.07,146.31
"7139",2004-11-23,"2004",2005,54,23,0.8,1.07,147.38
"7140",2004-11-24,"2004",2005,55,23,0.785714285714286,1.07,148.45
"7141",2004-11-25,"2004",2005,56,23,0.771428571428571,1.07,149.52
"7142",2004-11-26,"2004",2005,57,23,0.757142857142857,1.07,150.59
"7143",2004-11-27,"2004",2005,58,23,0.742857142857143,1.07,151.66
"7144",2004-11-28,"2004",2005,59,23,0.728571428571429,1.07,152.73
"7145",2004-11-29,"2004",2005,60,23,0.714285714285714,1.07,153.8
"7146",2004-11-30,"2004",2005,61,23,0.7,0.36,154.16
"7147",2004-12-01,"2004",2005,62,23.1428571428571,1,0.36,154.52
"7148",2004-12-02,"2004",2005,63,23.2857142857143,0.983333333333333,0.36,154.88
"7149",2004-12-03,"2004",2005,64,23.4285714285714,0.966666666666667,0.36,155.24
"7150",2004-12-04,"2004",2005,65,23.5714285714286,0.95,0.36,155.6
"7151",2004-12-05,"2004",2005,66,23.7142857142857,0.933333333333333,0.36,155.96
"7152",2004-12-06,"2004",2005,67,23.8571428571429,0.916666666666667,0.36,156.32
"7153",2004-12-07,"2004",2005,68,24,0.9,0.36,156.68
"7154",2004-12-08,"2004",2005,69,24.2857142857143,0.857142857142857,0.36,157.04
"7155",2004-12-09,"2004",2005,70,24.5714285714286,0.814285714285714,0.36,157.4
"7156",2004-12-10,"2004",2005,71,24.8571428571429,0.771428571428571,0.36,157.76
"7157",2004-12-11,"2004",2005,72,25.1428571428571,0.728571428571429,0.36,158.12
"7158",2004-12-12,"2004",2005,73,25.4285714285714,0.685714285714286,0.36,158.48
"7159",2004-12-13,"2004",2005,74,25.7142857142857,0.642857142857143,0.36,158.84
"7160",2004-12-14,"2004",2005,75,26,0.6,0.36,159.2
"7161",2004-12-15,"2004",2005,76,26.2857142857143,0.585714285714286,0.36,159.56
"7162",2004-12-16,"2004",2005,77,26.5714285714286,0.571428571428571,0.36,159.92
"7163",2004-12-17,"2004",2005,78,26.8571428571429,0.557142857142857,0.36,160.28
"7164",2004-12-18,"2004",2005,79,27.1428571428571,0.542857142857143,0.36,160.64
"7165",2004-12-19,"2004",2005,80,27.4285714285714,0.528571428571429,0.36,161
"7166",2004-12-20,"2004",2005,81,27.7142857142857,0.514285714285714,0.36,161.36
"7167",2004-12-21,"2004",2005,82,28,0.5,0.36,161.72
"7168",2004-12-22,"2004",2005,83,28,0.485714285714286,0.36,162.08
"7169",2004-12-23,"2004",2005,84,28,0.471428571428571,0.36,162.44
"7170",2004-12-24,"2004",2005,85,28,0.457142857142857,0.36,162.8
"7171",2004-12-25,"2004",2005,86,28,0.442857142857143,0.36,163.16
"7172",2004-12-26,"2004",2005,87,28,0.428571428571429,0.36,163.52
"7173",2004-12-27,"2004",2005,88,28,0.414285714285714,0.36,163.88
"7174",2004-12-28,"2004",2005,89,28,0.4,0.36,164.24
"7175",2004-12-29,"2004",2005,90,28,0.385714285714286,0.36,164.6
"7176",2004-12-30,"2004",2005,91,28,0.371428571428571,0.36,164.96
"7177",2004-12-31,"2004",2005,92,28,0.357142857142857,0.01,164.97
"7178",2005-01-01,"2005",2005,93,28,0.342857142857143,0.01,164.98
"7179",2005-01-02,"2005",2005,94,28,0.328571428571429,0.01,164.99
"7180",2005-01-03,"2005",2005,95,28,0.314285714285714,0.01,165
"7181",2005-01-04,"2005",2005,96,28,0.3,0.01,165.01
"7182",2005-01-05,"2005",2005,97,28.1428571428571,0.271428571428571,0.01,165.02
"7183",2005-01-06,"2005",2005,98,28.2857142857143,0.242857142857143,0.01,165.03
"7184",2005-01-07,"2005",2005,99,28.4285714285714,0.214285714285714,0.01,165.04
"7185",2005-01-08,"2005",2005,100,28.5714285714286,0.185714285714286,0.01,165.05
"7186",2005-01-09,"2005",2005,101,28.7142857142857,0.157142857142857,0.01,165.06
"7187",2005-01-10,"2005",2005,102,28.8571428571429,0.128571428571429,0.01,165.07
"7188",2005-01-11,"2005",2005,103,29,0.1,0.01,165.08
"7189",2005-01-12,"2005",2005,104,28.8571428571429,0.157142857142857,0.01,165.09
"7190",2005-01-13,"2005",2005,105,28.7142857142857,0.214285714285714,0.01,165.1
"7191",2005-01-14,"2005",2005,106,28.5714285714286,0.271428571428571,0.01,165.11
"7192",2005-01-15,"2005",2005,107,28.4285714285714,0.328571428571429,0.01,165.12
"7193",2005-01-16,"2005",2005,108,28.2857142857143,0.385714285714286,0.01,165.13
"7194",2005-01-17,"2005",2005,109,28.1428571428571,0.442857142857143,0.01,165.14
"7195",2005-01-18,"2005",2005,110,28,0.5,0.01,165.15
"7196",2005-01-19,"2005",2005,111,27.7142857142857,0.514285714285714,0.01,165.16
"7197",2005-01-20,"2005",2005,112,27.4285714285714,0.528571428571429,0.01,165.17
"7198",2005-01-21,"2005",2005,113,27.1428571428571,0.542857142857143,0.01,165.18
"7199",2005-01-22,"2005",2005,114,26.8571428571429,0.557142857142857,0.01,165.19
"7200",2005-01-23,"2005",2005,115,26.5714285714286,0.571428571428571,0.01,165.2
"7201",2005-01-24,"2005",2005,116,26.2857142857143,0.585714285714286,0.01,165.21
"7202",2005-01-25,"2005",2005,117,26,0.6,0.01,165.22
"7203",2005-01-26,"2005",2005,118,26.2857142857143,0.542857142857143,0.01,165.23
"7204",2005-01-27,"2005",2005,119,26.5714285714286,0.485714285714286,0.01,165.24
"7205",2005-01-28,"2005",2005,120,26.8571428571429,0.428571428571429,0.01,165.25
"7206",2005-01-29,"2005",2005,121,27.1428571428571,0.371428571428571,0.01,165.26
"7207",2005-01-30,"2005",2005,122,27.4285714285714,0.314285714285714,0.01,165.27
"7208",2005-01-31,"2005",2005,123,27.7142857142857,0.257142857142857,0.01,165.28
"7209",2005-02-01,"2005",2005,124,28,0.2,0.01,165.29
"7210",2005-02-02,"2005",2005,125,28.1428571428571,0.185714285714286,0.01,165.3
"7211",2005-02-03,"2005",2005,126,28.2857142857143,0.171428571428571,0.01,165.31
"7212",2005-02-04,"2005",2005,127,28.4285714285714,0.157142857142857,0.01,165.32
"7213",2005-02-05,"2005",2005,128,28.5714285714286,0.142857142857143,0.01,165.33
"7214",2005-02-06,"2005",2005,129,28.7142857142857,0.128571428571429,0.01,165.34
"7215",2005-02-07,"2005",2005,130,28.8571428571429,0.114285714285714,0.01,165.35
"7216",2005-02-08,"2005",2005,131,29,0.1,0.01,165.36
"7217",2005-02-09,"2005",2005,132,28.5714285714286,0.157142857142857,0.01,165.37
"7218",2005-02-10,"2005",2005,133,28.1428571428571,0.214285714285714,0.01,165.38
"7219",2005-02-11,"2005",2005,134,27.7142857142857,0.271428571428571,0.01,165.39
"7220",2005-02-12,"2005",2005,135,27.2857142857143,0.328571428571429,0.01,165.4
"7221",2005-02-13,"2005",2005,136,26.8571428571429,0.385714285714286,0.01,165.41
"7222",2005-02-14,"2005",2005,137,26.4285714285714,0.442857142857143,0.01,165.42
"7223",2005-02-15,"2005",2005,138,26,0.5,0.01,165.43
"7224",2005-02-16,"2005",2005,139,26,0.5,0.01,165.44
"7225",2005-02-17,"2005",2005,140,26,0.5,0.01,165.45
"7226",2005-02-18,"2005",2005,141,26,0.5,0.01,165.46
"7227",2005-02-19,"2005",2005,142,26,0.5,0.01,165.47
"7228",2005-02-20,"2005",2005,143,26,0.5,0.01,165.48
"7229",2005-02-21,"2005",2005,144,26,0.5,0.01,165.49
"7230",2005-02-22,"2005",2005,145,26,0.5,0.01,165.5
"7231",2005-02-23,"2005",2005,146,26,0.5,0.01,165.51
"7232",2005-02-24,"2005",2005,147,26,0.5,0.01,165.52
"7233",2005-02-25,"2005",2005,148,26,0.5,0.01,165.53
"7234",2005-02-26,"2005",2005,149,26,0.5,0.01,165.54
"7235",2005-02-27,"2005",2005,150,26,0.5,0.01,165.55
"7236",2005-02-28,"2005",2005,151,26,0.5,0.36,165.91
"7237",2005-03-01,"2005",2005,152,26,0.5,0.36,166.27
"7238",2005-03-02,"2005",2005,153,26,0.457142857142857,0.36,166.63
"7239",2005-03-03,"2005",2005,154,26,0.414285714285714,0.36,166.99
"7240",2005-03-04,"2005",2005,155,26,0.371428571428571,0.36,167.35
"7241",2005-03-05,"2005",2005,156,26,0.328571428571429,0.36,167.71
"7242",2005-03-06,"2005",2005,157,26,0.285714285714286,0.36,168.07
"7243",2005-03-07,"2005",2005,158,26,0.242857142857143,0.36,168.43
"7244",2005-03-08,"2005",2005,159,26,0.2,0.36,168.79
"7245",2005-03-09,"2005",2005,160,25.4285714285714,0.414285714285714,0.36,169.15
"7246",2005-03-10,"2005",2005,161,24.8571428571429,0.628571428571429,0.36,169.51
"7247",2005-03-11,"2005",2005,162,24.2857142857143,0.842857142857143,0.36,169.87
"7248",2005-03-12,"2005",2005,163,23.7142857142857,1.05714285714286,0.36,170.23
"7249",2005-03-13,"2005",2005,164,23.1428571428571,1.27142857142857,0.36,170.59
"7250",2005-03-14,"2005",2005,165,22.5714285714286,1.48571428571429,0.36,170.95
"7251",2005-03-15,"2005",2005,166,22,1.7,0.36,171.31
"7252",2005-03-16,"2005",2005,167,22.2857142857143,1.48571428571429,0.36,171.67
"7253",2005-03-17,"2005",2005,168,22.5714285714286,1.27142857142857,0.36,172.03
"7254",2005-03-18,"2005",2005,169,22.8571428571429,1.05714285714286,0.36,172.39
"7255",2005-03-19,"2005",2005,170,23.1428571428571,0.842857142857143,0.36,172.75
"7256",2005-03-20,"2005",2005,171,23.4285714285714,0.628571428571429,0.36,173.11
"7257",2005-03-21,"2005",2005,172,23.7142857142857,0.414285714285714,0.36,173.47
"7258",2005-03-22,"2005",2005,173,24,0.2,0.36,173.83
"7259",2005-03-23,"2005",2005,174,23.8571428571429,0.242857142857143,0.36,174.19
"7260",2005-03-24,"2005",2005,175,23.7142857142857,0.285714285714286,0.36,174.55
"7261",2005-03-25,"2005",2005,176,23.5714285714286,0.328571428571429,0.36,174.91
"7262",2005-03-26,"2005",2005,177,23.4285714285714,0.371428571428571,0.36,175.27
"7263",2005-03-27,"2005",2005,178,23.2857142857143,0.414285714285714,0.36,175.63
"7264",2005-03-28,"2005",2005,179,23.1428571428571,0.457142857142857,0.36,175.99
"7265",2005-03-29,"2005",2005,180,23,0.5,0.36,176.35
"7266",2005-03-30,"2005",2005,181,23.2857142857143,0.442857142857143,0.36,176.71
"7267",2005-03-31,"2005",2005,182,23.5714285714286,0.385714285714286,1.07,177.78
"7268",2005-04-01,"2005",2005,183,23.8571428571429,0.328571428571429,1.07,178.85
"7269",2005-04-02,"2005",2005,184,24.1428571428571,0.271428571428571,1.07,179.92
"7270",2005-04-03,"2005",2005,185,24.4285714285714,0.214285714285714,1.07,180.99
"7271",2005-04-04,"2005",2005,186,24.7142857142857,0.157142857142857,1.07,182.06
"7272",2005-04-05,"2005",2005,187,25,0.1,1.07,183.13
"7273",2005-04-06,"2005",2005,188,24.8571428571429,0.05,1.07,184.2
"7274",2005-04-07,"2005",2005,189,24.7142857142857,0,1.07,185.27
"7275",2005-04-08,"2005",2005,190,24.5714285714286,0.08,1.07,186.34
"7276",2005-04-09,"2005",2005,191,24.4285714285714,0.16,1.07,187.41
"7277",2005-04-10,"2005",2005,192,24.2857142857143,0.24,1.07,188.48
"7278",2005-04-11,"2005",2005,193,24.1428571428571,0.32,1.07,189.55
"7279",2005-04-12,"2005",2005,194,24,0.4,1.07,190.62
"7280",2005-04-13,"2005",2005,195,23.2857142857143,0.933333333333333,1.07,191.69
"7281",2005-04-14,"2005",2005,196,22.5714285714286,1.46666666666667,1.07,192.76
"7282",2005-04-15,"2005",2005,197,21.8571428571429,2,1.07,193.83
"7283",2005-04-16,"2005",2005,198,21.1428571428571,2.075,1.07,194.9
"7284",2005-04-17,"2005",2005,199,20.4285714285714,2.15,1.07,195.97
"7285",2005-04-18,"2005",2005,200,19.7142857142857,2.225,4.15,200.12
"7286",2005-04-19,"2005",2005,201,19,2.3,4.15,204.27
"7287",2005-04-20,"2005",2005,202,18.7142857142857,NA,2.98,207.25
"7288",2005-04-21,"2005",2005,203,18.4285714285714,NA,2.27,209.52
"7289",2005-04-22,"2005",2005,204,18.1428571428571,NA,2.15,211.67
"7290",2005-04-23,"2005",2005,205,17.8571428571429,NA,2.33,214
"7291",2005-04-24,"2005",2005,206,17.5714285714286,NA,2.21,216.21
"7292",2005-04-25,"2005",2005,207,17.2857142857143,NA,1.97,218.18
"7293",2005-04-26,"2005",2005,208,17,NA,1.74,219.92
"7294",2005-04-27,"2005",2005,209,17.5714285714286,NA,1.63,221.55
"7295",2005-04-28,"2005",2005,210,18.1428571428571,NA,1.55,223.1
"7296",2005-04-29,"2005",2005,211,18.7142857142857,NA,1.36,224.46
"7297",2005-04-30,"2005",2005,212,19.2857142857143,NA,1.21,225.67
"7298",2005-05-01,"2005",2005,213,19.8571428571429,NA,1.05,226.72
"7299",2005-05-02,"2005",2005,214,20.4285714285714,NA,1.07,227.79
"7300",2005-05-03,"2005",2005,215,21,1.8,1.12,228.91
"7301",2005-05-04,"2005",2005,216,20.5714285714286,1.97142857142857,1.66,230.57
"7302",2005-05-05,"2005",2005,217,20.1428571428571,2.14285714285714,2.33,232.9
"7303",2005-05-06,"2005",2005,218,19.7142857142857,2.31428571428571,2.55,235.45
"7304",2005-05-07,"2005",2005,219,19.2857142857143,2.48571428571429,2.24,237.69
"7305",2005-05-08,"2005",2005,220,18.8571428571429,2.65714285714286,2.21,239.9
"7306",2005-05-09,"2005",2005,221,18.4285714285714,2.82857142857143,3.05,242.95
"7307",2005-05-10,"2005",2005,222,18,3,5.64,248.59
"7308",2005-05-11,"2005",2005,223,NA,2.78571428571429,4.36,252.95
"7309",2005-05-12,"2005",2005,224,NA,2.57142857142857,3.31,256.26
"7310",2005-05-13,"2005",2005,225,NA,2.35714285714286,2.98,259.24
"7311",2005-05-14,"2005",2005,226,NA,2.14285714285714,3.68,262.92
"7312",2005-05-15,"2005",2005,227,NA,1.92857142857143,5.56,268.48
"7313",2005-05-16,"2005",2005,228,NA,1.71428571428571,6.25,274.73
"7314",2005-05-17,"2005",2005,229,NA,1.5,5.8,280.53
"7315",2005-05-18,"2005",2005,230,NA,1.64285714285714,10.3,290.83
"7316",2005-05-19,"2005",2005,231,NA,1.78571428571429,17.2,308.03
"7317",2005-05-20,"2005",2005,232,NA,1.92857142857143,21.3,329.33
"7318",2005-05-21,"2005",2005,233,NA,2.07142857142857,24.2,353.53
"7319",2005-05-22,"2005",2005,234,NA,2.21428571428571,23.2,376.73
"7320",2005-05-23,"2005",2005,235,NA,2.35714285714286,21.9,398.63
"7321",2005-05-24,"2005",2005,236,16,2.5,21.3,419.93
"7322",2005-05-25,"2005",2005,237,16,2.88571428571429,19.7,439.63
"7323",2005-05-26,"2005",2005,238,16,3.27142857142857,18,457.63
"7324",2005-05-27,"2005",2005,239,16,3.65714285714286,16.5,474.13
"7325",2005-05-28,"2005",2005,240,16,4.04285714285714,15.8,489.93
"7326",2005-05-29,"2005",2005,241,16,4.42857142857143,19.3,509.23
"7327",2005-05-30,"2005",2005,242,16,4.81428571428571,18.8,528.03
"7328",2005-05-31,"2005",2005,243,16,5.2,17.1,545.13
"7329",2005-06-01,"2005",2005,244,NA,5.6,32.7,577.83
"7330",2005-06-02,"2005",2005,245,NA,6,22.5,600.33
"7331",2005-06-03,"2005",2005,246,NA,5.9,17.8,618.13
"7332",2005-06-04,"2005",2005,247,NA,5.8,15.8,633.93
"7333",2005-06-05,"2005",2005,248,NA,5.7,17.9,651.83
"7334",2005-06-06,"2005",2005,249,NA,5.6,20.4,672.23
"7335",2005-06-07,"2005",2005,250,NA,5.5,18.5,690.73
"7336",2005-06-08,"2005",2005,251,NA,5.35714285714286,16.9,707.63
"7337",2005-06-09,"2005",2005,252,NA,5.21428571428571,14.9,722.53
"7338",2005-06-10,"2005",2005,253,NA,5.07142857142857,13.6,736.13
"7339",2005-06-11,"2005",2005,254,NA,4.92857142857143,14.8,750.93
"7340",2005-06-12,"2005",2005,255,NA,4.78571428571429,12.4,763.33
"7341",2005-06-13,"2005",2005,256,NA,4.64285714285714,12.6,775.93
"7342",2005-06-14,"2005",2005,257,NA,4.5,16.4,792.33
"7343",2005-06-15,"2005",2005,258,NA,4.85714285714286,23.5,815.83
"7344",2005-06-16,"2005",2005,259,NA,5.21428571428571,27.8,843.63
"7345",2005-06-17,"2005",2005,260,NA,5.57142857142857,30.8,874.43
"7346",2005-06-18,"2005",2005,261,NA,5.92857142857143,33.3,907.73
"7347",2005-06-19,"2005",2005,262,NA,6.28571428571429,33.5,941.23
"7348",2005-06-20,"2005",2005,263,NA,6.64285714285714,30.2,971.43
"7349",2005-06-21,"2005",2005,264,NA,7,27.4,998.83
"7350",2005-06-22,"2005",2005,265,NA,7,27.2,1026.03
"7351",2005-06-23,"2005",2005,266,NA,7,25,1051.03
"7352",2005-06-24,"2005",2005,267,NA,7,24.1,1075.13
"7353",2005-06-25,"2005",2005,268,NA,7,25.2,1100.33
"7354",2005-06-26,"2005",2005,269,NA,7,24.2,1124.53
"7355",2005-06-27,"2005",2005,270,NA,7,23.3,1147.83
"7356",2005-06-28,"2005",2005,271,NA,7,21.8,1169.63
"7357",2005-06-29,"2005",2005,272,NA,7.14285714285714,19.7,1189.33
"7358",2005-06-30,"2005",2005,273,NA,7.28571428571429,20,1209.33
"7359",2005-07-01,"2005",2005,274,NA,7.42857142857143,20.6,1229.93
"7360",2005-07-02,"2005",2005,275,NA,7.57142857142857,21.3,1251.23
"7361",2005-07-03,"2005",2005,276,NA,7.71428571428571,20,1271.23
"7362",2005-07-04,"2005",2005,277,NA,7.85714285714286,18.1,1289.33
"7363",2005-07-05,"2005",2005,278,NA,8,16.8,1306.13
"7364",2005-07-06,"2005",2005,279,NA,8.35714285714286,17,1323.13
"7365",2005-07-07,"2005",2005,280,NA,8.71428571428571,17.8,1340.93
"7366",2005-07-08,"2005",2005,281,NA,9.07142857142857,19.3,1360.23
"7367",2005-07-09,"2005",2005,282,NA,9.42857142857143,19.4,1379.63
"7368",2005-07-10,"2005",2005,283,NA,9.78571428571429,18.1,1397.73
"7369",2005-07-11,"2005",2005,284,NA,10.1428571428571,17.9,1415.63
"7370",2005-07-12,"2005",2005,285,NA,10.5,19.8,1435.43
"7371",2005-07-13,"2005",2005,286,NA,10.2857142857143,26.5,1461.93
"7372",2005-07-14,"2005",2005,287,NA,10.0714285714286,33.9,1495.83
"7373",2005-07-15,"2005",2005,288,NA,9.85714285714286,24.4,1520.23
"7374",2005-07-16,"2005",2005,289,NA,9.64285714285714,23.2,1543.43
"7375",2005-07-17,"2005",2005,290,NA,9.42857142857143,21.7,1565.13
"7376",2005-07-18,"2005",2005,291,NA,9.21428571428572,18.2,1583.33
"7377",2005-07-19,"2005",2005,292,NA,9,17.1,1600.43
"7378",2005-07-20,"2005",2005,293,NA,9,16.9,1617.33
"7379",2005-07-21,"2005",2005,294,NA,9,17.1,1634.43
"7380",2005-07-22,"2005",2005,295,NA,9,19,1653.43
"7381",2005-07-23,"2005",2005,296,NA,9,21.8,1675.23
"7382",2005-07-24,"2005",2005,297,NA,9,26.7,1701.93
"7383",2005-07-25,"2005",2005,298,NA,9,25.3,1727.23
"7384",2005-07-26,"2005",2005,299,NA,9,19,1746.23
"7385",2005-07-27,"2005",2005,300,NA,9.21428571428571,16.6,1762.83
"7386",2005-07-28,"2005",2005,301,NA,9.42857142857143,15.4,1778.23
"7387",2005-07-29,"2005",2005,302,NA,9.64285714285714,15,1793.23
"7388",2005-07-30,"2005",2005,303,NA,9.85714285714286,15.5,1808.73
"7389",2005-07-31,"2005",2005,304,NA,10.0714285714286,5.08,1813.81
"7390",2005-08-01,"2005",2005,305,NA,10.2857142857143,20.6,1834.41
"7391",2005-08-02,"2005",2005,306,NA,10.5,32.9,1867.31
"7392",2005-08-03,"2005",2005,307,NA,10.3571428571429,29.9,1897.21
"7393",2005-08-04,"2005",2005,308,NA,10.2142857142857,26.8,1924.01
"7394",2005-08-05,"2005",2005,309,NA,10.0714285714286,23.7,1947.71
"7395",2005-08-06,"2005",2005,310,NA,9.92857142857143,20.7,1968.41
"7396",2005-08-07,"2005",2005,311,NA,9.78571428571429,17.6,1986.01
"7397",2005-08-08,"2005",2005,312,NA,9.64285714285714,14.5,2000.51
"7398",2005-08-09,"2005",2005,313,13,9.5,15.6,2016.11
"7399",2005-08-10,"2005",2005,314,13,9.61428571428571,21.8,2037.91
"7400",2005-08-11,"2005",2005,315,13,9.72857142857143,18.6,2056.51
"7401",2005-08-12,"2005",2005,316,13,9.84285714285714,16,2072.51
"7402",2005-08-13,"2005",2005,317,13,9.95714285714286,16,2088.51
"7403",2005-08-14,"2005",2005,318,13,10.0714285714286,14.3,2102.81
"7404",2005-08-15,"2005",2005,319,13,10.1857142857143,12.5,2115.31
"7405",2005-08-16,"2005",2005,320,13,10.3,12,2127.31
"7406",2005-08-17,"2005",2005,321,13,10.4,12.3,2139.61
"7407",2005-08-18,"2005",2005,322,13,10.5,11.2,2150.81
"7408",2005-08-19,"2005",2005,323,13,10.6,10.4,2161.21
"7409",2005-08-20,"2005",2005,324,13,10.7,9.95,2171.16
"7410",2005-08-21,"2005",2005,325,13,10.8,9.22,2180.38
"7411",2005-08-22,"2005",2005,326,13,10.9,8.91,2189.29
"7412",2005-08-23,"2005",2005,327,13,11,8.81,2198.1
"7413",2005-08-24,"2005",2005,328,13.1428571428571,11.2,8.71,2206.81
"7414",2005-08-25,"2005",2005,329,13.2857142857143,11.4,8.56,2215.37
"7415",2005-08-26,"2005",2005,330,13.4285714285714,11.6,8.31,2223.68
"7416",2005-08-27,"2005",2005,331,13.5714285714286,11.8,8.01,2231.69
"7417",2005-08-28,"2005",2005,332,13.7142857142857,12,7.43,2239.12
"7418",2005-08-29,"2005",2005,333,13.8571428571429,12.2,6.87,2245.99
"7419",2005-08-30,"2005",2005,334,14,12.4,6.77,2252.76
"7420",2005-08-31,"2005",2005,335,NA,10.7,6.45,2259.21
"7421",2005-09-01,"2005",2005,336,NA,9,6.1,2265.31
"7422",2005-09-02,"2005",2005,337,NA,9.7,5.75,2271.06
"7423",2005-09-03,"2005",2005,338,NA,10.4,5.62,2276.68
"7424",2005-09-04,"2005",2005,339,NA,11.1,5.83,2282.51
"7425",2005-09-05,"2005",2005,340,NA,11.8,5.88,2288.39
"7426",2005-09-06,"2005",2005,341,NA,12.5,5.57,2293.96
"7427",2005-09-07,"2005",2005,342,NA,12,5.57,2299.53
"7428",2005-09-08,"2005",2005,343,NA,11.5,5.96,2305.49
"7429",2005-09-09,"2005",2005,344,NA,11,6.36,2311.85
"7430",2005-09-10,"2005",2005,345,NA,10.5,5.96,2317.81
"7431",2005-09-11,"2005",2005,346,NA,10,5.57,2323.38
"7432",2005-09-12,"2005",2005,347,NA,9.5,5.19,2328.57
"7433",2005-09-13,"2005",2005,348,NA,9,4.94,2333.51
"7434",2005-09-14,"2005",2005,349,NA,9.03333333333333,4.5,2338.01
"7435",2005-09-15,"2005",2005,350,NA,9.06666666666667,4.26,2342.27
"7436",2005-09-16,"2005",2005,351,NA,9.1,4.15,2346.42
"7437",2005-09-17,"2005",2005,352,NA,9.13333333333333,3.77,2350.19
"7438",2005-09-18,"2005",2005,353,NA,9.16666666666667,3.26,2353.45
"7439",2005-09-19,"2005",2005,354,14,9.2,3.19,2356.64
"7440",2005-09-20,"2005",2005,355,NA,8.8625,3.26,2359.9
"7441",2005-09-21,"2005",2005,356,NA,8.525,3.51,2363.41
"7442",2005-09-22,"2005",2005,357,NA,8.1875,3.58,2366.99
"7443",2005-09-23,"2005",2005,358,NA,7.85,3.73,2370.72
"7444",2005-09-24,"2005",2005,359,NA,7.5125,3.7,2374.42
"7445",2005-09-25,"2005",2005,360,NA,7.175,3.33,2377.75
"7446",2005-09-26,"2005",2005,361,NA,6.8375,3.77,2381.52
"7447",2005-09-27,"2005",2005,362,NA,6.5,4.78,2386.3
"7448",2005-10-04,"2005",2006,4,NA,7,4.78,17.53
"7449",2005-10-05,"2005",2006,5,NA,6.42857142857143,4.54,22.07
"7450",2005-10-06,"2005",2006,6,NA,5.85714285714286,4.26,26.33
"7451",2005-10-07,"2005",2006,7,NA,5.28571428571429,4.03,30.36
"7452",2005-10-08,"2005",2006,8,NA,4.71428571428571,4.42,34.78
"7453",2005-10-09,"2005",2006,9,NA,4.14285714285714,4.82,39.6
"7454",2005-10-10,"2005",2006,10,NA,3.57142857142857,4.5,44.1
"7455",2005-10-11,"2005",2006,11,17,3,4.22,48.32
"7456",2005-10-12,"2005",2006,12,NA,3.14285714285714,3.96,52.28
"7457",2005-10-13,"2005",2006,13,NA,3.28571428571429,3.99,56.27
"7458",2005-10-14,"2005",2006,14,NA,3.42857142857143,4.26,60.53
"7459",2005-10-15,"2005",2006,15,NA,3.57142857142857,4.34,64.87
"7460",2005-10-16,"2005",2006,16,NA,3.71428571428571,4.19,69.06
"7461",2005-10-17,"2005",2006,17,NA,3.85714285714286,2.52,71.58
"7462",2005-10-18,"2005",2006,18,NA,4,2.52,74.1
"7463",2005-10-19,"2005",2006,19,NA,3.65714285714286,2.52,76.62
"7464",2005-10-20,"2005",2006,20,NA,3.31428571428571,2.52,79.14
"7465",2005-10-21,"2005",2006,21,NA,2.97142857142857,2.52,81.66
"7466",2005-10-22,"2005",2006,22,NA,2.62857142857143,2.52,84.18
"7467",2005-10-23,"2005",2006,23,NA,2.28571428571429,2.52,86.7
"7468",2005-10-24,"2005",2006,24,NA,1.94285714285714,2.52,89.22
"7469",2005-10-25,"2005",2006,25,19,1.6,2.52,91.74
"7470",2005-10-26,"2005",2006,26,19.1428571428571,1.5,2.52,94.26
"7471",2005-10-27,"2005",2006,27,19.2857142857143,1.4,2.52,96.78
"7472",2005-10-28,"2005",2006,28,19.4285714285714,1.3,2.52,99.3
"7473",2005-10-29,"2005",2006,29,19.5714285714286,1.2,2.52,101.82
"7474",2005-10-30,"2005",2006,30,19.7142857142857,1.1,2.52,104.34
"7475",2005-10-31,"2005",2006,31,19.8571428571429,1,1.07,105.41
"7476",2005-11-01,"2005",2006,32,20,0.9,1.07,106.48
"7477",2005-11-02,"2005",2006,33,20.1428571428571,1.05714285714286,1.07,107.55
"7478",2005-11-03,"2005",2006,34,20.2857142857143,1.21428571428571,1.07,108.62
"7479",2005-11-04,"2005",2006,35,20.4285714285714,1.37142857142857,1.07,109.69
"7480",2005-11-05,"2005",2006,36,20.5714285714286,1.52857142857143,1.07,110.76
"7481",2005-11-06,"2005",2006,37,20.7142857142857,1.68571428571429,1.07,111.83
"7482",2005-11-07,"2005",2006,38,20.8571428571429,1.84285714285714,1.07,112.9
"7483",2005-11-08,"2005",2006,39,21,2,1.07,113.97
"7484",2005-11-09,"2005",2006,40,20,1.77142857142857,1.07,115.04
"7485",2005-11-10,"2005",2006,41,19,1.54285714285714,1.07,116.11
"7486",2005-11-11,"2005",2006,42,18,1.31428571428571,1.07,117.18
"7487",2005-11-12,"2005",2006,43,17,1.08571428571429,1.07,118.25
"7488",2005-11-13,"2005",2006,44,16,0.857142857142857,1.07,119.32
"7489",2005-11-14,"2005",2006,45,15,0.628571428571429,1.07,120.39
"7490",2005-11-15,"2005",2006,46,14,0.4,1.07,121.46
"7491",2005-11-16,"2005",2006,47,15,0.642857142857143,1.07,122.53
"7492",2005-11-17,"2005",2006,48,16,0.885714285714286,1.07,123.6
"7493",2005-11-18,"2005",2006,49,17,1.12857142857143,1.07,124.67
"7494",2005-11-19,"2005",2006,50,18,1.37142857142857,1.07,125.74
"7495",2005-11-20,"2005",2006,51,19,1.61428571428571,1.07,126.81
"7496",2005-11-21,"2005",2006,52,20,1.85714285714286,1.07,127.88
"7497",2005-11-22,"2005",2006,53,21,2.1,1.07,128.95
"7498",2005-11-23,"2005",2006,54,21.5714285714286,NA,1.07,130.02
"7499",2005-11-24,"2005",2006,55,22.1428571428571,NA,1.07,131.09
"7500",2005-11-25,"2005",2006,56,22.7142857142857,NA,1.07,132.16
"7501",2005-11-26,"2005",2006,57,23.2857142857143,NA,1.07,133.23
"7502",2005-11-27,"2005",2006,58,23.8571428571429,NA,1.07,134.3
"7503",2005-11-28,"2005",2006,59,24.4285714285714,NA,1.07,135.37
"7504",2005-11-29,"2005",2006,60,25,NA,1.07,136.44
"7505",2005-11-30,"2005",2006,61,NA,NA,0.36,136.8
"7506",2005-12-01,"2005",2006,62,NA,NA,0.36,137.16
"7507",2005-12-02,"2005",2006,63,NA,NA,0.36,137.52
"7508",2005-12-03,"2005",2006,64,NA,NA,0.36,137.88
"7509",2005-12-04,"2005",2006,65,NA,NA,0.36,138.24
"7510",2005-12-05,"2005",2006,66,NA,NA,0.36,138.6
"7511",2005-12-06,"2005",2006,67,NA,NA,0.36,138.96
"7512",2005-12-07,"2005",2006,68,NA,NA,0.36,139.32
"7513",2005-12-08,"2005",2006,69,NA,NA,0.36,139.68
"7514",2005-12-09,"2005",2006,70,NA,NA,0.36,140.04
"7515",2005-12-10,"2005",2006,71,NA,NA,0.36,140.4
"7516",2005-12-11,"2005",2006,72,NA,NA,0.36,140.76
"7517",2005-12-12,"2005",2006,73,NA,NA,0.36,141.12
"7518",2005-12-13,"2005",2006,74,26,0.5,0.36,141.48
"7519",2005-12-14,"2005",2006,75,26.1428571428571,0.471428571428571,0.36,141.84
"7520",2005-12-15,"2005",2006,76,26.2857142857143,0.442857142857143,0.36,142.2
"7521",2005-12-16,"2005",2006,77,26.4285714285714,0.414285714285714,0.36,142.56
"7522",2005-12-17,"2005",2006,78,26.5714285714286,0.385714285714286,0.36,142.92
"7523",2005-12-18,"2005",2006,79,26.7142857142857,0.357142857142857,0.36,143.28
"7524",2005-12-19,"2005",2006,80,26.8571428571429,0.328571428571429,0.36,143.64
"7525",2005-12-20,"2005",2006,81,27,0.3,0.36,144
"7526",2005-12-21,"2005",2006,82,26.5714285714286,1.15,0.36,144.36
"7527",2005-12-22,"2005",2006,83,26.1428571428571,2,0.36,144.72
"7528",2005-12-23,"2005",2006,84,25.7142857142857,1.7,0.36,145.08
"7529",2005-12-24,"2005",2006,85,25.2857142857143,1.4,0.36,145.44
"7530",2005-12-25,"2005",2006,86,24.8571428571429,1.1,0.36,145.8
"7531",2005-12-26,"2005",2006,87,24.4285714285714,0.8,0.36,146.16
"7532",2005-12-27,"2005",2006,88,24,0.5,0.36,146.52
"7533",2005-12-28,"2005",2006,89,24.2857142857143,0.5,0.36,146.88
"7534",2005-12-29,"2005",2006,90,24.5714285714286,0.5,0.36,147.24
"7535",2005-12-30,"2005",2006,91,24.8571428571429,0.5,0.36,147.6
"7536",2005-12-31,"2005",2006,92,25.1428571428571,0.5,0.01,147.61
"7537",2006-01-01,"2006",2006,93,25.4285714285714,0.5,0.01,147.62
"7538",2006-01-02,"2006",2006,94,25.7142857142857,0.5,0.01,147.63
"7539",2006-01-03,"2006",2006,95,26,0.5,0.01,147.64
"7540",2006-01-04,"2006",2006,96,25.7142857142857,0.471428571428571,0.01,147.65
"7541",2006-01-05,"2006",2006,97,25.4285714285714,0.442857142857143,0.01,147.66
"7542",2006-01-06,"2006",2006,98,25.1428571428571,0.414285714285714,0.01,147.67
"7543",2006-01-07,"2006",2006,99,24.8571428571429,0.385714285714286,0.01,147.68
"7544",2006-01-08,"2006",2006,100,24.5714285714286,0.357142857142857,0.01,147.69
"7545",2006-01-09,"2006",2006,101,24.2857142857143,0.328571428571429,0.01,147.7
"7546",2006-01-10,"2006",2006,102,24,0.3,0.01,147.71
"7547",2006-01-11,"2006",2006,103,24.2857142857143,0.271428571428571,0.01,147.72
"7548",2006-01-12,"2006",2006,104,24.5714285714286,0.242857142857143,0.01,147.73
"7549",2006-01-13,"2006",2006,105,24.8571428571429,0.214285714285714,0.01,147.74
"7550",2006-01-14,"2006",2006,106,25.1428571428571,0.185714285714286,0.01,147.75
"7551",2006-01-15,"2006",2006,107,25.4285714285714,0.157142857142857,0.01,147.76
"7552",2006-01-16,"2006",2006,108,25.7142857142857,0.128571428571429,0.01,147.77
"7553",2006-01-17,"2006",2006,109,26,0.1,0.01,147.78
"7554",2006-01-18,"2006",2006,110,26.1428571428571,0.128571428571429,0.01,147.79
"7555",2006-01-19,"2006",2006,111,26.2857142857143,0.157142857142857,0.01,147.8
"7556",2006-01-20,"2006",2006,112,26.4285714285714,0.185714285714286,0.01,147.81
"7557",2006-01-21,"2006",2006,113,26.5714285714286,0.214285714285714,0.01,147.82
"7558",2006-01-22,"2006",2006,114,26.7142857142857,0.242857142857143,0.01,147.83
"7559",2006-01-23,"2006",2006,115,26.8571428571429,0.271428571428571,0.01,147.84
"7560",2006-01-24,"2006",2006,116,27,0.3,0.01,147.85
"7561",2006-01-25,"2006",2006,117,27.1428571428571,0.328571428571429,0.01,147.86
"7562",2006-01-26,"2006",2006,118,27.2857142857143,0.357142857142857,0.01,147.87
"7563",2006-01-27,"2006",2006,119,27.4285714285714,0.385714285714286,0.01,147.88
"7564",2006-01-28,"2006",2006,120,27.5714285714286,0.414285714285714,0.01,147.89
"7565",2006-01-29,"2006",2006,121,27.7142857142857,0.442857142857143,0.01,147.9
"7566",2006-01-30,"2006",2006,122,27.8571428571429,0.471428571428571,0.01,147.91
"7567",2006-01-31,"2006",2006,123,28,0.5,0.01,147.92
"7568",2006-02-01,"2006",2006,124,27.8571428571429,0.471428571428571,0.01,147.93
"7569",2006-02-02,"2006",2006,125,27.7142857142857,0.442857142857143,0.01,147.94
"7570",2006-02-03,"2006",2006,126,27.5714285714286,0.414285714285714,0.01,147.95
"7571",2006-02-04,"2006",2006,127,27.4285714285714,0.385714285714286,0.01,147.96
"7572",2006-02-05,"2006",2006,128,27.2857142857143,0.357142857142857,0.01,147.97
"7573",2006-02-06,"2006",2006,129,27.1428571428571,0.328571428571429,0.01,147.98
"7574",2006-02-07,"2006",2006,130,27,0.3,0.01,147.99
"7575",2006-02-08,"2006",2006,131,26.7142857142857,0.271428571428571,0.01,148
"7576",2006-02-09,"2006",2006,132,26.4285714285714,0.242857142857143,0.01,148.01
"7577",2006-02-10,"2006",2006,133,26.1428571428571,0.214285714285714,0.01,148.02
"7578",2006-02-11,"2006",2006,134,25.8571428571429,0.185714285714286,0.01,148.03
"7579",2006-02-12,"2006",2006,135,25.5714285714286,0.157142857142857,0.01,148.04
"7580",2006-02-13,"2006",2006,136,25.2857142857143,0.128571428571429,0.01,148.05
"7581",2006-02-14,"2006",2006,137,25,0.1,0.01,148.06
"7582",2006-02-15,"2006",2006,138,25,0.128571428571429,0.01,148.07
"7583",2006-02-16,"2006",2006,139,25,0.157142857142857,0.01,148.08
"7584",2006-02-17,"2006",2006,140,25,0.185714285714286,0.01,148.09
"7585",2006-02-18,"2006",2006,141,25,0.214285714285714,0.01,148.1
"7586",2006-02-19,"2006",2006,142,25,0.242857142857143,0.01,148.11
"7587",2006-02-20,"2006",2006,143,25,0.271428571428571,0.01,148.12
"7588",2006-02-21,"2006",2006,144,25,0.3,0.01,148.13
"7589",2006-02-22,"2006",2006,145,25,0.228571428571429,0.01,148.14
"7590",2006-02-23,"2006",2006,146,25,0.157142857142857,0.01,148.15
"7591",2006-02-24,"2006",2006,147,25,0.0857142857142857,0.01,148.16
"7592",2006-02-25,"2006",2006,148,25,0.0142857142857143,0.01,148.17
"7593",2006-02-26,"2006",2006,149,25,-0.0571428571428572,0.01,148.18
"7594",2006-02-27,"2006",2006,150,25,-0.128571428571429,0.01,148.19
"7595",2006-02-28,"2006",2006,151,25,-0.2,0.36,148.55
"7596",2006-03-01,"2006",2006,152,25,-0.242857142857143,0.36,148.91
"7597",2006-03-02,"2006",2006,153,25,-0.285714285714286,0.36,149.27
"7598",2006-03-03,"2006",2006,154,25,-0.328571428571429,0.36,149.63
"7599",2006-03-04,"2006",2006,155,25,-0.371428571428571,0.36,149.99
"7600",2006-03-05,"2006",2006,156,25,-0.414285714285714,0.36,150.35
"7601",2006-03-06,"2006",2006,157,25,-0.457142857142857,0.36,150.71
"7602",2006-03-07,"2006",2006,158,25,-0.5,0.36,151.07
"7603",2006-03-08,"2006",2006,159,24.8571428571429,-0.5,0.36,151.43
"7604",2006-03-09,"2006",2006,160,24.7142857142857,-0.5,0.36,151.79
"7605",2006-03-10,"2006",2006,161,24.5714285714286,-0.5,0.36,152.15
"7606",2006-03-11,"2006",2006,162,24.4285714285714,-0.5,0.36,152.51
"7607",2006-03-12,"2006",2006,163,24.2857142857143,-0.5,0.36,152.87
"7608",2006-03-13,"2006",2006,164,24.1428571428571,-0.5,0.36,153.23
"7609",2006-03-14,"2006",2006,165,24,-0.5,0.36,153.59
"7610",2006-03-15,"2006",2006,166,24.1428571428571,-0.357142857142857,0.36,153.95
"7611",2006-03-16,"2006",2006,167,24.2857142857143,-0.214285714285714,0.36,154.31
"7612",2006-03-17,"2006",2006,168,24.4285714285714,-0.0714285714285715,0.36,154.67
"7613",2006-03-18,"2006",2006,169,24.5714285714286,0.0714285714285714,0.36,155.03
"7614",2006-03-19,"2006",2006,170,24.7142857142857,0.214285714285714,0.36,155.39
"7615",2006-03-20,"2006",2006,171,24.8571428571429,0.357142857142857,0.36,155.75
"7616",2006-03-21,"2006",2006,172,25,0.5,0.36,156.11
"7617",2006-03-22,"2006",2006,173,25,0.471428571428571,0.36,156.47
"7618",2006-03-23,"2006",2006,174,25,0.442857142857143,0.36,156.83
"7619",2006-03-24,"2006",2006,175,25,0.414285714285714,0.36,157.19
"7620",2006-03-25,"2006",2006,176,25,0.385714285714286,0.36,157.55
"7621",2006-03-26,"2006",2006,177,25,0.357142857142857,0.36,157.91
"7622",2006-03-27,"2006",2006,178,25,0.328571428571429,0.36,158.27
"7623",2006-03-28,"2006",2006,179,25,0.3,0.36,158.63
"7624",2006-03-29,"2006",2006,180,24.8571428571429,0.285714285714286,0.36,158.99
"7625",2006-03-30,"2006",2006,181,24.7142857142857,0.271428571428571,0.36,159.35
"7626",2006-03-31,"2006",2006,182,24.5714285714286,0.257142857142857,1.07,160.42
"7627",2006-04-01,"2006",2006,183,24.4285714285714,0.242857142857143,1.07,161.49
"7628",2006-04-02,"2006",2006,184,24.2857142857143,0.228571428571429,1.07,162.56
"7629",2006-04-03,"2006",2006,185,24.1428571428571,0.214285714285714,1.07,163.63
"7630",2006-04-04,"2006",2006,186,24,0.2,1.07,164.7
"7631",2006-04-05,"2006",2006,187,23.7142857142857,0.242857142857143,1.07,165.77
"7632",2006-04-06,"2006",2006,188,23.4285714285714,0.285714285714286,1.07,166.84
"7633",2006-04-07,"2006",2006,189,23.1428571428571,0.328571428571429,1.07,167.91
"7634",2006-04-08,"2006",2006,190,22.8571428571429,0.371428571428571,1.07,168.98
"7635",2006-04-09,"2006",2006,191,22.5714285714286,0.414285714285714,1.07,170.05
"7636",2006-04-10,"2006",2006,192,22.2857142857143,0.457142857142857,1.07,171.12
"7637",2006-04-11,"2006",2006,193,22,0.5,1.07,172.19
"7638",2006-04-12,"2006",2006,194,21.4285714285714,0.585714285714286,1.07,173.26
"7639",2006-04-13,"2006",2006,195,20.8571428571429,0.671428571428571,1.07,174.33
"7640",2006-04-14,"2006",2006,196,20.2857142857143,0.757142857142857,1.07,175.4
"7641",2006-04-15,"2006",2006,197,19.7142857142857,0.842857142857143,1.07,176.47
"7642",2006-04-16,"2006",2006,198,19.1428571428571,0.928571428571429,1.07,177.54
"7643",2006-04-17,"2006",2006,199,18.5714285714286,1.01428571428571,1.07,178.61
"7644",2006-04-18,"2006",2006,200,18,1.1,4.15,182.76
"7645",2006-04-19,"2006",2006,201,17.8571428571429,3.05,4.15,186.91
"7646",2006-04-20,"2006",2006,202,17.7142857142857,5,3.19,190.1
"7647",2006-04-21,"2006",2006,203,17.5714285714286,4.1,2.36,192.46
"7648",2006-04-22,"2006",2006,204,17.4285714285714,3.2,2.15,194.61
"7649",2006-04-23,"2006",2006,205,17.2857142857143,2.3,2.33,196.94
"7650",2006-04-24,"2006",2006,206,17.1428571428571,1.4,2.24,199.18
"7651",2006-04-25,"2006",2006,207,17,0.5,2,201.18
"7652",2006-04-26,"2006",2006,208,16.8571428571429,3.5,1.77,202.95
"7653",2006-04-27,"2006",2006,209,16.7142857142857,3.48333333333333,1.64,204.59
"7654",2006-04-28,"2006",2006,210,16.5714285714286,3.46666666666667,1.56,206.15
"7655",2006-04-29,"2006",2006,211,16.4285714285714,3.45,1.39,207.54
"7656",2006-04-30,"2006",2006,212,16.2857142857143,3.43333333333333,1.21,208.75
"7657",2006-05-01,"2006",2006,213,16.1428571428571,3.41666666666667,1.07,209.82
"7658",2006-05-02,"2006",2006,214,16,3.4,1.06,210.88
"7659",2006-05-03,"2006",2006,215,15.8571428571429,2.5,1.12,212
"7660",2006-05-04,"2006",2006,216,15.7142857142857,2.58333333333333,1.6,213.6
"7661",2006-05-05,"2006",2006,217,15.5714285714286,2.66666666666667,2.27,215.87
"7662",2006-05-06,"2006",2006,218,15.4285714285714,2.75,2.57,218.44
"7663",2006-05-07,"2006",2006,219,15.2857142857143,2.83333333333333,2.28,220.72
"7664",2006-05-08,"2006",2006,220,15.1428571428571,2.91666666666667,2.16,222.88
"7665",2006-05-09,"2006",2006,221,15,3,3.04,225.92
"7666",2006-05-10,"2006",2006,222,14.4285714285714,3.28571428571429,5.11,231.03
"7667",2006-05-11,"2006",2006,223,13.8571428571429,3.57142857142857,4.36,235.39
"7668",2006-05-12,"2006",2006,224,13.2857142857143,3.85714285714286,3.46,238.85
"7669",2006-05-13,"2006",2006,225,12.7142857142857,4.14285714285714,3.01,241.86
"7670",2006-05-14,"2006",2006,226,12.1428571428571,4.42857142857143,3.65,245.51
"7671",2006-05-15,"2006",2006,227,11.5714285714286,4.71428571428571,5.35,250.86
"7672",2006-05-16,"2006",2006,228,11,5,6.25,257.11
"7673",2006-05-17,"2006",2006,229,10.8571428571429,4.74285714285714,5.76,262.87
"7674",2006-05-18,"2006",2006,230,10.7142857142857,4.48571428571429,10,272.87
"7675",2006-05-19,"2006",2006,231,10.5714285714286,4.22857142857143,17.2,290.07
"7676",2006-05-20,"2006",2006,232,10.4285714285714,3.97142857142857,21.6,311.67
"7677",2006-05-21,"2006",2006,233,10.2857142857143,3.71428571428571,24.3,335.97
"7678",2006-05-22,"2006",2006,234,10.1428571428571,3.45714285714286,23.7,359.67
"7679",2006-05-23,"2006",2006,235,10,3.2,18,377.67
"7680",2006-05-24,"2006",2006,236,10.1428571428571,3.91428571428571,21.2,398.87
"7681",2006-05-25,"2006",2006,237,10.2857142857143,4.62857142857143,19.9,418.77
"7682",2006-05-26,"2006",2006,238,10.4285714285714,5.34285714285714,18.4,437.17
"7683",2006-05-27,"2006",2006,239,10.5714285714286,6.05714285714286,16.8,453.97
"7684",2006-05-28,"2006",2006,240,10.7142857142857,6.77142857142857,15.8,469.77
"7685",2006-05-29,"2006",2006,241,10.8571428571429,7.48571428571428,19.3,489.07
"7686",2006-05-30,"2006",2006,242,11,8.2,19.6,508.67
"7687",2006-05-31,"2006",2006,243,10.7142857142857,NA,17.4,526.07
"7688",2006-06-01,"2006",2006,244,10.4285714285714,NA,29.3,555.37
"7689",2006-06-02,"2006",2006,245,10.1428571428571,NA,24.4,579.77
"7690",2006-06-03,"2006",2006,246,9.85714285714286,NA,18.5,598.27
"7691",2006-06-04,"2006",2006,247,9.57142857142857,NA,15.8,614.07
"7692",2006-06-05,"2006",2006,248,9.28571428571429,NA,17.8,631.87
"7693",2006-06-06,"2006",2006,249,9,NA,20.3,652.17
"7694",2006-06-07,"2006",2006,250,NA,NA,18.9,671.07
"7695",2006-06-08,"2006",2006,251,NA,NA,17.4,688.47
"7696",2006-06-09,"2006",2006,252,NA,NA,15.4,703.87
"7697",2006-06-10,"2006",2006,253,NA,NA,13.6,717.47
"7698",2006-06-11,"2006",2006,254,NA,NA,14.8,732.27
"7699",2006-06-12,"2006",2006,255,NA,NA,12.9,745.17
"7700",2006-06-13,"2006",2006,256,NA,10.5,12.6,757.77
"7701",2006-06-14,"2006",2006,257,NA,10.5,16.4,774.17
"7702",2006-06-15,"2006",2006,258,NA,10.5,23.5,797.67
"7703",2006-06-16,"2006",2006,259,NA,10.5,27.8,825.47
"7704",2006-06-17,"2006",2006,260,NA,10.5,30.8,856.27
"7705",2006-06-18,"2006",2006,261,NA,10.5,33.3,889.57
"7706",2006-06-19,"2006",2006,262,NA,10.5,33.8,923.37
"7707",2006-06-20,"2006",2006,263,8,10.5,31.7,955.07
"7708",2006-06-21,"2006",2006,264,NA,10.5714285714286,27.4,982.47
"7709",2006-06-22,"2006",2006,265,NA,10.6428571428571,27.4,1009.87
"7710",2006-06-23,"2006",2006,266,NA,10.7142857142857,25.6,1035.47
"7711",2006-06-24,"2006",2006,267,NA,10.7857142857143,24.5,1059.97
"7712",2006-06-25,"2006",2006,268,NA,10.8571428571429,25.2,1085.17
"7713",2006-06-26,"2006",2006,269,NA,10.9285714285714,24.7,1109.87
"7714",2006-06-27,"2006",2006,270,NA,11,23.3,1133.17
"7715",2006-06-28,"2006",2006,271,NA,10.8333333333333,22.2,1155.37
"7716",2006-06-29,"2006",2006,272,NA,10.6666666666667,20,1175.37
"7717",2006-06-30,"2006",2006,273,NA,10.5,19.9,1195.27
"7718",2006-07-01,"2006",2006,274,NA,10.3333333333333,20.5,1215.77
"7719",2006-07-02,"2006",2006,275,NA,10.1666666666667,21.1,1236.87
"7720",2006-07-03,"2006",2006,276,NA,10,20.3,1257.17
"7721",2006-07-04,"2006",2006,277,9,10.5,18.5,1275.67
"7722",2006-07-05,"2006",2006,278,NA,10,16.9,1292.57
"7723",2006-07-06,"2006",2006,279,NA,9.5,16.9,1309.47
"7724",2006-07-07,"2006",2006,280,NA,9,17.8,1327.27
"7725",2006-07-08,"2006",2006,281,NA,8.5,19.3,1346.57
"7726",2006-07-09,"2006",2006,282,NA,8,19.6,1366.17
"7727",2006-07-10,"2006",2006,283,NA,7.5,18.3,1384.47
"7728",2006-07-11,"2006",2006,284,NA,7,17.9,1402.37
"7729",2006-07-12,"2006",2006,285,NA,7.71428571428571,19.7,1422.07
"7730",2006-07-13,"2006",2006,286,NA,8.42857142857143,26.3,1448.37
"7731",2006-07-14,"2006",2006,287,NA,9.14285714285714,37.6,1485.97
"7732",2006-07-15,"2006",2006,288,NA,9.85714285714286,25.4,1511.37
"7733",2006-07-16,"2006",2006,289,NA,10.5714285714286,23.2,1534.57
"7734",2006-07-17,"2006",2006,290,NA,11.2857142857143,22,1556.57
"7735",2006-07-18,"2006",2006,291,NA,12,18.8,1575.37
"7736",2006-07-19,"2006",2006,292,NA,11.9285714285714,17.2,1592.57
"7737",2006-07-20,"2006",2006,293,NA,11.8571428571429,16.8,1609.37
"7738",2006-07-21,"2006",2006,294,NA,11.7857142857143,17.1,1626.47
"7739",2006-07-22,"2006",2006,295,NA,11.7142857142857,18.9,1645.37
"7740",2006-07-23,"2006",2006,296,NA,11.6428571428571,21.6,1666.97
"7741",2006-07-24,"2006",2006,297,NA,11.5714285714286,26,1692.97
"7742",2006-07-25,"2006",2006,298,NA,11.5,25.8,1718.77
"7743",2006-07-26,"2006",2006,299,NA,11.5428571428571,19.7,1738.47
"7744",2006-07-27,"2006",2006,300,NA,11.5857142857143,16.9,1755.37
"7745",2006-07-28,"2006",2006,301,NA,11.6285714285714,15.5,1770.87
"7746",2006-07-29,"2006",2006,302,NA,11.6714285714286,15,1785.87
"7747",2006-07-30,"2006",2006,303,NA,11.7142857142857,15,1800.87
"7748",2006-07-31,"2006",2006,304,NA,11.7571428571429,15.5,1816.37
"7749",2006-08-01,"2006",2006,305,8,11.8,20.6,1836.97
"7750",2006-08-02,"2006",2006,306,NA,13,32.4,1869.37
"7751",2006-08-03,"2006",2006,307,NA,12.75,20.6,1889.97
"7752",2006-08-04,"2006",2006,308,NA,12.5,20.6,1910.57
"7753",2006-08-05,"2006",2006,309,NA,12.25,20.6,1931.17
"7754",2006-08-06,"2006",2006,310,NA,12,20.6,1951.77
"7755",2006-08-07,"2006",2006,311,NA,11.75,20.6,1972.37
"7756",2006-08-08,"2006",2006,312,NA,11.5,14.4,1986.77
"7757",2006-08-09,"2006",2006,313,NA,11.5714285714286,15.4,2002.17
"7758",2006-08-10,"2006",2006,314,NA,11.6428571428571,20.4,2022.57
"7759",2006-08-11,"2006",2006,315,NA,11.7142857142857,19.1,2041.67
"7760",2006-08-12,"2006",2006,316,NA,11.7857142857143,16.1,2057.77
"7761",2006-08-13,"2006",2006,317,NA,11.8571428571429,16.1,2073.87
"7762",2006-08-14,"2006",2006,318,NA,11.9285714285714,14.5,2088.37
"7763",2006-08-15,"2006",2006,319,NA,12,12.7,2101.07
"7764",2006-08-16,"2006",2006,320,NA,11.9285714285714,11.8,2112.87
"7765",2006-08-17,"2006",2006,321,NA,11.8571428571429,6.8,2119.67
"7766",2006-08-18,"2006",2006,322,NA,11.7857142857143,6.9,2126.57
"7767",2006-08-19,"2006",2006,323,NA,11.7142857142857,7,2133.57
"7768",2006-08-20,"2006",2006,324,NA,11.6428571428571,6.9,2140.47
"7769",2006-08-21,"2006",2006,325,NA,11.5714285714286,6.6,2147.07
"7770",2006-08-22,"2006",2006,326,NA,11.5,6.2,2153.27
"7771",2006-08-23,"2006",2006,327,NA,11.5,6,2159.27
"7772",2006-08-24,"2006",2006,328,NA,11.5,5.8,2165.07
"7773",2006-08-25,"2006",2006,329,NA,11.5,5.3,2170.37
"7774",2006-08-26,"2006",2006,330,NA,11.5,5.3,2175.67
"7775",2006-08-27,"2006",2006,331,NA,11.5,5,2180.67
"7776",2006-08-28,"2006",2006,332,NA,11.5,4.6,2185.27
"7777",2006-08-29,"2006",2006,333,NA,11.5,4.4,2189.67
"7778",2006-08-30,"2006",2006,334,NA,11.7142857142857,4.1,2193.77
"7779",2006-08-31,"2006",2006,335,NA,11.9285714285714,4.1,2197.87
"7780",2006-09-01,"2006",2006,336,NA,12.1428571428571,4.1,2201.97
"7781",2006-09-02,"2006",2006,337,NA,12.3571428571429,3.8,2205.77
"7782",2006-09-03,"2006",2006,338,NA,12.5714285714286,3.6,2209.37
"7783",2006-09-04,"2006",2006,339,NA,12.7857142857143,3.4,2212.77
"7784",2006-09-05,"2006",2006,340,NA,13,3.2,2215.97
"7785",2006-09-06,"2006",2006,341,NA,12.4428571428571,3,2218.97
"7786",2006-09-07,"2006",2006,342,NA,11.8857142857143,3.1,2222.07
"7787",2006-09-08,"2006",2006,343,NA,11.3285714285714,3.8,2225.87
"7788",2006-09-09,"2006",2006,344,NA,10.7714285714286,4.9,2230.77
"7789",2006-09-10,"2006",2006,345,NA,10.2142857142857,5.3,2236.07
"7790",2006-09-11,"2006",2006,346,NA,9.65714285714286,5.3,2241.37
"7791",2006-09-12,"2006",2006,347,12,9.1,5.1,2246.47
"7792",2006-09-13,"2006",2006,348,12,8.41428571428571,4.8,2251.27
"7793",2006-09-14,"2006",2006,349,12,7.72857142857143,4.3,2255.57
"7794",2006-09-15,"2006",2006,350,12,7.04285714285714,4.4,2259.97
"7795",2006-09-16,"2006",2006,351,12,6.35714285714286,4.1,2264.07
"7796",2006-09-17,"2006",2006,352,12,5.67142857142857,3,2267.07
"7797",2006-09-18,"2006",2006,353,12,4.98571428571429,3.4,2270.47
"7798",2006-09-19,"2006",2006,354,12,4.3,3.1,2273.57
"7799",2006-09-20,"2006",2006,355,12.5714285714286,3.97142857142857,3.1,2276.67
"7800",2006-09-21,"2006",2006,356,13.1428571428571,3.64285714285714,3.1,2279.77
"7801",2006-09-22,"2006",2006,357,13.7142857142857,3.31428571428571,2.9,2282.67
"7802",2006-09-23,"2006",2006,358,14.2857142857143,2.98571428571429,2.5,2285.17
"7803",2006-09-24,"2006",2006,359,14.8571428571429,2.65714285714286,2.4,2287.57
"7804",2006-09-25,"2006",2006,360,15.4285714285714,2.32857142857143,2.2,2289.77
"7805",2006-09-26,"2006",2006,361,16,2,2,2291.77
"7806",2006-09-27,"2006",2006,362,14,3.5,2,2293.77
"7807",2006-10-03,"2006",2007,3,12,5.8,1.7,5.1
"7808",2006-10-04,"2006",2007,4,12.1428571428571,5.04285714285714,1.7,6.8
"7809",2006-10-05,"2006",2007,5,12.2857142857143,4.28571428571429,1.7,8.5
"7810",2006-10-06,"2006",2007,6,12.4285714285714,3.52857142857143,1.7,10.2
"7811",2006-10-07,"2006",2007,7,12.5714285714286,2.77142857142857,1.8,12
"7812",2006-10-08,"2006",2007,8,12.7142857142857,2.01428571428571,1.8,13.8
"7813",2006-10-09,"2006",2007,9,12.8571428571429,1.25714285714286,1.9,15.7
"7814",2006-10-10,"2006",2007,10,13,0.5,1.7,17.4
"7815",2006-10-11,"2006",2007,11,13,0.528571428571429,1.6,19
"7816",2006-10-12,"2006",2007,12,13,0.557142857142857,1.8,20.8
"7817",2006-10-13,"2006",2007,13,13,0.585714285714286,1.8,22.6
"7818",2006-10-14,"2006",2007,14,13,0.614285714285714,1.8,24.4
"7819",2006-10-15,"2006",2007,15,13,0.642857142857143,1.7,26.1
"7820",2006-10-16,"2006",2007,16,13,0.671428571428571,1.7,27.8
"7821",2006-10-17,"2006",2007,17,13,0.7,1.7,29.5
"7822",2006-10-18,"2006",2007,18,13.1428571428571,0.7,1.8,31.3
"7823",2006-10-19,"2006",2007,19,13.2857142857143,0.7,1.8,33.1
"7824",2006-10-20,"2006",2007,20,13.4285714285714,0.7,1.8,34.9
"7825",2006-10-21,"2006",2007,21,13.5714285714286,0.7,1.8,36.7
"7826",2006-10-22,"2006",2007,22,13.7142857142857,0.7,1.4,38.1
"7827",2006-10-23,"2006",2007,23,13.8571428571429,0.7,0.88,38.98
"7828",2006-10-24,"2006",2007,24,14,0.7,0.88,39.86
"7829",2006-10-25,"2006",2007,25,14,0.928571428571428,1.1,40.96
"7830",2006-10-26,"2006",2007,26,14,1.15714285714286,0.95,41.91
"7831",2006-10-27,"2006",2007,27,14,1.38571428571429,0.79,42.7
"7832",2006-10-28,"2006",2007,28,14,1.61428571428571,0.72,43.42
"7833",2006-10-29,"2006",2007,29,14,1.84285714285714,0.72,44.14
"7834",2006-10-30,"2006",2007,30,14,2.07142857142857,0.67,44.81
"7835",2006-10-31,"2006",2007,31,14,2.3,0.64,45.45
"7836",2006-11-01,"2006",2007,32,14,2.25714285714286,0.64,46.09
"7837",2006-11-02,"2006",2007,33,14,2.21428571428571,0.62,46.71
"7838",2006-11-03,"2006",2007,34,14,2.17142857142857,0.6,47.31
"7839",2006-11-04,"2006",2007,35,14,2.12857142857143,0.5,47.81
"7840",2006-11-05,"2006",2007,36,14,2.08571428571429,0.49,48.3
"7841",2006-11-06,"2006",2007,37,14,2.04285714285714,0.49,48.79
"7842",2006-11-07,"2006",2007,38,14,2,0.49,49.28
"7843",2006-11-08,"2006",2007,39,14.7142857142857,1.74285714285714,0.53,49.81
"7844",2006-11-09,"2006",2007,40,15.4285714285714,1.48571428571429,0.55,50.36
"7845",2006-11-10,"2006",2007,41,16.1428571428571,1.22857142857143,0.49,50.85
"7846",2006-11-11,"2006",2007,42,16.8571428571429,0.971428571428572,0.49,51.34
"7847",2006-11-12,"2006",2007,43,17.5714285714286,0.714285714285714,0.45,51.79
"7848",2006-11-13,"2006",2007,44,18.2857142857143,0.457142857142857,0.46,52.25
"7849",2006-11-14,"2006",2007,45,19,0.2,0.44,52.69
"7850",2006-11-15,"2006",2007,46,18.8571428571429,1.13333333333333,0.42,53.11
"7851",2006-11-16,"2006",2007,47,18.7142857142857,2.06666666666667,0.37,53.48
"7852",2006-11-17,"2006",2007,48,18.5714285714286,3,0.36,53.84
"7853",2006-11-18,"2006",2007,49,18.4285714285714,2.625,0.36,54.2
"7854",2006-11-19,"2006",2007,50,18.2857142857143,2.25,0.36,54.56
"7855",2006-11-20,"2006",2007,51,18.1428571428571,1.875,0.36,54.92
"7856",2006-11-21,"2006",2007,52,18,1.5,0.36,55.28
"7857",2006-11-22,"2006",2007,53,18.2857142857143,1.44285714285714,0.36,55.64
"7858",2006-11-23,"2006",2007,54,18.5714285714286,1.38571428571429,0.36,56
"7859",2006-11-24,"2006",2007,55,18.8571428571429,1.32857142857143,0.36,56.36
"7860",2006-11-25,"2006",2007,56,19.1428571428571,1.27142857142857,0.36,56.72
"7861",2006-11-26,"2006",2007,57,19.4285714285714,1.21428571428571,0.36,57.08
"7862",2006-11-27,"2006",2007,58,19.7142857142857,1.15714285714286,0.36,57.44
"7863",2006-11-28,"2006",2007,59,20,1.1,0.36,57.8
"7864",2006-11-29,"2006",2007,60,19.7142857142857,1.11428571428571,0.36,58.16
"7865",2006-11-30,"2006",2007,61,19.4285714285714,1.12857142857143,0.36,58.52
"7866",2006-12-01,"2006",2007,62,19.1428571428571,1.14285714285714,0.35,58.87
"7867",2006-12-02,"2006",2007,63,18.8571428571429,1.15714285714286,0.33,59.2
"7868",2006-12-03,"2006",2007,64,18.5714285714286,1.17142857142857,0.3,59.5
"7869",2006-12-04,"2006",2007,65,18.2857142857143,1.18571428571429,0.3,59.8
"7870",2006-12-05,"2006",2007,66,18,1.2,0.3,60.1
"7871",2006-12-06,"2006",2007,67,18.1428571428571,1.13333333333333,0.3,60.4
"7872",2006-12-07,"2006",2007,68,18.2857142857143,1.06666666666667,0.3,60.7
"7873",2006-12-08,"2006",2007,69,18.4285714285714,1,0.25,60.95
"7874",2006-12-09,"2006",2007,70,18.5714285714286,NA,0.26,61.21
"7875",2006-12-10,"2006",2007,71,18.7142857142857,NA,0.29,61.5
"7876",2006-12-11,"2006",2007,72,18.8571428571429,NA,0.27,61.77
"7877",2006-12-12,"2006",2007,73,19,NA,0.25,62.02
"7878",2006-12-13,"2006",2007,74,18.7142857142857,NA,0.24,62.26
"7879",2006-12-14,"2006",2007,75,18.4285714285714,NA,0.24,62.5
"7880",2006-12-15,"2006",2007,76,18.1428571428571,NA,0.24,62.74
"7881",2006-12-16,"2006",2007,77,17.8571428571429,NA,0.24,62.98
"7882",2006-12-17,"2006",2007,78,17.5714285714286,NA,0.24,63.22
"7883",2006-12-18,"2006",2007,79,17.2857142857143,NA,0.24,63.46
"7884",2006-12-19,"2006",2007,80,17,NA,0.27,63.73
"7885",2006-12-20,"2006",2007,81,NA,NA,0.3,64.03
"7886",2006-12-21,"2006",2007,82,NA,NA,0.3,64.33
"7887",2006-12-22,"2006",2007,83,NA,NA,0.3,64.63
"7888",2006-12-23,"2006",2007,84,NA,NA,0.25,64.88
"7889",2006-12-24,"2006",2007,85,NA,NA,0.24,65.12
"7890",2006-12-25,"2006",2007,86,NA,NA,0.24,65.36
"7891",2006-12-26,"2006",2007,87,NA,NA,0.24,65.6
"7892",2006-12-27,"2006",2007,88,NA,NA,0.24,65.84
"7893",2006-12-28,"2006",2007,89,NA,NA,0.24,66.08
"7894",2006-12-29,"2006",2007,90,NA,NA,0.24,66.32
"7895",2006-12-30,"2006",2007,91,NA,NA,0.22,66.54
"7896",2006-12-31,"2006",2007,92,NA,NA,0.24,66.78
"7897",2007-01-01,"2007",2007,93,NA,NA,0.24,67.02
"7898",2007-01-02,"2007",2007,94,17,0.4,0.24,67.26
"7899",2007-01-03,"2007",2007,95,NA,NA,0.24,67.4999999999999
"7900",2007-01-04,"2007",2007,96,NA,NA,0.24,67.7399999999999
"7901",2007-01-05,"2007",2007,97,NA,NA,0.24,67.9799999999999
"7902",2007-01-06,"2007",2007,98,NA,NA,0.24,68.2199999999999
"7903",2007-01-07,"2007",2007,99,NA,NA,0.24,68.4599999999999
"7904",2007-01-08,"2007",2007,100,NA,NA,0.24,68.6999999999999
"7905",2007-01-09,"2007",2007,101,NA,NA,0.24,68.9399999999999
"7906",2007-01-10,"2007",2007,102,NA,NA,0.24,69.1799999999999
"7907",2007-01-11,"2007",2007,103,NA,NA,0.24,69.4199999999999
"7908",2007-01-12,"2007",2007,104,NA,NA,0.24,69.6599999999999
"7909",2007-01-13,"2007",2007,105,NA,NA,0.24,69.8999999999999
"7910",2007-01-14,"2007",2007,106,NA,NA,0.24,70.1399999999999
"7911",2007-01-15,"2007",2007,107,NA,NA,0.24,70.3799999999999
"7912",2007-01-16,"2007",2007,108,18,0.5,0.24,70.6199999999999
"7913",2007-01-17,"2007",2007,109,17.8571428571429,0.514285714285714,0.24,70.8599999999999
"7914",2007-01-18,"2007",2007,110,17.7142857142857,0.528571428571429,0.24,71.0999999999999
"7915",2007-01-19,"2007",2007,111,17.5714285714286,0.542857142857143,0.24,71.3399999999999
"7916",2007-01-20,"2007",2007,112,17.4285714285714,0.557142857142857,0.24,71.5799999999999
"7917",2007-01-21,"2007",2007,113,17.2857142857143,0.571428571428571,0.24,71.8199999999999
"7918",2007-01-22,"2007",2007,114,17.1428571428571,0.585714285714286,0.24,72.0599999999998
"7919",2007-01-23,"2007",2007,115,17,0.6,0.24,72.2999999999998
"7920",2007-01-24,"2007",2007,116,17.4285714285714,0.585714285714286,0.24,72.5399999999998
"7921",2007-01-25,"2007",2007,117,17.8571428571429,0.571428571428571,0.24,72.7799999999998
"7922",2007-01-26,"2007",2007,118,18.2857142857143,0.557142857142857,0.24,73.0199999999998
"7923",2007-01-27,"2007",2007,119,18.7142857142857,0.542857142857143,0.24,73.2599999999998
"7924",2007-01-28,"2007",2007,120,19.1428571428571,0.528571428571429,0.24,73.4999999999998
"7925",2007-01-29,"2007",2007,121,19.5714285714286,0.514285714285714,0.24,73.7399999999998
"7926",2007-01-30,"2007",2007,122,20,0.5,0.24,73.9799999999998
"7927",2007-01-31,"2007",2007,123,19.8571428571429,0.5,0.24,74.2199999999998
"7928",2007-02-01,"2007",2007,124,19.7142857142857,0.5,0.24,74.4599999999998
"7929",2007-02-02,"2007",2007,125,19.5714285714286,0.5,0.24,74.6999999999998
"7930",2007-02-03,"2007",2007,126,19.4285714285714,0.5,0.24,74.9399999999998
"7931",2007-02-04,"2007",2007,127,19.2857142857143,0.5,0.24,75.1799999999998
"7932",2007-02-05,"2007",2007,128,19.1428571428571,0.5,0.24,75.4199999999998
"7933",2007-02-06,"2007",2007,129,19,0.5,0.24,75.6599999999998
"7934",2007-02-07,"2007",2007,130,18.7142857142857,0.457142857142857,0.24,75.8999999999998
"7935",2007-02-08,"2007",2007,131,18.4285714285714,0.414285714285714,0.24,76.1399999999998
"7936",2007-02-09,"2007",2007,132,18.1428571428571,0.371428571428571,0.24,76.3799999999998
"7937",2007-02-10,"2007",2007,133,17.8571428571429,0.328571428571429,0.24,76.6199999999997
"7938",2007-02-11,"2007",2007,134,17.5714285714286,0.285714285714286,0.24,76.8599999999997
"7939",2007-02-12,"2007",2007,135,17.2857142857143,0.242857142857143,0.24,77.0999999999997
"7940",2007-02-13,"2007",2007,136,17,0.2,0.24,77.3399999999997
"7941",2007-02-14,"2007",2007,137,17.1428571428571,0.228571428571429,0.24,77.5799999999997
"7942",2007-02-15,"2007",2007,138,17.2857142857143,0.257142857142857,0.24,77.8199999999997
"7943",2007-02-16,"2007",2007,139,17.4285714285714,0.285714285714286,0.24,78.0599999999997
"7944",2007-02-17,"2007",2007,140,17.5714285714286,0.314285714285714,0.24,78.2999999999997
"7945",2007-02-18,"2007",2007,141,17.7142857142857,0.342857142857143,0.24,78.5399999999997
"7946",2007-02-19,"2007",2007,142,17.8571428571429,0.371428571428571,0.24,78.7799999999997
"7947",2007-02-20,"2007",2007,143,18,0.4,0.24,79.0199999999997
"7948",2007-02-21,"2007",2007,144,17.7142857142857,NA,0.24,79.2599999999997
"7949",2007-02-22,"2007",2007,145,17.4285714285714,NA,0.24,79.4999999999997
"7950",2007-02-23,"2007",2007,146,17.1428571428571,NA,0.24,79.7399999999997
"7951",2007-02-24,"2007",2007,147,16.8571428571429,NA,0.24,79.9799999999997
"7952",2007-02-25,"2007",2007,148,16.5714285714286,NA,0.24,80.2199999999997
"7953",2007-02-26,"2007",2007,149,16.2857142857143,NA,0.24,80.4599999999997
"7954",2007-02-27,"2007",2007,150,16,NA,0.24,80.6999999999997
"7955",2007-02-28,"2007",2007,151,16,NA,0.24,80.9399999999997
"7956",2007-03-01,"2007",2007,152,16,NA,0.24,81.1799999999997
"7957",2007-03-02,"2007",2007,153,16,NA,0.24,81.4199999999996
"7958",2007-03-03,"2007",2007,154,16,NA,0.24,81.6599999999996
"7959",2007-03-04,"2007",2007,155,16,NA,0.24,81.8999999999996
"7960",2007-03-05,"2007",2007,156,16,NA,0.24,82.1399999999996
"7961",2007-03-06,"2007",2007,157,16,0.6,0.24,82.3799999999996
"7962",2007-03-07,"2007",2007,158,16,0.585714285714286,0.24,82.6199999999996
"7963",2007-03-08,"2007",2007,159,16,0.571428571428571,0.24,82.8599999999996
"7964",2007-03-09,"2007",2007,160,16,0.557142857142857,0.24,83.0999999999996
"7965",2007-03-10,"2007",2007,161,16,0.542857142857143,0.24,83.3399999999996
"7966",2007-03-11,"2007",2007,162,16,0.528571428571429,0.24,83.5799999999996
"7967",2007-03-12,"2007",2007,163,16,0.514285714285714,0.24,83.8199999999996
"7968",2007-03-13,"2007",2007,164,16,0.5,0.24,84.0599999999996
"7969",2007-03-14,"2007",2007,165,15.5714285714286,0.642857142857143,0.24,84.2999999999996
"7970",2007-03-15,"2007",2007,166,15.1428571428571,0.785714285714286,0.24,84.5399999999996
"7971",2007-03-16,"2007",2007,167,14.7142857142857,0.928571428571429,0.24,84.7799999999996
"7972",2007-03-17,"2007",2007,168,14.2857142857143,1.07142857142857,0.24,85.0199999999996
"7973",2007-03-18,"2007",2007,169,13.8571428571429,1.21428571428571,0.24,85.2599999999996
"7974",2007-03-19,"2007",2007,170,13.4285714285714,1.35714285714286,0.24,85.4999999999996
"7975",2007-03-20,"2007",2007,171,13,1.5,0.24,85.7399999999996
"7976",2007-03-21,"2007",2007,172,12.8571428571429,1.47142857142857,0.25,85.9899999999996
"7977",2007-03-22,"2007",2007,173,12.7142857142857,1.44285714285714,0.3,86.2899999999996
"7978",2007-03-23,"2007",2007,174,12.5714285714286,1.41428571428571,0.3,86.5899999999995
"7979",2007-03-24,"2007",2007,175,12.4285714285714,1.38571428571429,0.3,86.8899999999995
"7980",2007-03-25,"2007",2007,176,12.2857142857143,1.35714285714286,0.35,87.2399999999995
"7981",2007-03-26,"2007",2007,177,12.1428571428571,1.32857142857143,0.36,87.5999999999995
"7982",2007-03-27,"2007",2007,178,12,1.3,0.36,87.9599999999995
"7983",2007-03-28,"2007",2007,179,12,1.21428571428571,0.36,88.3199999999995
"7984",2007-03-29,"2007",2007,180,12,1.12857142857143,0.34,88.6599999999995
"7985",2007-03-30,"2007",2007,181,12,1.04285714285714,0.3,88.9599999999995
"7986",2007-03-31,"2007",2007,182,12,0.957142857142857,0.3,89.2599999999995
"7987",2007-04-01,"2007",2007,183,12,0.871428571428571,0.3,89.5599999999995
"7988",2007-04-02,"2007",2007,184,12,0.785714285714286,0.3,89.8599999999995
"7989",2007-04-03,"2007",2007,185,12,0.7,0.26,90.1199999999995
"7990",2007-04-04,"2007",2007,186,12,0.728571428571429,0.24,90.3599999999995
"7991",2007-04-05,"2007",2007,187,12,0.757142857142857,0.24,90.5999999999995
"7992",2007-04-06,"2007",2007,188,12,0.785714285714286,0.24,90.8399999999995
"7993",2007-04-07,"2007",2007,189,12,0.814285714285714,0.24,91.0799999999995
"7994",2007-04-08,"2007",2007,190,12,0.842857142857143,0.24,91.3199999999995
"7995",2007-04-09,"2007",2007,191,12,0.871428571428571,0.24,91.5599999999995
"7996",2007-04-10,"2007",2007,192,12,0.9,0.24,91.7999999999995
"7997",2007-04-11,"2007",2007,193,13.1428571428571,1.08571428571429,0.24,92.0399999999995
"7998",2007-04-12,"2007",2007,194,14.2857142857143,1.27142857142857,0.24,92.2799999999995
"7999",2007-04-13,"2007",2007,195,15.4285714285714,1.45714285714286,0.24,92.5199999999995
"8000",2007-04-14,"2007",2007,196,16.5714285714286,1.64285714285714,0.24,92.7599999999995
"8001",2007-04-15,"2007",2007,197,17.7142857142857,1.82857142857143,0.24,92.9999999999995
"8002",2007-04-16,"2007",2007,198,18.8571428571429,2.01428571428571,0.25,93.2499999999995
"8003",2007-04-17,"2007",2007,199,20,2.2,0.3,93.5499999999995
"8004",2007-04-18,"2007",2007,200,19.7142857142857,2.05714285714286,0.3,93.8499999999995
"8005",2007-04-19,"2007",2007,201,19.4285714285714,1.91428571428571,0.35,94.1999999999995
"8006",2007-04-20,"2007",2007,202,19.1428571428571,1.77142857142857,0.36,94.5599999999995
"8007",2007-04-21,"2007",2007,203,18.8571428571429,1.62857142857143,0.36,94.9199999999995
"8008",2007-04-22,"2007",2007,204,18.5714285714286,1.48571428571429,0.41,95.3299999999995
"8009",2007-04-23,"2007",2007,205,18.2857142857143,1.34285714285714,0.42,95.7499999999995
"8010",2007-04-24,"2007",2007,206,18,1.2,0.42,96.1699999999995
"8011",2007-04-25,"2007",2007,207,17.4285714285714,1.21428571428571,0.42,96.5899999999995
"8012",2007-04-26,"2007",2007,208,16.8571428571429,1.22857142857143,0.44,97.0299999999995
"8013",2007-04-27,"2007",2007,209,16.2857142857143,1.24285714285714,0.69,97.7199999999995
"8014",2007-04-28,"2007",2007,210,15.7142857142857,1.25714285714286,3,100.719999999999
"8015",2007-04-29,"2007",2007,211,15.1428571428571,1.27142857142857,6.3,107.019999999999
"8016",2007-04-30,"2007",2007,212,14.5714285714286,1.28571428571429,7.7,114.719999999999
"8017",2007-05-01,"2007",2007,213,14,1.3,8.3,123.019999999999
"8018",2007-05-02,"2007",2007,214,14.7142857142857,1.31428571428571,11,134.019999999999
"8019",2007-05-03,"2007",2007,215,15.4285714285714,1.32857142857143,12,146.019999999999
"8020",2007-05-04,"2007",2007,216,16.1428571428571,1.34285714285714,7.1,153.119999999999
"8021",2007-05-05,"2007",2007,217,16.8571428571429,1.35714285714286,4.1,157.219999999999
"8022",2007-05-06,"2007",2007,218,17.5714285714286,1.37142857142857,2.6,159.819999999999
"8023",2007-05-07,"2007",2007,219,18.2857142857143,1.38571428571429,1.6,161.419999999999
"8024",2007-05-08,"2007",2007,220,19,1.4,1.5,162.919999999999
"8025",2007-05-09,"2007",2007,221,18.5714285714286,1.44285714285714,3.1,166.019999999999
"8026",2007-05-10,"2007",2007,222,18.1428571428571,1.48571428571429,8.1,174.119999999999
"8027",2007-05-11,"2007",2007,223,17.7142857142857,1.52857142857143,13,187.119999999999
"8028",2007-05-12,"2007",2007,224,17.2857142857143,1.57142857142857,16,203.119999999999
"8029",2007-05-13,"2007",2007,225,16.8571428571429,1.61428571428571,17,220.119999999999
"8030",2007-05-14,"2007",2007,226,16.4285714285714,1.65714285714286,18,238.119999999999
"8031",2007-05-15,"2007",2007,227,16,1.7,17,255.119999999999
"8032",2007-05-16,"2007",2007,228,15.7142857142857,1.81428571428571,16,271.119999999999
"8033",2007-05-17,"2007",2007,229,15.4285714285714,1.92857142857143,12,283.119999999999
"8034",2007-05-18,"2007",2007,230,15.1428571428571,2.04285714285714,14,297.119999999999
"8035",2007-05-19,"2007",2007,231,14.8571428571429,2.15714285714286,15,312.119999999999
"8036",2007-05-20,"2007",2007,232,14.5714285714286,2.27142857142857,16,328.119999999999
"8037",2007-05-21,"2007",2007,233,14.2857142857143,2.38571428571429,16,344.119999999999
"8038",2007-05-22,"2007",2007,234,14,2.5,11,355.119999999999
"8039",2007-05-23,"2007",2007,235,14,2.75714285714286,8.4,363.519999999999
"8040",2007-05-24,"2007",2007,236,14,3.01428571428571,6.1,369.619999999999
"8041",2007-05-25,"2007",2007,237,14,3.27142857142857,6.4,376.019999999999
"8042",2007-05-26,"2007",2007,238,14,3.52857142857143,8.1,384.119999999999
"8043",2007-05-27,"2007",2007,239,14,3.78571428571429,13,397.119999999999
"8044",2007-05-28,"2007",2007,240,14,4.04285714285714,15,412.119999999999
"8045",2007-05-29,"2007",2007,241,14,4.3,13,425.119999999999
"8046",2007-05-30,"2007",2007,242,14.1428571428571,4.6,11,436.119999999999
"8047",2007-05-31,"2007",2007,243,14.2857142857143,4.9,10,446.119999999999
"8048",2007-06-01,"2007",2007,244,14.4285714285714,5.2,9.9,456.019999999999
"8049",2007-06-02,"2007",2007,245,14.5714285714286,5.5,13,469.019999999999
"8050",2007-06-03,"2007",2007,246,14.7142857142857,5.8,14,483.019999999999
"8051",2007-06-04,"2007",2007,247,14.8571428571429,6.1,14,497.019999999999
"8052",2007-06-05,"2007",2007,248,15,6.4,15,512.019999999999
"8053",2007-06-06,"2007",2007,249,14.8571428571429,6.44285714285714,12,524.019999999999
"8054",2007-06-07,"2007",2007,250,14.7142857142857,6.48571428571429,8.1,532.119999999999
"8055",2007-06-08,"2007",2007,251,14.5714285714286,6.52857142857143,8,540.119999999999
"8056",2007-06-09,"2007",2007,252,14.4285714285714,6.57142857142857,11,551.119999999999
"8057",2007-06-10,"2007",2007,253,14.2857142857143,6.61428571428571,15,566.119999999999
"8058",2007-06-11,"2007",2007,254,14.1428571428571,6.65714285714286,17,583.119999999999
"8059",2007-06-12,"2007",2007,255,14,6.7,16,599.119999999999
"8060",2007-06-13,"2007",2007,256,14,6.91428571428571,16,615.119999999999
"8061",2007-06-14,"2007",2007,257,14,7.12857142857143,17,632.119999999999
"8062",2007-06-15,"2007",2007,258,14,7.34285714285714,18,650.119999999999
"8063",2007-06-16,"2007",2007,259,14,7.55714285714286,19,669.119999999999
"8064",2007-06-17,"2007",2007,260,14,7.77142857142857,23,692.119999999999
"8065",2007-06-18,"2007",2007,261,14,7.98571428571428,20,712.119999999999
"8066",2007-06-19,"2007",2007,262,14,8.2,19,731.119999999999
"8067",2007-06-20,"2007",2007,263,13.7142857142857,8.1,20,751.119999999999
"8068",2007-06-21,"2007",2007,264,13.4285714285714,8,20,771.119999999999
"8069",2007-06-22,"2007",2007,265,13.1428571428571,7.9,20,791.119999999999
"8070",2007-06-23,"2007",2007,266,12.8571428571429,7.8,20,811.119999999999
"8071",2007-06-24,"2007",2007,267,12.5714285714286,7.7,21,832.119999999999
"8072",2007-06-25,"2007",2007,268,12.2857142857143,7.6,20,852.119999999999
"8073",2007-06-26,"2007",2007,269,12,7.5,19,871.119999999999
"8074",2007-06-27,"2007",2007,270,12,8.07142857142857,19,890.119999999999
"8075",2007-06-28,"2007",2007,271,12,8.64285714285714,19,909.119999999999
"8076",2007-06-29,"2007",2007,272,12,9.21428571428571,19,928.119999999999
"8077",2007-06-30,"2007",2007,273,12,9.78571428571428,19,947.119999999999
"8078",2007-07-01,"2007",2007,274,12,10.3571428571429,19,966.119999999999
"8079",2007-07-02,"2007",2007,275,12,10.9285714285714,19,985.119999999999
"8080",2007-07-03,"2007",2007,276,12,11.5,18,1003.12
"8081",2007-07-04,"2007",2007,277,12,11.3,19,1022.12
"8082",2007-07-05,"2007",2007,278,12,11.1,17,1039.12
"8083",2007-07-06,"2007",2007,279,12,10.9,18,1057.12
"8084",2007-07-07,"2007",2007,280,12,10.7,19,1076.12
"8085",2007-07-08,"2007",2007,281,12,10.5,18,1094.12
"8086",2007-07-09,"2007",2007,282,12,10.3,16,1110.12
"8087",2007-07-10,"2007",2007,283,12,10.1,14,1124.12
"8088",2007-07-11,"2007",2007,284,11.8571428571429,10.4857142857143,14,1138.12
"8089",2007-07-12,"2007",2007,285,11.7142857142857,10.8714285714286,14,1152.12
"8090",2007-07-13,"2007",2007,286,11.5714285714286,11.2571428571429,13,1165.12
"8091",2007-07-14,"2007",2007,287,11.4285714285714,11.6428571428571,13,1178.12
"8092",2007-07-15,"2007",2007,288,11.2857142857143,12.0285714285714,13,1191.12
"8093",2007-07-16,"2007",2007,289,11.1428571428571,12.4142857142857,12,1203.12
"8094",2007-07-17,"2007",2007,290,11,12.8,12,1215.12
"8095",2007-07-18,"2007",2007,291,10.8571428571429,12.7,14,1229.12
"8096",2007-07-19,"2007",2007,292,10.7142857142857,12.6,13,1242.12
"8097",2007-07-20,"2007",2007,293,10.5714285714286,12.5,12,1254.12
"8098",2007-07-21,"2007",2007,294,10.4285714285714,12.4,11,1265.12
"8099",2007-07-22,"2007",2007,295,10.2857142857143,12.3,11,1276.12
"8100",2007-07-23,"2007",2007,296,10.1428571428571,12.2,12,1288.12
"8101",2007-07-24,"2007",2007,297,10,12.1,11,1299.12
"8102",2007-07-25,"2007",2007,298,10,12.1142857142857,10,1309.12
"8103",2007-07-26,"2007",2007,299,10,12.1285714285714,9.4,1318.52
"8104",2007-07-27,"2007",2007,300,10,12.1428571428571,9.9,1328.42
"8105",2007-07-28,"2007",2007,301,10,12.1571428571429,9.5,1337.92
"8106",2007-07-29,"2007",2007,302,10,12.1714285714286,8.6,1346.52
"8107",2007-07-30,"2007",2007,303,10,12.1857142857143,7.8,1354.32
"8108",2007-07-31,"2007",2007,304,10,12.2,7.8,1362.12
"8109",2007-08-01,"2007",2007,305,10.1428571428571,12.2571428571429,9,1371.12
"8110",2007-08-02,"2007",2007,306,10.2857142857143,12.3142857142857,9.4,1380.52
"8111",2007-08-03,"2007",2007,307,10.4285714285714,12.3714285714286,9.1,1389.62
"8112",2007-08-04,"2007",2007,308,10.5714285714286,12.4285714285714,9.4,1399.02
"8113",2007-08-05,"2007",2007,309,10.7142857142857,12.4857142857143,11,1410.02
"8114",2007-08-06,"2007",2007,310,10.8571428571429,12.5428571428571,11,1421.02
"8115",2007-08-07,"2007",2007,311,11,12.6,13,1434.02
"8116",2007-08-08,"2007",2007,312,11.2857142857143,12.5571428571429,12,1446.02
"8117",2007-08-09,"2007",2007,313,11.5714285714286,12.5142857142857,9.8,1455.82
"8118",2007-08-10,"2007",2007,314,11.8571428571429,12.4714285714286,8.8,1464.62
"8119",2007-08-11,"2007",2007,315,12.1428571428571,12.4285714285714,7.8,1472.42
"8120",2007-08-12,"2007",2007,316,12.4285714285714,12.3857142857143,7.1,1479.52
"8121",2007-08-13,"2007",2007,317,12.7142857142857,12.3428571428571,7.6,1487.12
"8122",2007-08-14,"2007",2007,318,13,12.3,11,1498.12
"8123",2007-08-15,"2007",2007,319,13,12,11,1509.12
"8124",2007-08-16,"2007",2007,320,13,11.7,9.5,1518.62
"8125",2007-08-17,"2007",2007,321,13,11.4,8.8,1527.42
"8126",2007-08-18,"2007",2007,322,13,11.1,11,1538.42
"8127",2007-08-19,"2007",2007,323,13,10.8,11,1549.42
"8128",2007-08-20,"2007",2007,324,13,10.5,9.1,1558.52
"8129",2007-08-21,"2007",2007,325,13,10.2,7.6,1566.12
"8130",2007-08-22,"2007",2007,326,13.1428571428571,10.3428571428571,6.7,1572.82
"8131",2007-08-23,"2007",2007,327,13.2857142857143,10.4857142857143,6.8,1579.62
"8132",2007-08-24,"2007",2007,328,13.4285714285714,10.6285714285714,5.9,1585.52
"8133",2007-08-25,"2007",2007,329,13.5714285714286,10.7714285714286,4.9,1590.42
"8134",2007-08-26,"2007",2007,330,13.7142857142857,10.9142857142857,4.4,1594.82
"8135",2007-08-27,"2007",2007,331,13.8571428571429,11.0571428571429,4.7,1599.52
"8136",2007-08-28,"2007",2007,332,14,11.2,4.9,1604.42
"8137",2007-08-29,"2007",2007,333,14,11.2285714285714,5.9,1610.32
"8138",2007-08-30,"2007",2007,334,14,11.2571428571429,4.9,1615.22
"8139",2007-08-31,"2007",2007,335,14,11.2857142857143,4.4,1619.62
"8140",2007-09-01,"2007",2007,336,14,11.3142857142857,4.1,1623.72
"8141",2007-09-02,"2007",2007,337,14,11.3428571428571,3.8,1627.52
"8142",2007-09-03,"2007",2007,338,14,11.3714285714286,3.4,1630.92
"8143",2007-09-04,"2007",2007,339,14,11.4,3.4,1634.32
"8144",2007-09-05,"2007",2007,340,14.2857142857143,11.1142857142857,7.7,1642.02
"8145",2007-09-06,"2007",2007,341,14.5714285714286,10.8285714285714,12,1654.02
"8146",2007-09-07,"2007",2007,342,14.8571428571429,10.5428571428571,9.7,1663.72
"8147",2007-09-08,"2007",2007,343,15.1428571428571,10.2571428571429,7.7,1671.42
"8148",2007-09-09,"2007",2007,344,15.4285714285714,9.97142857142857,6.9,1678.32
"8149",2007-09-10,"2007",2007,345,15.7142857142857,9.68571428571429,5.5,1683.82
"8150",2007-09-11,"2007",2007,346,16,9.4,4.1,1687.92
"8151",2007-09-12,"2007",2007,347,16.2857142857143,9.15714285714286,3.3,1691.22
"8152",2007-09-13,"2007",2007,348,16.5714285714286,8.91428571428571,2.9,1694.12
"8153",2007-09-14,"2007",2007,349,16.8571428571429,8.67142857142857,2.8,1696.92
"8154",2007-09-15,"2007",2007,350,17.1428571428571,8.42857142857143,2.5,1699.42
"8155",2007-09-16,"2007",2007,351,17.4285714285714,8.18571428571429,6.8,1706.22
"8156",2007-09-17,"2007",2007,352,17.7142857142857,7.94285714285714,9.3,1715.52
"8157",2007-09-18,"2007",2007,353,18,7.7,7,1722.52
"8158",2007-09-19,"2007",2007,354,18.1428571428571,7.24285714285714,4.6,1727.12
"8159",2007-09-20,"2007",2007,355,18.2857142857143,6.78571428571429,3,1730.12
"8160",2007-09-21,"2007",2007,356,18.4285714285714,6.32857142857143,3.2,1733.32
"8161",2007-09-22,"2007",2007,357,18.5714285714286,5.87142857142857,3.4,1736.72
"8162",2007-09-23,"2007",2007,358,18.7142857142857,5.41428571428571,3.7,1740.42
"8163",2007-09-24,"2007",2007,359,18.8571428571429,4.95714285714286,3.3,1743.72
"8164",2007-09-25,"2007",2007,360,19,4.5,2.8,1746.52
"8165",2007-10-02,"2007",2008,2,19,3.5,4.84,8.61
"8166",2007-10-03,"2007",2008,3,19.4285714285714,3.42857142857143,4.59,13.2
"8167",2007-10-04,"2007",2008,4,19.8571428571429,3.35714285714286,4.32,17.52
"8168",2007-10-05,"2007",2008,5,20.2857142857143,3.28571428571429,4.04,21.56
"8169",2007-10-06,"2007",2008,6,20.7142857142857,3.21428571428571,3.77,25.33
"8170",2007-10-07,"2007",2008,7,21.1428571428571,3.14285714285714,3.17,28.5
"8171",2007-10-08,"2007",2008,8,21.5714285714286,3.07142857142857,3.36,31.86
"8172",2007-10-09,"2007",2008,9,22,3,3.33,35.19
"8173",2007-10-10,"2007",2008,10,21.7142857142857,3.11428571428571,3.05,38.24
"8174",2007-10-11,"2007",2008,11,21.4285714285714,3.22857142857143,2.9,41.14
"8175",2007-10-12,"2007",2008,12,21.1428571428571,3.34285714285714,2.78,43.92
"8176",2007-10-13,"2007",2008,13,20.8571428571429,3.45714285714286,2.91,46.83
"8177",2007-10-14,"2007",2008,14,20.5714285714286,3.57142857142857,2.8,49.63
"8178",2007-10-15,"2007",2008,15,20.2857142857143,3.68571428571429,2.62,52.25
"8179",2007-10-16,"2007",2008,16,20,3.8,2.6,54.85
"8180",2007-10-17,"2007",2008,17,20.2857142857143,NA,2.34,57.19
"8181",2007-10-18,"2007",2008,18,20.5714285714286,NA,2.29,59.48
"8182",2007-10-19,"2007",2008,19,20.8571428571429,NA,2.07,61.55
"8183",2007-10-20,"2007",2008,20,21.1428571428571,NA,2.06,63.61
"8184",2007-10-21,"2007",2008,21,21.4285714285714,NA,2.04,65.65
"8185",2007-10-22,"2007",2008,22,21.7142857142857,NA,2.02,67.67
"8186",2007-10-23,"2007",2008,23,22,NA,2,69.67
"8187",2007-10-24,"2007",2008,24,21.7142857142857,NA,1.98,71.65
"8188",2007-10-25,"2007",2008,25,21.4285714285714,NA,1.96,73.61
"8189",2007-10-26,"2007",2008,26,21.1428571428571,NA,1.84,75.45
"8190",2007-10-27,"2007",2008,27,20.8571428571429,NA,1.77,77.22
"8191",2007-10-28,"2007",2008,28,20.5714285714286,NA,1.63,78.85
"8192",2007-10-29,"2007",2008,29,20.2857142857143,NA,1.56,80.41
"8193",2007-10-30,"2007",2008,30,20,3,1.56,81.97
"8194",2007-10-31,"2007",2008,31,20.2857142857143,2.6,1.45,83.42
"8195",2007-11-01,"2007",2008,32,20.5714285714286,2.2,1.33,84.75
"8196",2007-11-02,"2007",2008,33,20.8571428571429,1.8,1.04,85.79
"8197",2007-11-03,"2007",2008,34,21.1428571428571,1.4,0.89,86.68
"8198",2007-11-04,"2007",2008,35,21.4285714285714,1,0.89,87.57
"8199",2007-11-05,"2007",2008,36,21.7142857142857,0.6,0.76,88.33
"8200",2007-11-06,"2007",2008,37,22,0.2,0.61,88.94
"8201",2007-11-07,"2007",2008,38,22,0.171428571428571,0.59,89.53
"8202",2007-11-08,"2007",2008,39,22,0.142857142857143,0.56,90.09
"8203",2007-11-09,"2007",2008,40,22,0.114285714285714,0.54,90.63
"8204",2007-11-10,"2007",2008,41,22,0.0857142857142857,0.52,91.15
"8205",2007-11-11,"2007",2008,42,22,0.0571428571428571,0.52,91.67
"8206",2007-11-12,"2007",2008,43,22,0.0285714285714286,0.52,92.19
"8207",2007-11-13,"2007",2008,44,22,0,0.51,92.7
"8208",2007-11-14,"2007",2008,45,22.1428571428571,0,0.5,93.2
"8209",2007-11-15,"2007",2008,46,22.2857142857143,0,0.49,93.69
"8210",2007-11-16,"2007",2008,47,22.4285714285714,0,0.48,94.17
"8211",2007-11-17,"2007",2008,48,22.5714285714286,0,0.48,94.65
"8212",2007-11-18,"2007",2008,49,22.7142857142857,0,0.47,95.12
"8213",2007-11-19,"2007",2008,50,22.8571428571429,0,0.46,95.58
"8214",2007-11-20,"2007",2008,51,23,0,0.45,96.03
"8215",2007-11-21,"2007",2008,52,23.4285714285714,0,0.44,96.47
"8216",2007-11-22,"2007",2008,53,23.8571428571429,0,0.43,96.9
"8217",2007-11-23,"2007",2008,54,24.2857142857143,0,0.42,97.32
"8218",2007-11-24,"2007",2008,55,24.7142857142857,0,0.41,97.73
"8219",2007-11-25,"2007",2008,56,25.1428571428571,0,0.4,98.13
"8220",2007-11-26,"2007",2008,57,25.5714285714286,0,0.4,98.53
"8221",2007-11-27,"2007",2008,58,26,0,0.39,98.92
"8222",2007-11-28,"2007",2008,59,26.4285714285714,0.0714285714285714,0.38,99.3
"8223",2007-11-29,"2007",2008,60,26.8571428571429,0.142857142857143,0.37,99.67
"8224",2007-11-30,"2007",2008,61,27.2857142857143,0.214285714285714,0.36,100.03
"8225",2007-12-01,"2007",2008,62,27.7142857142857,0.285714285714286,0.35,100.38
"8226",2007-12-02,"2007",2008,63,28.1428571428571,0.357142857142857,0.34,100.72
"8227",2007-12-03,"2007",2008,64,28.5714285714286,0.428571428571429,0.33,101.05
"8228",2007-12-04,"2007",2008,65,29,0.5,0.32,101.37
"8229",2007-12-05,"2007",2008,66,28.2857142857143,0.428571428571429,0.31,101.68
"8230",2007-12-06,"2007",2008,67,27.5714285714286,0.357142857142857,0.3,101.98
"8231",2007-12-07,"2007",2008,68,26.8571428571429,0.285714285714286,0.3,102.28
"8232",2007-12-08,"2007",2008,69,26.1428571428571,0.214285714285714,0.29,102.57
"8233",2007-12-09,"2007",2008,70,25.4285714285714,0.142857142857143,0.28,102.85
"8234",2007-12-10,"2007",2008,71,24.7142857142857,0.0714285714285715,0.27,103.12
"8235",2007-12-11,"2007",2008,72,24,0,0.26,103.38
"8236",2007-12-12,"2007",2008,73,24.1428571428571,0,0.25,103.63
"8237",2007-12-13,"2007",2008,74,24.2857142857143,0,0.24,103.87
"8238",2007-12-14,"2007",2008,75,24.4285714285714,0,0.23,104.1
"8239",2007-12-15,"2007",2008,76,24.5714285714286,0,0.22,104.32
"8240",2007-12-16,"2007",2008,77,24.7142857142857,0,0.21,104.53
"8241",2007-12-17,"2007",2008,78,24.8571428571429,0,0.21,104.74
"8242",2007-12-18,"2007",2008,79,25,0,0.2,104.94
"8243",2007-12-19,"2007",2008,80,25.3333333333333,0,0.2,105.14
"8244",2007-12-20,"2007",2008,81,25.6666666666667,0,0.2,105.34
"8245",2007-12-21,"2007",2008,82,26,0,0.2,105.54
"8246",2007-12-22,"2007",2008,83,26.3333333333333,0,0.19,105.73
"8247",2007-12-23,"2007",2008,84,26.6666666666667,0,0.19,105.92
"8248",2007-12-24,"2007",2008,85,27,0,0.19,106.11
"8249",2007-12-25,"2007",2008,86,27.125,-0.0875,0.19,106.3
"8250",2007-12-26,"2007",2008,87,27.25,-0.175,0.18,106.48
"8251",2007-12-27,"2007",2008,88,27.375,-0.2625,0.18,106.66
"8252",2007-12-28,"2007",2008,89,27.5,-0.35,0.18,106.84
"8253",2007-12-29,"2007",2008,90,27.625,-0.4375,0.18,107.02
"8254",2007-12-30,"2007",2008,91,27.75,-0.525,0.17,107.19
"8255",2007-12-31,"2007",2008,92,27.875,-0.6125,0.17,107.36
"8256",2008-01-01,"2008",2008,93,28,-0.7,0.17,107.53
"8257",2008-01-02,"2008",2008,94,28,-0.685714285714286,0.17,107.7
"8258",2008-01-03,"2008",2008,95,28,-0.671428571428571,0.17,107.87
"8259",2008-01-04,"2008",2008,96,28,-0.657142857142857,0.16,108.03
"8260",2008-01-05,"2008",2008,97,28,-0.642857142857143,0.16,108.19
"8261",2008-01-06,"2008",2008,98,28,-0.628571428571429,0.16,108.35
"8262",2008-01-07,"2008",2008,99,28,-0.614285714285714,0.16,108.51
"8263",2008-01-08,"2008",2008,100,28,-0.6,0.15,108.66
"8264",2008-01-09,"2008",2008,101,28.1428571428571,-0.514285714285714,0.15,108.81
"8265",2008-01-10,"2008",2008,102,28.2857142857143,-0.428571428571429,0.15,108.96
"8266",2008-01-11,"2008",2008,103,28.4285714285714,-0.342857142857143,0.15,109.11
"8267",2008-01-12,"2008",2008,104,28.5714285714286,-0.257142857142857,0.14,109.25
"8268",2008-01-13,"2008",2008,105,28.7142857142857,-0.171428571428571,0.14,109.39
"8269",2008-01-14,"2008",2008,106,28.8571428571429,-0.0857142857142857,0.14,109.53
"8270",2008-01-15,"2008",2008,107,29,0,0.14,109.67
"8271",2008-01-16,"2008",2008,108,29.2857142857143,-0.0714285714285714,0.13,109.8
"8272",2008-01-17,"2008",2008,109,29.5714285714286,-0.142857142857143,0.13,109.93
"8273",2008-01-18,"2008",2008,110,29.8571428571429,-0.214285714285714,0.13,110.06
"8274",2008-01-19,"2008",2008,111,30.1428571428571,-0.285714285714286,0.13,110.19
"8275",2008-01-20,"2008",2008,112,30.4285714285714,-0.357142857142857,0.13,110.32
"8276",2008-01-21,"2008",2008,113,30.7142857142857,-0.428571428571429,0.12,110.44
"8277",2008-01-22,"2008",2008,114,31,-0.5,0.12,110.56
"8278",2008-01-23,"2008",2008,115,30.5714285714286,-0.5,0.12,110.68
"8279",2008-01-24,"2008",2008,116,30.1428571428571,-0.5,0.12,110.8
"8280",2008-01-25,"2008",2008,117,29.7142857142857,-0.5,0.11,110.91
"8281",2008-01-26,"2008",2008,118,29.2857142857143,-0.5,0.11,111.02
"8282",2008-01-27,"2008",2008,119,28.8571428571429,-0.5,0.11,111.13
"8283",2008-01-28,"2008",2008,120,28.4285714285714,-0.5,0.11,111.24
"8284",2008-01-29,"2008",2008,121,28,-0.5,0.1,111.34
"8285",2008-01-30,"2008",2008,122,28.1428571428571,-0.5,0.1,111.44
"8286",2008-01-31,"2008",2008,123,28.2857142857143,-0.5,0.1,111.54
"8287",2008-02-01,"2008",2008,124,28.4285714285714,-0.5,0.1,111.64
"8288",2008-02-02,"2008",2008,125,28.5714285714286,-0.5,0.09,111.73
"8289",2008-02-03,"2008",2008,126,28.7142857142857,-0.5,0.09,111.82
"8290",2008-02-04,"2008",2008,127,28.8571428571429,-0.5,0.09,111.91
"8291",2008-02-05,"2008",2008,128,29,-0.5,0.09,112
"8292",2008-02-06,"2008",2008,129,29.1428571428571,-0.5,0.09,112.09
"8293",2008-02-07,"2008",2008,130,29.2857142857143,-0.5,0.08,112.17
"8294",2008-02-08,"2008",2008,131,29.4285714285714,-0.5,0.08,112.25
"8295",2008-02-09,"2008",2008,132,29.5714285714286,-0.5,0.08,112.33
"8296",2008-02-10,"2008",2008,133,29.7142857142857,-0.5,0.08,112.41
"8297",2008-02-11,"2008",2008,134,29.8571428571429,-0.5,0.07,112.48
"8298",2008-02-12,"2008",2008,135,30,-0.5,0.07,112.55
"8299",2008-02-13,"2008",2008,136,29.5714285714286,-0.485714285714286,0.07,112.62
"8300",2008-02-14,"2008",2008,137,29.1428571428571,-0.471428571428571,0.07,112.69
"8301",2008-02-15,"2008",2008,138,28.7142857142857,-0.457142857142857,0.06,112.75
"8302",2008-02-16,"2008",2008,139,28.2857142857143,-0.442857142857143,0.06,112.81
"8303",2008-02-17,"2008",2008,140,27.8571428571429,-0.428571428571429,0.06,112.87
"8304",2008-02-18,"2008",2008,141,27.4285714285714,-0.414285714285714,0.06,112.93
"8305",2008-02-19,"2008",2008,142,27,-0.4,0.05,112.98
"8306",2008-02-20,"2008",2008,143,26.2857142857143,-0.371428571428571,0.05,113.03
"8307",2008-02-21,"2008",2008,144,25.5714285714286,-0.342857142857143,0.05,113.08
"8308",2008-02-22,"2008",2008,145,24.8571428571429,-0.314285714285714,0.05,113.13
"8309",2008-02-23,"2008",2008,146,24.1428571428571,-0.285714285714286,0.05,113.18
"8310",2008-02-24,"2008",2008,147,23.4285714285714,-0.257142857142857,0.04,113.22
"8311",2008-02-25,"2008",2008,148,22.7142857142857,-0.228571428571429,0.04,113.26
"8312",2008-02-26,"2008",2008,149,22,-0.2,0.04,113.3
"8313",2008-02-27,"2008",2008,150,22,-0.242857142857143,0.04,113.34
"8314",2008-02-28,"2008",2008,151,22,-0.285714285714286,0.03,113.37
"8315",2008-02-29,"2008",2008,152,22,-0.328571428571429,0.03,113.4
"8316",2008-03-01,"2008",2008,153,22,-0.371428571428571,0.03,113.43
"8317",2008-03-02,"2008",2008,154,22,-0.414285714285714,0.03,113.46
"8318",2008-03-03,"2008",2008,155,22,-0.457142857142857,0.02,113.48
"8319",2008-03-04,"2008",2008,156,22,-0.5,0.02,113.5
"8320",2008-03-05,"2008",2008,157,22.5714285714286,-0.485714285714286,0.02,113.52
"8321",2008-03-06,"2008",2008,158,23.1428571428571,-0.471428571428571,0.02,113.54
"8322",2008-03-07,"2008",2008,159,23.7142857142857,-0.457142857142857,0.01,113.55
"8323",2008-03-08,"2008",2008,160,24.2857142857143,-0.442857142857143,0.01,113.56
"8324",2008-03-09,"2008",2008,161,24.8571428571429,-0.428571428571429,0.01,113.57
"8325",2008-03-10,"2008",2008,162,25.4285714285714,-0.414285714285714,0.02,113.59
"8326",2008-03-11,"2008",2008,163,26,-0.4,0.02,113.61
"8327",2008-03-12,"2008",2008,164,25.4285714285714,-0.385714285714286,0.03,113.64
"8328",2008-03-13,"2008",2008,165,24.8571428571429,-0.371428571428571,0.04,113.68
"8329",2008-03-14,"2008",2008,166,24.2857142857143,-0.357142857142857,0.04,113.72
"8330",2008-03-15,"2008",2008,167,23.7142857142857,-0.342857142857143,0.05,113.77
"8331",2008-03-16,"2008",2008,168,23.1428571428571,-0.328571428571429,0.06,113.83
"8332",2008-03-17,"2008",2008,169,22.5714285714286,-0.314285714285714,0.07,113.9
"8333",2008-03-18,"2008",2008,170,22,-0.3,0.07,113.97
"8334",2008-03-19,"2008",2008,171,22.4285714285714,-0.328571428571429,0.08,114.05
"8335",2008-03-20,"2008",2008,172,22.8571428571429,-0.357142857142857,0.09,114.14
"8336",2008-03-21,"2008",2008,173,23.2857142857143,-0.385714285714286,0.09,114.23
"8337",2008-03-22,"2008",2008,174,23.7142857142857,-0.414285714285714,0.1,114.33
"8338",2008-03-23,"2008",2008,175,24.1428571428571,-0.442857142857143,0.11,114.44
"8339",2008-03-24,"2008",2008,176,24.5714285714286,-0.471428571428571,0.11,114.55
"8340",2008-03-25,"2008",2008,177,25,-0.5,0.12,114.67
"8341",2008-03-26,"2008",2008,178,24.5714285714286,-0.5,0.13,114.8
"8342",2008-03-27,"2008",2008,179,24.1428571428571,-0.5,0.13,114.93
"8343",2008-03-28,"2008",2008,180,23.7142857142857,-0.5,0.14,115.07
"8344",2008-03-29,"2008",2008,181,23.2857142857143,-0.5,0.15,115.22
"8345",2008-03-30,"2008",2008,182,22.8571428571429,-0.5,0.15,115.37
"8346",2008-03-31,"2008",2008,183,22.4285714285714,-0.5,0.16,115.53
"8347",2008-04-01,"2008",2008,184,22,-0.5,0.17,115.7
"8348",2008-04-02,"2008",2008,185,22.2857142857143,-0.5,0.18,115.88
"8349",2008-04-03,"2008",2008,186,22.5714285714286,-0.5,0.18,116.06
"8350",2008-04-04,"2008",2008,187,22.8571428571429,-0.5,0.19,116.25
"8351",2008-04-05,"2008",2008,188,23.1428571428571,-0.5,0.2,116.45
"8352",2008-04-06,"2008",2008,189,23.4285714285714,-0.5,0.21,116.66
"8353",2008-04-07,"2008",2008,190,23.7142857142857,-0.5,0.23,116.89
"8354",2008-04-08,"2008",2008,191,24,-0.5,0.25,117.14
"8355",2008-04-09,"2008",2008,192,24.2857142857143,-0.457142857142857,0.28,117.42
"8356",2008-04-10,"2008",2008,193,24.5714285714286,-0.414285714285714,0.3,117.72
"8357",2008-04-11,"2008",2008,194,24.8571428571429,-0.371428571428571,0.33,118.05
"8358",2008-04-12,"2008",2008,195,25.1428571428571,-0.328571428571429,0.35,118.4
"8359",2008-04-13,"2008",2008,196,25.4285714285714,-0.285714285714286,0.38,118.78
"8360",2008-04-14,"2008",2008,197,25.7142857142857,-0.242857142857143,0.4,119.18
"8361",2008-04-15,"2008",2008,198,26,-0.2,0.43,119.61
"8362",2008-04-16,"2008",2008,199,25.8571428571429,-0.157142857142857,0.46,120.07
"8363",2008-04-17,"2008",2008,200,25.7142857142857,-0.114285714285714,0.49,120.56
"8364",2008-04-18,"2008",2008,201,25.5714285714286,-0.0714285714285714,0.52,121.08
"8365",2008-04-19,"2008",2008,202,25.4285714285714,-0.0285714285714286,0.54,121.62
"8366",2008-04-20,"2008",2008,203,25.2857142857143,0.0142857142857143,0.57,122.19
"8367",2008-04-21,"2008",2008,204,25.1428571428571,0.0571428571428572,0.6,122.79
"8368",2008-04-22,"2008",2008,205,25,0.1,0.63,123.42
"8369",2008-04-23,"2008",2008,206,24.5714285714286,0.357142857142857,0.67,124.09
"8370",2008-04-24,"2008",2008,207,24.1428571428571,0.614285714285714,0.7,124.79
"8371",2008-04-25,"2008",2008,208,23.7142857142857,0.871428571428571,0.73,125.52
"8372",2008-04-26,"2008",2008,209,23.2857142857143,1.12857142857143,0.76,126.28
"8373",2008-04-27,"2008",2008,210,22.8571428571429,1.38571428571429,0.8,127.08
"8374",2008-04-28,"2008",2008,211,22.4285714285714,1.64285714285714,0.83,127.91
"8375",2008-04-29,"2008",2008,212,22,1.9,0.87,128.78
"8376",2008-04-30,"2008",2008,213,21.7142857142857,1.91428571428571,0.9,129.68
"8377",2008-05-01,"2008",2008,214,21.4285714285714,1.92857142857143,0.94,130.62
"8378",2008-05-02,"2008",2008,215,21.1428571428571,1.94285714285714,0.98,131.6
"8379",2008-05-03,"2008",2008,216,20.8571428571429,1.95714285714286,1.01,132.61
"8380",2008-05-04,"2008",2008,217,20.5714285714286,1.97142857142857,1.05,133.66
"8381",2008-05-05,"2008",2008,218,20.2857142857143,1.98571428571429,1.09,134.75
"8382",2008-05-06,"2008",2008,219,20,2,1.13,135.88
"8383",2008-05-07,"2008",2008,220,20,1.92857142857143,2.77,138.65
"8384",2008-05-08,"2008",2008,221,20,1.85714285714286,3.45,142.1
"8385",2008-05-09,"2008",2008,222,20,1.78571428571429,3.31,145.41
"8386",2008-05-10,"2008",2008,223,20,1.71428571428571,2.45,147.86
"8387",2008-05-11,"2008",2008,224,20,1.64285714285714,2.16,150.02
"8388",2008-05-12,"2008",2008,225,20,1.57142857142857,2.63,152.65
"8389",2008-05-13,"2008",2008,226,20,1.5,2.75,155.4
"8390",2008-05-14,"2008",2008,227,19.2857142857143,1.3,2.34,157.74
"8391",2008-05-15,"2008",2008,228,18.5714285714286,1.33333333333333,2,159.74
"8392",2008-05-16,"2008",2008,229,17.8571428571429,1.36666666666667,2.09,161.83
"8393",2008-05-17,"2008",2008,230,17.1428571428571,1.4,3.33,165.16
"8394",2008-05-18,"2008",2008,231,16.4285714285714,1.43333333333333,9.39,174.55
"8395",2008-05-19,"2008",2008,232,15.7142857142857,1.46666666666667,15.3,189.85
"8396",2008-05-20,"2008",2008,233,15,1.5,15.7,205.55
"8397",2008-05-21,"2008",2008,234,15.2857142857143,1.6,13.7,219.25
"8398",2008-05-22,"2008",2008,235,15.5714285714286,1.7,8.96,228.21
"8399",2008-05-23,"2008",2008,236,15.8571428571429,1.8,6.53,234.74
"8400",2008-05-24,"2008",2008,237,16.1428571428571,1.9,5.4,240.14
"8401",2008-05-25,"2008",2008,238,16.4285714285714,2,6.15,246.29
"8402",2008-05-26,"2008",2008,239,16.7142857142857,2.1,7.98,254.27
"8403",2008-05-27,"2008",2008,240,17,2.2,9.39,263.66
"8404",2008-05-28,"2008",2008,241,16.5714285714286,2.34285714285714,13,276.66
"8405",2008-05-29,"2008",2008,242,16.1428571428571,2.48571428571429,13.3,289.96
"8406",2008-05-30,"2008",2008,243,15.7142857142857,2.62857142857143,13,302.96
"8407",2008-05-31,"2008",2008,244,15.2857142857143,2.77142857142857,18.2,321.16
"8408",2008-06-01,"2008",2008,245,14.8571428571429,2.91428571428571,22.7,343.86
"8409",2008-06-02,"2008",2008,246,14.4285714285714,3.05714285714286,22.6,366.46
"8410",2008-06-03,"2008",2008,247,14,3.2,18.8,385.26
"8411",2008-06-04,"2008",2008,248,14.4285714285714,3.55714285714286,17.9,403.16
"8412",2008-06-05,"2008",2008,249,14.8571428571429,3.91428571428571,13.1,416.26
"8413",2008-06-06,"2008",2008,250,15.2857142857143,4.27142857142857,12.9,429.16
"8414",2008-06-07,"2008",2008,251,15.7142857142857,4.62857142857143,15.2,444.36
"8415",2008-06-08,"2008",2008,252,16.1428571428571,4.98571428571429,10.5,454.86
"8416",2008-06-09,"2008",2008,253,16.5714285714286,5.34285714285714,10.1,464.96
"8417",2008-06-10,"2008",2008,254,17,5.7,14.6,479.56
"8418",2008-06-11,"2008",2008,255,NA,3.4,11.1,490.66
"8419",2008-06-12,"2008",2008,256,NA,3.75,8.32,498.98
"8420",2008-06-13,"2008",2008,257,NA,4.1,10.6,509.58
"8421",2008-06-14,"2008",2008,258,NA,4.45,14.9,524.48
"8422",2008-06-15,"2008",2008,259,NA,4.8,16.9,541.38
"8423",2008-06-16,"2008",2008,260,NA,5.15,20.5,561.88
"8424",2008-06-17,"2008",2008,261,NA,5.5,22.6,584.48
"8425",2008-06-18,"2008",2008,262,NA,5.75714285714286,24.2,608.68
"8426",2008-06-19,"2008",2008,263,NA,6.01428571428571,25,633.68
"8427",2008-06-20,"2008",2008,264,NA,6.27142857142857,24.9,658.58
"8428",2008-06-21,"2008",2008,265,NA,6.52857142857143,24.8,683.38
"8429",2008-06-22,"2008",2008,266,NA,6.78571428571429,22.3,705.68
"8430",2008-06-23,"2008",2008,267,NA,7.04285714285714,23.2,728.88
"8431",2008-06-24,"2008",2008,268,14,7.3,26.2,755.08
"8432",2008-06-25,"2008",2008,269,13.7142857142857,8.1,25.7,780.78
"8433",2008-06-26,"2008",2008,270,13.4285714285714,8.15,24.3,805.08
"8434",2008-06-27,"2008",2008,271,13.1428571428571,8.2,26.4,831.48
"8435",2008-06-28,"2008",2008,272,12.8571428571429,8.25,27,858.48
"8436",2008-06-29,"2008",2008,273,12.5714285714286,8.3,26,884.48
"8437",2008-06-30,"2008",2008,274,12.2857142857143,8.35,23.1,907.58
"8438",2008-07-01,"2008",2008,275,12,8.4,23.6,931.18
"8439",2008-07-02,"2008",2008,276,NA,8.3,23.1,954.28
"8440",2008-07-03,"2008",2008,277,NA,8.2,23.8,978.08
"8441",2008-07-04,"2008",2008,278,NA,8.1,22.5,1000.58
"8442",2008-07-05,"2008",2008,279,NA,8,20.1,1020.68
"8443",2008-07-06,"2008",2008,280,NA,7.9,17.7,1038.38
"8444",2008-07-07,"2008",2008,281,NA,7.8,16.6,1054.98
"8445",2008-07-08,"2008",2008,282,NA,7.7,16,1070.98
"8446",2008-07-09,"2008",2008,283,NA,8.17142857142857,17,1087.98
"8447",2008-07-10,"2008",2008,284,NA,8.64285714285714,16.8,1104.78
"8448",2008-07-11,"2008",2008,285,NA,9.11428571428571,16.6,1121.38
"8449",2008-07-12,"2008",2008,286,NA,9.58571428571429,16,1137.38
"8450",2008-07-13,"2008",2008,287,NA,10.0571428571429,14.9,1152.28
"8451",2008-07-14,"2008",2008,288,NA,10.5285714285714,13.8,1166.08
"8452",2008-07-15,"2008",2008,289,NA,11,14.2,1180.28
"8453",2008-07-16,"2008",2008,290,NA,NA,14.2,1194.48
"8454",2008-07-17,"2008",2008,291,NA,NA,14.4,1208.88
"8455",2008-07-18,"2008",2008,292,NA,NA,14.4,1223.28
"8456",2008-07-19,"2008",2008,293,NA,NA,14.9,1238.18
"8457",2008-07-20,"2008",2008,294,NA,NA,16.9,1255.08
"8458",2008-07-21,"2008",2008,295,NA,NA,21.8,1276.88
"8459",2008-07-22,"2008",2008,296,11,NA,19.3,1296.18
"8460",2008-07-23,"2008",2008,297,11.1428571428571,NA,19.3,1315.48
"8461",2008-07-24,"2008",2008,298,11.2857142857143,NA,17.6,1333.08
"8462",2008-07-25,"2008",2008,299,11.4285714285714,NA,15.7,1348.78
"8463",2008-07-26,"2008",2008,300,11.5714285714286,NA,14.6,1363.38
"8464",2008-07-27,"2008",2008,301,11.7142857142857,NA,13.5,1376.88
"8465",2008-07-28,"2008",2008,302,11.8571428571429,NA,13,1389.88
"8466",2008-07-29,"2008",2008,303,12,11.6,12.4,1402.28
"8467",2008-07-30,"2008",2008,304,NA,11.5714285714286,11.6,1413.88
"8468",2008-07-31,"2008",2008,305,NA,11.5428571428571,11.8,1425.68
"8469",2008-08-01,"2008",2008,306,NA,11.5142857142857,12,1437.68
"8470",2008-08-02,"2008",2008,307,NA,11.4857142857143,11.8,1449.48
"8471",2008-08-03,"2008",2008,308,NA,11.4571428571429,11.8,1461.28
"8472",2008-08-04,"2008",2008,309,NA,11.4285714285714,11,1472.28
"8473",2008-08-05,"2008",2008,310,NA,11.4,10.5,1482.78
"8474",2008-08-06,"2008",2008,311,NA,11.5,11.9,1494.68
"8475",2008-08-07,"2008",2008,312,NA,11.6,11.5,1506.18
"8476",2008-08-08,"2008",2008,313,NA,11.7,12.2,1518.38
"8477",2008-08-09,"2008",2008,314,NA,11.8,13.3,1531.68
"8478",2008-08-10,"2008",2008,315,NA,11.9,12.3,1543.98
"8479",2008-08-11,"2008",2008,316,NA,12,11.1,1555.08
"8480",2008-08-12,"2008",2008,317,11,12.1,9.95,1565.03
"8481",2008-08-13,"2008",2008,318,11.5714285714286,11.7,9.19,1574.22
"8482",2008-08-14,"2008",2008,319,12.1428571428571,11.3,9.03,1583.25
"8483",2008-08-15,"2008",2008,320,12.7142857142857,10.9,10.3,1593.55
"8484",2008-08-16,"2008",2008,321,13.2857142857143,10.5,12.5,1606.05
"8485",2008-08-17,"2008",2008,322,13.8571428571429,10.1,12.5,1618.55
"8486",2008-08-18,"2008",2008,323,14.4285714285714,9.7,11.5,1630.05
"8487",2008-08-19,"2008",2008,324,15,9.3,10.5,1640.55
"8488",2008-08-20,"2008",2008,325,NA,9.27142857142857,10.3,1650.85
"8489",2008-08-21,"2008",2008,326,NA,9.24285714285714,10.3,1661.15
"8490",2008-08-22,"2008",2008,327,NA,9.21428571428572,10.3,1671.45
"8491",2008-08-23,"2008",2008,328,NA,9.18571428571429,10.9,1682.35
"8492",2008-08-24,"2008",2008,329,NA,9.15714285714286,10.9,1693.25
"8493",2008-08-25,"2008",2008,330,NA,9.12857142857143,10.5,1703.75
"8494",2008-08-26,"2008",2008,331,NA,9.1,10.3,1714.05
"8495",2008-08-27,"2008",2008,332,NA,8.95714285714286,9.44,1723.49
"8496",2008-08-28,"2008",2008,333,NA,8.81428571428571,8.62,1732.11
"8497",2008-08-29,"2008",2008,334,NA,8.67142857142857,8.21,1740.32
"8498",2008-08-30,"2008",2008,335,NA,8.52857142857143,8.21,1748.53
"8499",2008-08-31,"2008",2008,336,NA,8.38571428571429,8.62,1757.15
"8500",2008-09-01,"2008",2008,337,NA,8.24285714285714,8,1765.15
"8501",2008-09-02,"2008",2008,338,14,8.1,7.39,1772.54
"8502",2008-09-03,"2008",2008,339,14.1428571428571,8.42857142857143,6.77,1779.31
"8503",2008-09-04,"2008",2008,340,14.2857142857143,8.75714285714286,6.57,1785.88
"8504",2008-09-05,"2008",2008,341,14.4285714285714,9.08571428571429,5.96,1791.84
"8505",2008-09-06,"2008",2008,342,14.5714285714286,9.41428571428571,5.96,1797.8
"8506",2008-09-07,"2008",2008,343,14.7142857142857,9.74285714285714,5.75,1803.55
"8507",2008-09-08,"2008",2008,344,14.8571428571429,10.0714285714286,5.75,1809.3
"8508",2008-09-09,"2008",2008,345,15,10.4,5.96,1815.26
"8509",2008-09-10,"2008",2008,346,15.2857142857143,8.4,5.96,1821.22
"8510",2008-09-11,"2008",2008,347,15.5714285714286,8.82,6.77,1827.99
"8511",2008-09-12,"2008",2008,348,15.8571428571429,9.24,6.57,1834.56
"8512",2008-09-13,"2008",2008,349,16.1428571428571,9.66,6.57,1841.13
"8513",2008-09-14,"2008",2008,350,16.4285714285714,10.08,6.16,1847.29
"8514",2008-09-15,"2008",2008,351,16.7142857142857,10.5,5.96,1853.25
"8515",2008-09-16,"2008",2008,352,17,10.5,5.96,1859.21
"8516",2008-09-17,"2008",2008,353,17.1428571428571,10.1142857142857,5.96,1865.17
"8517",2008-09-18,"2008",2008,354,17.2857142857143,9.72857142857143,5.96,1871.13
"8518",2008-09-19,"2008",2008,355,17.4285714285714,9.34285714285714,5.96,1877.09
"8519",2008-09-20,"2008",2008,356,17.5714285714286,8.95714285714286,6.36,1883.45
"8520",2008-09-21,"2008",2008,357,17.7142857142857,8.57142857142857,6.57,1890.02
"8521",2008-09-22,"2008",2008,358,17.8571428571429,8.18571428571429,6.16,1896.18
"8522",2008-09-23,"2008",2008,359,18,7.8,5.93,1902.11
"8523",2008-09-24,"2008",2008,360,16.4285714285714,8,5.61,1907.72
"8524",2008-09-25,"2008",2008,361,14.8571428571429,8.2,5.28,1913
"8525",2008-09-26,"2008",2008,362,13.2857142857143,8.4,5.28,1918.28
"8526",2008-09-27,"2008",2008,363,11.7142857142857,8.6,5.28,1923.56
"8527",2008-09-28,"2008",2008,364,10.1428571428571,8.8,4.96,1928.52
"8528",2008-09-29,"2008",2008,365,8.57142857142857,9,4.96,1933.48
"8529",2008-09-30,"2008",2008,366,7,9.2,4.64,1938.12
"8530",2008-10-07,"2008",2009,7,21,3.6,4.09,30.49
"8531",2008-10-08,"2008",2009,8,20.5714285714286,3.5,4.03,34.52
"8532",2008-10-09,"2008",2009,9,20.1428571428571,3.4,3.9,38.42
"8533",2008-10-10,"2008",2009,10,19.7142857142857,3.3,3.77,42.19
"8534",2008-10-11,"2008",2009,11,19.2857142857143,3.2,3.77,45.96
"8535",2008-10-12,"2008",2009,12,18.8571428571429,3.1,3.67,49.63
"8536",2008-10-13,"2008",2009,13,18.4285714285714,3,3.61,53.24
"8537",2008-10-14,"2008",2009,14,18,2.9,3.51,56.75
"8538",2008-10-15,"2008",2009,15,18,2.84285714285714,3.45,60.2
"8539",2008-10-16,"2008",2009,16,18,2.78571428571429,3.32,63.52
"8540",2008-10-17,"2008",2009,17,18,2.72857142857143,3.26,66.78
"8541",2008-10-18,"2008",2009,18,18,2.67142857142857,3.16,69.94
"8542",2008-10-19,"2008",2009,19,18,2.61428571428571,3.19,73.13
"8543",2008-10-20,"2008",2009,20,18,2.55714285714286,3.13,76.26
"8544",2008-10-21,"2008",2009,21,18,2.5,3.09,79.35
"8545",2008-10-22,"2008",2009,22,18.5,2.55,3.03,82.38
"8546",2008-10-23,"2008",2009,23,19,2.6,2.97,85.35
"8547",2008-10-24,"2008",2009,24,19.2,2.34,2.84,88.19
"8548",2008-10-25,"2008",2009,25,19.4,2.08,2.61,90.8
"8549",2008-10-26,"2008",2009,26,19.6,1.82,2.48,93.28
"8550",2008-10-27,"2008",2009,27,19.8,1.56,2.45,95.73
"8551",2008-10-28,"2008",2009,28,20,1.3,2.45,98.18
"8552",2008-10-29,"2008",2009,29,20,1.12857142857143,2.32,100.5
"8553",2008-10-30,"2008",2009,30,20,0.957142857142857,2.19,102.69
"8554",2008-10-31,"2008",2009,31,20,0.785714285714286,2.13,104.82
"8555",2008-11-01,"2008",2009,32,20,0.614285714285714,2.13,106.95
"8556",2008-11-02,"2008",2009,33,20,0.442857142857143,2.13,109.08
"8557",2008-11-03,"2008",2009,34,20,0.271428571428572,2,111.08
"8558",2008-11-04,"2008",2009,35,20,0.1,2,113.08
"8559",2008-11-05,"2008",2009,36,20.2857142857143,0.128571428571429,2,115.08
"8560",2008-11-06,"2008",2009,37,20.5714285714286,0.157142857142857,1.94,117.02
"8561",2008-11-07,"2008",2009,38,20.8571428571429,0.185714285714286,1.87,118.89
"8562",2008-11-08,"2008",2009,39,21.1428571428571,0.214285714285714,1.74,120.63
"8563",2008-11-09,"2008",2009,40,21.4285714285714,0.242857142857143,1.71,122.34
"8564",2008-11-10,"2008",2009,41,21.7142857142857,0.271428571428571,1.68,124.02
"8565",2008-11-11,"2008",2009,42,22,0.3,1.65,125.67
"8566",2008-11-12,"2008",2009,43,22.2857142857143,0.5,1.61,127.28
"8567",2008-11-13,"2008",2009,44,22.5714285714286,0.7,1.58,128.86
"8568",2008-11-14,"2008",2009,45,22.8571428571429,0.9,1.55,130.41
"8569",2008-11-15,"2008",2009,46,23.1428571428571,1.1,1.52,131.93
"8570",2008-11-16,"2008",2009,47,23.4285714285714,1.3,1.49,133.42
"8571",2008-11-17,"2008",2009,48,23.7142857142857,1.5,1.46,134.88
"8572",2008-11-18,"2008",2009,49,24,1.7,1.43,136.31
"8573",2008-11-19,"2008",2009,50,24,1.68571428571429,1.4,137.71
"8574",2008-11-20,"2008",2009,51,24,1.67142857142857,1.37,139.08
"8575",2008-11-21,"2008",2009,52,24,1.65714285714286,1.34,140.42
"8576",2008-11-22,"2008",2009,53,24,1.64285714285714,1.31,141.73
"8577",2008-11-23,"2008",2009,54,24,1.62857142857143,1.28,143.01
"8578",2008-11-24,"2008",2009,55,24,1.61428571428571,1.25,144.26
"8579",2008-11-25,"2008",2009,56,24,1.6,1.22,145.48
"8580",2008-11-26,"2008",2009,57,24,1.48571428571429,1.19,146.67
"8581",2008-11-27,"2008",2009,58,24,1.37142857142857,1.16,147.83
"8582",2008-11-28,"2008",2009,59,24,1.25714285714286,1.13,148.96
"8583",2008-11-29,"2008",2009,60,24,1.14285714285714,1.1,150.06
"8584",2008-11-30,"2008",2009,61,24,1.02857142857143,1.07,151.13
"8585",2008-12-01,"2008",2009,62,24,0.914285714285714,1.04,152.17
"8586",2008-12-02,"2008",2009,63,24,0.8,1.02,153.19
"8587",2008-12-03,"2008",2009,64,24,0.742857142857143,0.99,154.18
"8588",2008-12-04,"2008",2009,65,24,0.685714285714286,0.96,155.14
"8589",2008-12-05,"2008",2009,66,24,0.628571428571429,0.93,156.07
"8590",2008-12-06,"2008",2009,67,24,0.571428571428572,0.91,156.98
"8591",2008-12-07,"2008",2009,68,24,0.514285714285714,0.88,157.86
"8592",2008-12-08,"2008",2009,69,24,0.457142857142857,0.85,158.71
"8593",2008-12-09,"2008",2009,70,24,0.4,0.83,159.54
"8594",2008-12-10,"2008",2009,71,24.5,0.45,0.8,160.34
"8595",2008-12-11,"2008",2009,72,25,0.5,0.77,161.11
"8596",2008-12-12,"2008",2009,73,25.2,0.42,0.75,161.86
"8597",2008-12-13,"2008",2009,74,25.4,0.34,0.72,162.58
"8598",2008-12-14,"2008",2009,75,25.6,0.26,0.7,163.28
"8599",2008-12-15,"2008",2009,76,25.8,0.18,0.67,163.95
"8600",2008-12-16,"2008",2009,77,26,0.1,0.65,164.6
"8601",2008-12-17,"2008",2009,78,26,0.0714285714285714,0.62,165.22
"8602",2008-12-18,"2008",2009,79,26,0.0428571428571429,0.6,165.82
"8603",2008-12-19,"2008",2009,80,26,0.0142857142857143,0.57,166.39
"8604",2008-12-20,"2008",2009,81,26,-0.0142857142857143,0.55,166.94
"8605",2008-12-21,"2008",2009,82,26,-0.0428571428571429,0.52,167.46
"8606",2008-12-22,"2008",2009,83,26,-0.0714285714285714,0.5,167.96
"8607",2008-12-23,"2008",2009,84,26,-0.1,0.48,168.44
"8608",2008-12-24,"2008",2009,85,26.2857142857143,-0.142857142857143,0.45,168.89
"8609",2008-12-25,"2008",2009,86,26.5714285714286,-0.185714285714286,0.43,169.32
"8610",2008-12-26,"2008",2009,87,26.8571428571429,-0.228571428571429,0.41,169.73
"8611",2008-12-27,"2008",2009,88,27.1428571428571,-0.271428571428571,0.39,170.12
"8612",2008-12-28,"2008",2009,89,27.4285714285714,-0.314285714285714,0.36,170.48
"8613",2008-12-29,"2008",2009,90,27.7142857142857,-0.357142857142857,0.34,170.82
"8614",2008-12-30,"2008",2009,91,28,-0.4,0.32,171.14
"8615",2008-12-31,"2008",2009,92,27.8571428571429,-0.442857142857143,0.3,171.44
"8616",2009-01-01,"2009",2009,93,27.7142857142857,-0.485714285714286,0.28,171.72
"8617",2009-01-02,"2009",2009,94,27.5714285714286,-0.528571428571429,0.26,171.98
"8618",2009-01-03,"2009",2009,95,27.4285714285714,-0.571428571428571,0.24,172.22
"8619",2009-01-04,"2009",2009,96,27.2857142857143,-0.614285714285714,0.22,172.44
"8620",2009-01-05,"2009",2009,97,27.1428571428571,-0.657142857142857,0.2,172.64
"8621",2009-01-06,"2009",2009,98,27,-0.7,0.18,172.82
"8622",2009-01-07,"2009",2009,99,27.2857142857143,-0.7,0.16,172.98
"8623",2009-01-08,"2009",2009,100,27.5714285714286,-0.7,0.14,173.12
"8624",2009-01-09,"2009",2009,101,27.8571428571429,-0.7,0.12,173.24
"8625",2009-01-10,"2009",2009,102,28.1428571428571,-0.7,0.1,173.34
"8626",2009-01-11,"2009",2009,103,28.4285714285714,-0.7,0.08,173.42
"8627",2009-01-12,"2009",2009,104,28.7142857142857,-0.7,0.06,173.48
"8628",2009-01-13,"2009",2009,105,29,-0.7,0.05,173.53
"8629",2009-01-14,"2009",2009,106,28.5714285714286,-0.714285714285714,0.03,173.56
"8630",2009-01-15,"2009",2009,107,28.1428571428571,-0.728571428571429,0.01,173.57
"8631",2009-01-16,"2009",2009,108,27.7142857142857,-0.742857142857143,-0.01,173.56
"8632",2009-01-17,"2009",2009,109,27.2857142857143,-0.757142857142857,-0.02,173.54
"8633",2009-01-18,"2009",2009,110,26.8571428571429,-0.771428571428571,-0.04,173.5
"8634",2009-01-19,"2009",2009,111,26.4285714285714,-0.785714285714286,-0.05,173.45
"8635",2009-01-20,"2009",2009,112,26,-0.8,-0.07,173.38
"8636",2009-01-21,"2009",2009,113,26.4285714285714,-0.8,-0.08,173.3
"8637",2009-01-22,"2009",2009,114,26.8571428571429,-0.8,-0.1,173.2
"8638",2009-01-23,"2009",2009,115,27.2857142857143,-0.8,-0.11,173.09
"8639",2009-01-24,"2009",2009,116,27.7142857142857,-0.8,-0.13,172.96
"8640",2009-01-25,"2009",2009,117,28.1428571428571,-0.8,-0.14,172.82
"8641",2009-01-26,"2009",2009,118,28.5714285714286,-0.8,-0.16,172.66
"8642",2009-01-27,"2009",2009,119,29,-0.8,-0.17,172.49
"8643",2009-01-28,"2009",2009,120,28.7142857142857,-0.642857142857143,-0.18,172.31
"8644",2009-01-29,"2009",2009,121,28.4285714285714,-0.485714285714286,-0.2,172.11
"8645",2009-01-30,"2009",2009,122,28.1428571428571,-0.328571428571429,-0.21,171.9
"8646",2009-01-31,"2009",2009,123,27.8571428571429,-0.171428571428571,-0.21,171.69
"8647",2009-02-01,"2009",2009,124,27.5714285714286,-0.0142857142857142,-0.2,171.49
"8648",2009-02-02,"2009",2009,125,27.2857142857143,0.142857142857143,-0.2,171.29
"8649",2009-02-03,"2009",2009,126,27,0.3,-0.2,171.09
"8650",2009-02-04,"2009",2009,127,26.5,0.266666666666667,-0.2,170.89
"8651",2009-02-05,"2009",2009,128,26,0.233333333333333,-0.19,170.7
"8652",2009-02-06,"2009",2009,129,25.5,0.2,-0.19,170.51
"8653",2009-02-07,"2009",2009,130,25,0.166666666666667,-0.19,170.32
"8654",2009-02-08,"2009",2009,131,24.5,0.133333333333333,-0.19,170.13
"8655",2009-02-09,"2009",2009,132,24,0.1,-0.19,169.94
"8656",2009-02-10,"2009",2009,133,23,0.4,-0.18,169.76
"8657",2009-02-11,"2009",2009,134,23.2857142857143,0.385714285714286,-0.18,169.58
"8658",2009-02-12,"2009",2009,135,23.5714285714286,0.371428571428571,-0.18,169.4
"8659",2009-02-13,"2009",2009,136,23.8571428571429,0.357142857142857,-0.18,169.22
"8660",2009-02-14,"2009",2009,137,24.1428571428571,0.342857142857143,-0.18,169.04
"8661",2009-02-15,"2009",2009,138,24.4285714285714,0.328571428571429,-0.17,168.87
"8662",2009-02-16,"2009",2009,139,24.7142857142857,0.314285714285714,-0.17,168.7
"8663",2009-02-17,"2009",2009,140,25,0.3,-0.17,168.53
"8664",2009-02-18,"2009",2009,141,24.7142857142857,0.3,-0.17,168.36
"8665",2009-02-19,"2009",2009,142,24.4285714285714,0.3,-0.16,168.2
"8666",2009-02-20,"2009",2009,143,24.1428571428571,0.3,-0.16,168.04
"8667",2009-02-21,"2009",2009,144,23.8571428571429,0.3,-0.16,167.88
"8668",2009-02-22,"2009",2009,145,23.5714285714286,0.3,-0.16,167.72
"8669",2009-02-23,"2009",2009,146,23.2857142857143,0.3,-0.16,167.56
"8670",2009-02-24,"2009",2009,147,23,0.3,-0.15,167.41
"8671",2009-02-25,"2009",2009,148,22.8571428571429,0.3,-0.15,167.26
"8672",2009-02-26,"2009",2009,149,22.7142857142857,0.3,-0.15,167.11
"8673",2009-02-27,"2009",2009,150,22.5714285714286,0.3,-0.15,166.96
"8674",2009-02-28,"2009",2009,151,22.4285714285714,0.3,-0.15,166.81
"8675",2009-03-01,"2009",2009,152,22.2857142857143,0.3,-0.14,166.67
"8676",2009-03-02,"2009",2009,153,22.1428571428571,0.3,-0.14,166.53
"8677",2009-03-03,"2009",2009,154,22,0.3,-0.14,166.39
"8678",2009-03-04,"2009",2009,155,22.5,0.45,-0.14,166.25
"8679",2009-03-05,"2009",2009,156,23,0.6,-0.13,166.12
"8680",2009-03-06,"2009",2009,157,22.4,0.54,-0.13,165.99
"8681",2009-03-07,"2009",2009,158,21.8,0.48,-0.13,165.86
"8682",2009-03-08,"2009",2009,159,21.2,0.42,-0.13,165.73
"8683",2009-03-09,"2009",2009,160,20.6,0.36,-0.13,165.6
"8684",2009-03-10,"2009",2009,161,20,0.3,-0.12,165.48
"8685",2009-03-11,"2009",2009,162,19.7142857142857,NA,-0.12,165.36
"8686",2009-03-12,"2009",2009,163,19.4285714285714,NA,-0.12,165.24
"8687",2009-03-13,"2009",2009,164,19.1428571428571,NA,-0.12,165.12
"8688",2009-03-14,"2009",2009,165,18.8571428571429,NA,-0.11,165.01
"8689",2009-03-15,"2009",2009,166,18.5714285714286,NA,-0.11,164.9
"8690",2009-03-16,"2009",2009,167,18.2857142857143,NA,-0.11,164.79
"8691",2009-03-17,"2009",2009,168,18,NA,-0.11,164.68
"8692",2009-03-18,"2009",2009,169,17.7142857142857,NA,-0.11,164.57
"8693",2009-03-19,"2009",2009,170,17.4285714285714,NA,-0.1,164.47
"8694",2009-03-20,"2009",2009,171,17.1428571428571,NA,-0.1,164.37
"8695",2009-03-21,"2009",2009,172,16.8571428571429,NA,-0.1,164.27
"8696",2009-03-22,"2009",2009,173,16.5714285714286,NA,-0.1,164.17
"8697",2009-03-23,"2009",2009,174,16.2857142857143,NA,-0.1,164.07
"8698",2009-03-24,"2009",2009,175,16,NA,-0.09,163.98
"8699",2009-03-25,"2009",2009,176,16.2857142857143,NA,-0.09,163.89
"8700",2009-03-26,"2009",2009,177,16.5714285714286,NA,-0.09,163.8
"8701",2009-03-27,"2009",2009,178,16.8571428571429,NA,-0.09,163.71
"8702",2009-03-28,"2009",2009,179,17.1428571428571,NA,-0.08,163.63
"8703",2009-03-29,"2009",2009,180,17.4285714285714,NA,-0.08,163.55
"8704",2009-03-30,"2009",2009,181,17.7142857142857,NA,-0.08,163.47
"8705",2009-03-31,"2009",2009,182,18,0.1,-0.08,163.39
"8706",2009-04-01,"2009",2009,183,18,0.214285714285714,-0.08,163.31
"8707",2009-04-02,"2009",2009,184,18,0.328571428571429,-0.07,163.24
"8708",2009-04-03,"2009",2009,185,18,0.442857142857143,-0.07,163.17
"8709",2009-04-04,"2009",2009,186,18,0.557142857142857,-0.07,163.1
"8710",2009-04-05,"2009",2009,187,18,0.671428571428571,-0.07,163.03
"8711",2009-04-06,"2009",2009,188,18,0.785714285714286,-0.07,162.96
"8712",2009-04-07,"2009",2009,189,18,0.9,-0.06,162.9
"8713",2009-04-08,"2009",2009,190,18,0.9,-0.06,162.84
"8714",2009-04-09,"2009",2009,191,18,0.9,-0.06,162.78
"8715",2009-04-10,"2009",2009,192,18,0.9,-0.06,162.72
"8716",2009-04-11,"2009",2009,193,18,0.9,-0.05,162.67
"8717",2009-04-12,"2009",2009,194,18,0.9,-0.05,162.62
"8718",2009-04-13,"2009",2009,195,18,0.9,-0.05,162.57
"8719",2009-04-14,"2009",2009,196,18,0.9,-0.05,162.52
"8720",2009-04-15,"2009",2009,197,18.2857142857143,0.871428571428571,-0.05,162.47
"8721",2009-04-16,"2009",2009,198,18.5714285714286,0.842857142857143,-0.03,162.44
"8722",2009-04-17,"2009",2009,199,18.8571428571429,0.814285714285714,-0.01,162.43
"8723",2009-04-18,"2009",2009,200,19.1428571428571,0.785714285714286,0.01,162.44
"8724",2009-04-19,"2009",2009,201,19.4285714285714,0.757142857142857,0.03,162.47
"8725",2009-04-20,"2009",2009,202,19.7142857142857,0.728571428571429,0.05,162.52
"8726",2009-04-21,"2009",2009,203,20,0.7,0.07,162.59
"8727",2009-04-22,"2009",2009,204,19.8571428571429,0.714285714285714,0.1,162.69
"8728",2009-04-23,"2009",2009,205,19.7142857142857,0.728571428571429,0.13,162.82
"8729",2009-04-24,"2009",2009,206,19.5714285714286,0.742857142857143,0.16,162.98
"8730",2009-04-25,"2009",2009,207,19.4285714285714,0.757142857142857,0.2,163.18
"8731",2009-04-26,"2009",2009,208,19.2857142857143,0.771428571428571,0.21,163.39
"8732",2009-04-27,"2009",2009,209,19.1428571428571,0.785714285714286,0.21,163.6
"8733",2009-04-28,"2009",2009,210,19,0.8,0.26,163.86
"8734",2009-04-29,"2009",2009,211,18.8571428571429,0.785714285714286,0.38,164.24
"8735",2009-04-30,"2009",2009,212,18.7142857142857,0.771428571428571,0.52,164.76
"8736",2009-05-01,"2009",2009,213,18.5714285714286,0.757142857142857,0.67,165.43
"8737",2009-05-02,"2009",2009,214,18.4285714285714,0.742857142857143,0.92,166.35
"8738",2009-05-03,"2009",2009,215,18.2857142857143,0.728571428571429,0.89,167.24
"8739",2009-05-04,"2009",2009,216,18.1428571428571,0.714285714285714,0.75,167.99
"8740",2009-05-05,"2009",2009,217,18,0.7,0.69,168.68
"8741",2009-05-06,"2009",2009,218,17.7142857142857,0.728571428571429,1.57,170.25
"8742",2009-05-07,"2009",2009,219,17.4285714285714,0.757142857142857,3.2,173.45
"8743",2009-05-08,"2009",2009,220,17.1428571428571,0.785714285714286,2.69,176.14
"8744",2009-05-09,"2009",2009,221,16.8571428571429,0.814285714285714,2.63,178.77
"8745",2009-05-10,"2009",2009,222,16.5714285714286,0.842857142857143,2.53,181.3
"8746",2009-05-11,"2009",2009,223,16.2857142857143,0.871428571428571,4.13,185.43
"8747",2009-05-12,"2009",2009,224,16,0.9,6.65,192.08
"8748",2009-05-13,"2009",2009,225,15.7142857142857,1.12857142857143,4.85,196.93
"8749",2009-05-14,"2009",2009,226,15.4285714285714,1.35714285714286,5.3,202.23
"8750",2009-05-15,"2009",2009,227,15.1428571428571,1.58571428571429,8.42,210.65
"8751",2009-05-16,"2009",2009,228,14.8571428571429,1.81428571428571,14.2,224.85
"8752",2009-05-17,"2009",2009,229,14.5714285714286,2.04285714285714,17.9,242.75
"8753",2009-05-18,"2009",2009,230,14.2857142857143,2.27142857142857,22.5,265.25
"8754",2009-05-19,"2009",2009,231,14,2.5,25.5,290.75
"8755",2009-05-20,"2009",2009,232,14.1428571428571,2.61428571428571,21.1,311.85
"8756",2009-05-21,"2009",2009,233,14.2857142857143,2.72857142857143,16.8,328.65
"8757",2009-05-22,"2009",2009,234,14.4285714285714,2.84285714285714,15.6,344.25
"8758",2009-05-23,"2009",2009,235,14.5714285714286,2.95714285714286,14.6,358.85
"8759",2009-05-24,"2009",2009,236,14.7142857142857,3.07142857142857,19.6,378.45
"8760",2009-05-25,"2009",2009,237,14.8571428571429,3.18571428571429,17.9,396.35
"8761",2009-05-26,"2009",2009,238,15,3.3,14.1,410.45
"8762",2009-05-27,"2009",2009,239,14.7142857142857,3.27142857142857,13.1,423.55
"8763",2009-05-28,"2009",2009,240,14.4285714285714,3.24285714285714,15.2,438.75
"8764",2009-05-29,"2009",2009,241,14.1428571428571,3.21428571428571,18.6,457.35
"8765",2009-05-30,"2009",2009,242,13.8571428571429,3.18571428571429,20.5,477.85
"8766",2009-05-31,"2009",2009,243,13.5714285714286,3.15714285714286,20.9,498.75
"8767",2009-06-01,"2009",2009,244,13.2857142857143,3.12857142857143,18.5,517.25
"8768",2009-06-02,"2009",2009,245,13,3.1,15.9,533.15
"8769",2009-06-03,"2009",2009,246,13,3.45714285714286,19.7,552.85
"8770",2009-06-04,"2009",2009,247,13,3.81428571428571,20.2,573.05
"8771",2009-06-05,"2009",2009,248,13,4.17142857142857,19.7,592.75
"8772",2009-06-06,"2009",2009,249,13,4.52857142857143,16.5,609.25
"8773",2009-06-07,"2009",2009,250,13,4.88571428571429,13,622.25
"8774",2009-06-08,"2009",2009,251,13,5.24285714285714,12.6,634.85
"8775",2009-06-09,"2009",2009,252,13,5.6,13.5,648.35
"8776",2009-06-10,"2009",2009,253,13,5.74285714285714,15.7,664.05
"8777",2009-06-11,"2009",2009,254,13,5.88571428571429,15.7,679.75
"8778",2009-06-12,"2009",2009,255,13,6.02857142857143,15.9,695.65
"8779",2009-06-13,"2009",2009,256,13,6.17142857142857,17.2,712.85
"8780",2009-06-14,"2009",2009,257,13,6.31428571428571,18.5,731.35
"8781",2009-06-15,"2009",2009,258,13,6.45714285714286,18.1,749.45
"8782",2009-06-16,"2009",2009,259,13,6.6,19.5,768.95
"8783",2009-06-17,"2009",2009,260,12.8333333333333,6.73333333333333,22.1,791.05
"8784",2009-06-18,"2009",2009,261,12.6666666666667,6.86666666666667,22.4,813.45
"8785",2009-06-19,"2009",2009,262,12.5,7,24.2,837.65
"8786",2009-06-20,"2009",2009,263,12.3333333333333,7.13333333333333,28.2,865.85
"8787",2009-06-21,"2009",2009,264,12.1666666666667,7.26666666666667,26.1,891.95
"8788",2009-06-22,"2009",2009,265,12,7.4,24.8,916.75
"8789",2009-06-23,"2009",2009,266,12,8,27.1,943.85
"8790",2009-06-24,"2009",2009,267,11.8571428571429,8.25714285714286,30.4,974.25
"8791",2009-06-25,"2009",2009,268,11.7142857142857,8.51428571428571,49.9,1024.15
"8792",2009-06-26,"2009",2009,269,11.5714285714286,8.77142857142857,52.5,1076.65
"8793",2009-06-27,"2009",2009,270,11.4285714285714,9.02857142857143,34.2,1110.85
"8794",2009-06-28,"2009",2009,271,11.2857142857143,9.28571428571429,25.7,1136.55
"8795",2009-06-29,"2009",2009,272,11.1428571428571,9.54285714285714,21.7,1158.25
"8796",2009-06-30,"2009",2009,273,11,9.8,19.7,1177.95
"8797",2009-07-01,"2009",2009,274,11,NA,20.2,1198.15
"8798",2009-07-02,"2009",2009,275,11,NA,35,1233.15
"8799",2009-07-03,"2009",2009,276,11,NA,36.7,1269.85
"8800",2009-07-04,"2009",2009,277,11,NA,36.4,1306.25
"8801",2009-07-05,"2009",2009,278,11,NA,24.4,1330.65
"8802",2009-07-06,"2009",2009,279,11,NA,20.6,1351.25
"8803",2009-07-07,"2009",2009,280,11,NA,19.2,1370.45
"8804",2009-07-08,"2009",2009,281,10.7142857142857,NA,18.6,1389.05
"8805",2009-07-09,"2009",2009,282,10.4285714285714,NA,17.2,1406.25
"8806",2009-07-10,"2009",2009,283,10.1428571428571,NA,16,1422.25
"8807",2009-07-11,"2009",2009,284,9.85714285714286,NA,18.4,1440.65
"8808",2009-07-12,"2009",2009,285,9.57142857142857,NA,19.4,1460.05
"8809",2009-07-13,"2009",2009,286,9.28571428571429,NA,19.7,1479.75
"8810",2009-07-14,"2009",2009,287,9,10.1,18.4,1498.15
"8811",2009-07-15,"2009",2009,288,8.85714285714286,10.2142857142857,15.8,1513.95
"8812",2009-07-16,"2009",2009,289,8.71428571428571,10.3285714285714,14.4,1528.35
"8813",2009-07-17,"2009",2009,290,8.57142857142857,10.4428571428571,13.4,1541.75
"8814",2009-07-18,"2009",2009,291,8.42857142857143,10.5571428571429,13.5,1555.25
"8815",2009-07-19,"2009",2009,292,8.28571428571429,10.6714285714286,13.3,1568.55
"8816",2009-07-20,"2009",2009,293,8.14285714285714,10.7857142857143,14.2,1582.75
"8817",2009-07-21,"2009",2009,294,8,10.9,14.3,1597.05
"8818",2009-07-22,"2009",2009,295,8.14285714285714,10.7285714285714,12.8,1609.85
"8819",2009-07-23,"2009",2009,296,8.28571428571429,10.5571428571429,12.2,1622.05
"8820",2009-07-24,"2009",2009,297,8.42857142857143,10.3857142857143,12.3,1634.35
"8821",2009-07-25,"2009",2009,298,8.57142857142857,10.2142857142857,12.6,1646.95
"8822",2009-07-26,"2009",2009,299,8.71428571428571,10.0428571428571,12.7,1659.65
"8823",2009-07-27,"2009",2009,300,8.85714285714286,9.87142857142857,14.1,1673.75
"8824",2009-07-28,"2009",2009,301,9,9.7,13,1686.75
"8825",2009-07-29,"2009",2009,302,9.14285714285714,9.75714285714286,12.4,1699.15
"8826",2009-07-30,"2009",2009,303,9.28571428571429,9.81428571428571,11.6,1710.75
"8827",2009-07-31,"2009",2009,304,9.42857142857143,9.87142857142857,12.5,1723.25
"8828",2009-08-01,"2009",2009,305,9.57142857142857,9.92857142857143,12.4,1735.65
"8829",2009-08-02,"2009",2009,306,9.71428571428571,9.98571428571429,12.1,1747.75
"8830",2009-08-03,"2009",2009,307,9.85714285714286,10.0428571428571,11.1,1758.85
"8831",2009-08-04,"2009",2009,308,10,10.1,10.4,1769.25
"8832",2009-08-05,"2009",2009,309,10,10.5666666666667,10.7,1779.95
"8833",2009-08-06,"2009",2009,310,10,11.0333333333333,11.4,1791.35
"8834",2009-08-07,"2009",2009,311,10,11.5,11.5,1802.85
"8835",2009-08-08,"2009",2009,312,10,11.9666666666667,9.76,1812.61
"8836",2009-08-09,"2009",2009,313,10,12.4333333333333,8.49,1821.1
"8837",2009-08-10,"2009",2009,314,10,12.9,7.74,1828.84
"8838",2009-08-11,"2009",2009,315,10,12.675,7.31,1836.15
"8839",2009-08-12,"2009",2009,316,10,12.45,7.16,1843.31
"8840",2009-08-13,"2009",2009,317,10,12.225,7.1,1850.41
"8841",2009-08-14,"2009",2009,318,10,12,7.28,1857.69
"8842",2009-08-15,"2009",2009,319,10,11.775,7.41,1865.1
"8843",2009-08-16,"2009",2009,320,10,11.55,6.63,1871.73
"8844",2009-08-17,"2009",2009,321,10,11.325,5.97,1877.7
"8845",2009-08-18,"2009",2009,322,10,11.1,5.57,1883.27
"8846",2009-08-19,"2009",2009,323,10,11.0428571428571,5.17,1888.44
"8847",2009-08-20,"2009",2009,324,10,10.9857142857143,5.13,1893.57
"8848",2009-08-21,"2009",2009,325,10,10.9285714285714,5.34,1898.91
"8849",2009-08-22,"2009",2009,326,10,10.8714285714286,5.88,1904.79
"8850",2009-08-23,"2009",2009,327,10,10.8142857142857,7.33,1912.12
"8851",2009-08-24,"2009",2009,328,10,10.7571428571429,7.65,1919.77
"8852",2009-08-25,"2009",2009,329,10,10.7,7.16,1926.93
"8853",2009-08-26,"2009",2009,330,10.1428571428571,11.0714285714286,6.41,1933.34
"8854",2009-08-27,"2009",2009,331,10.2857142857143,11.4428571428571,5.75,1939.09
"8855",2009-08-28,"2009",2009,332,10.4285714285714,11.8142857142857,5.22,1944.31
"8856",2009-08-29,"2009",2009,333,10.5714285714286,12.1857142857143,4.83,1949.14
"8857",2009-08-30,"2009",2009,334,10.7142857142857,12.5571428571429,4.62,1953.76
"8858",2009-08-31,"2009",2009,335,10.8571428571429,12.9285714285714,4.36,1958.12
"8859",2009-09-01,"2009",2009,336,11,13.3,4.18,1962.3
"8860",2009-09-02,"2009",2009,337,11.1428571428571,13.2,3.94,1966.24
"8861",2009-09-03,"2009",2009,338,11.2857142857143,13.1,3.77,1970.01
"8862",2009-09-04,"2009",2009,339,11.4285714285714,13,3.62,1973.63
"8863",2009-09-05,"2009",2009,340,11.5714285714286,12.9,3.45,1977.08
"8864",2009-09-06,"2009",2009,341,11.7142857142857,12.8,3.5,1980.58
"8865",2009-09-07,"2009",2009,342,11.8571428571429,12.7,3.62,1984.2
"8866",2009-09-08,"2009",2009,343,12,12.6,3.8,1988
"8867",2009-09-09,"2009",2009,344,12,12.1428571428571,3.77,1991.77
"8868",2009-09-10,"2009",2009,345,12,11.6857142857143,3.55,1995.32
"8869",2009-09-11,"2009",2009,346,12,11.2285714285714,3.38,1998.7
"8870",2009-09-12,"2009",2009,347,12,10.7714285714286,3.27,2001.97
"8871",2009-09-13,"2009",2009,348,12,10.3142857142857,2.88,2004.85
"8872",2009-09-14,"2009",2009,349,12,9.85714285714286,2.8,2007.65
"8873",2009-09-15,"2009",2009,350,12,9.4,3.03,2010.68
"8874",2009-09-16,"2009",2009,351,12,8.64285714285714,3.08,2013.76
"8875",2009-09-17,"2009",2009,352,12,7.88571428571429,3.04,2016.8
"8876",2009-09-18,"2009",2009,353,12,7.12857142857143,2.88,2019.68
"8877",2009-09-19,"2009",2009,354,12,6.37142857142857,2.74,2022.42
"8878",2009-09-20,"2009",2009,355,12,5.61428571428571,2.76,2025.18
"8879",2009-09-21,"2009",2009,356,12,4.85714285714286,2.57,2027.75
"8880",2009-09-22,"2009",2009,357,12,4.1,2.42,2030.17
"8881",2009-09-23,"2009",2009,358,14,4.98571428571429,2.33,2032.5
"8882",2009-09-24,"2009",2009,359,16,5.87142857142857,2.22,2034.72
"8883",2009-09-25,"2009",2009,360,18,6.75714285714286,2.04,2036.76
"8884",2009-09-26,"2009",2009,361,20,7.64285714285714,1.63,2038.39
"8885",2009-09-27,"2009",2009,362,22,8.52857142857143,1.53,2039.92
"8886",2009-09-28,"2009",2009,363,24,9.41428571428571,1.59,2041.51
"8887",2009-09-29,"2009",2009,364,26,10.3,1.42,2042.93
"8888",2009-10-06,"2009",2010,6,9,3.3,1.33,7.93
"8889",2009-10-07,"2009",2010,7,9.14285714285714,3.32857142857143,1.38,9.31
"8890",2009-10-08,"2009",2010,8,9.28571428571429,3.35714285714286,1.35,10.66
"8891",2009-10-09,"2009",2010,9,9.42857142857143,3.38571428571429,1.26,11.92
"8892",2009-10-10,"2009",2010,10,9.57142857142857,3.41428571428571,1.19,13.11
"8893",2009-10-11,"2009",2010,11,9.71428571428571,3.44285714285714,1.26,14.37
"8894",2009-10-12,"2009",2010,12,9.85714285714286,3.47142857142857,1.19,15.56
"8895",2009-10-13,"2009",2010,13,10,3.5,1.3,16.86
"8896",2009-10-14,"2009",2010,14,10.1428571428571,3.55714285714286,1.48,18.34
"8897",2009-10-15,"2009",2010,15,10.2857142857143,3.61428571428571,1.36,19.7
"8898",2009-10-16,"2009",2010,16,10.4285714285714,3.67142857142857,1.27,20.97
"8899",2009-10-17,"2009",2010,17,10.5714285714286,3.72857142857143,1.21,22.18
"8900",2009-10-18,"2009",2010,18,10.7142857142857,3.78571428571429,1.28,23.46
"8901",2009-10-19,"2009",2010,19,10.8571428571429,3.84285714285714,1.31,24.77
"8902",2009-10-20,"2009",2010,20,11,3.9,1.22,25.99
"8903",2009-10-21,"2009",2010,21,10.8571428571429,3.82857142857143,1.04,27.03
"8904",2009-10-22,"2009",2010,22,10.7142857142857,3.75714285714286,0.98,28.01
"8905",2009-10-23,"2009",2010,23,10.5714285714286,3.68571428571429,0.9,28.91
"8906",2009-10-24,"2009",2010,24,10.4285714285714,3.61428571428571,0.84,29.75
"8907",2009-10-25,"2009",2010,25,10.2857142857143,3.54285714285714,0.66,30.41
"8908",2009-10-26,"2009",2010,26,10.1428571428571,3.47142857142857,0.67,31.08
"8909",2009-10-27,"2009",2010,27,10,3.4,0.65,31.73
"8910",2009-10-28,"2009",2010,28,10.1428571428571,3.3,0.62,32.35
"8911",2009-10-29,"2009",2010,29,10.2857142857143,3.2,0.59,32.94
"8912",2009-10-30,"2009",2010,30,10.4285714285714,3.1,0.57,33.51
"8913",2009-10-31,"2009",2010,31,10.5714285714286,3,0.56,34.07
"8914",2009-11-01,"2009",2010,32,10.7142857142857,2.9,0.57,34.64
"8915",2009-11-02,"2009",2010,33,10.8571428571429,2.8,0.57,35.21
"8916",2009-11-03,"2009",2010,34,11,2.7,0.57,35.78
"8917",2009-11-04,"2009",2010,35,10.8571428571429,2.82857142857143,0.55,36.33
"8918",2009-11-05,"2009",2010,36,10.7142857142857,2.95714285714286,0.52,36.85
"8919",2009-11-06,"2009",2010,37,10.5714285714286,3.08571428571429,0.5,37.35
"8920",2009-11-07,"2009",2010,38,10.4285714285714,3.21428571428571,0.46,37.81
"8921",2009-11-08,"2009",2010,39,10.2857142857143,3.34285714285714,0.43,38.24
"8922",2009-11-09,"2009",2010,40,10.1428571428571,3.47142857142857,0.46,38.7
"8923",2009-11-10,"2009",2010,41,10,3.6,0.44,39.14
"8924",2009-11-11,"2009",2010,42,10.1428571428571,3.37142857142857,0.42,39.56
"8925",2009-11-12,"2009",2010,43,10.2857142857143,3.14285714285714,0.42,39.98
"8926",2009-11-13,"2009",2010,44,10.4285714285714,2.91428571428571,0.39,40.37
"8927",2009-11-14,"2009",2010,45,10.5714285714286,2.68571428571429,0.42,40.79
"8928",2009-11-15,"2009",2010,46,10.7142857142857,2.45714285714286,0.41,41.2
"8929",2009-11-16,"2009",2010,47,10.8571428571429,2.22857142857143,0.41,41.61
"8930",2009-11-17,"2009",2010,48,11,2,0.4,42.01
"8931",2009-11-18,"2009",2010,49,10.8571428571429,1.81428571428571,0.39,42.4
"8932",2009-11-19,"2009",2010,50,10.7142857142857,1.62857142857143,0.38,42.78
"8933",2009-11-20,"2009",2010,51,10.5714285714286,1.44285714285714,0.37,43.15
"8934",2009-11-21,"2009",2010,52,10.4285714285714,1.25714285714286,0.33,43.48
"8935",2009-11-22,"2009",2010,53,10.2857142857143,1.07142857142857,0.33,43.81
"8936",2009-11-23,"2009",2010,54,10.1428571428571,0.885714285714286,0.33,44.14
"8937",2009-11-24,"2009",2010,55,10,0.7,0.33,44.47
"8938",2009-11-25,"2009",2010,56,10.4285714285714,0.728571428571429,0.34,44.81
"8939",2009-11-26,"2009",2010,57,10.8571428571429,0.757142857142857,0.34,45.15
"8940",2009-11-27,"2009",2010,58,11.2857142857143,0.785714285714286,0.34,45.49
"8941",2009-11-28,"2009",2010,59,11.7142857142857,0.814285714285714,0.32,45.81
"8942",2009-11-29,"2009",2010,60,12.1428571428571,0.842857142857143,0.34,46.15
"8943",2009-11-30,"2009",2010,61,12.5714285714286,0.871428571428571,0.3,46.45
"8944",2009-12-01,"2009",2010,62,13,0.9,0.27,46.72
"8945",2009-12-02,"2009",2010,63,NA,0.742857142857143,0.25,46.97
"8946",2009-12-03,"2009",2010,64,NA,0.585714285714286,0.25,47.22
"8947",2009-12-04,"2009",2010,65,NA,0.428571428571429,0.25,47.47
"8948",2009-12-05,"2009",2010,66,NA,0.271428571428571,0.25,47.72
"8949",2009-12-06,"2009",2010,67,NA,0.114285714285714,0.23,47.95
"8950",2009-12-07,"2009",2010,68,NA,-0.0428571428571428,0.23,48.18
"8951",2009-12-08,"2009",2010,69,NA,-0.2,0.21,48.39
"8952",2009-12-09,"2009",2010,70,NA,-0.142857142857143,0.21,48.6
"8953",2009-12-10,"2009",2010,71,NA,-0.0857142857142857,0.21,48.81
"8954",2009-12-11,"2009",2010,72,NA,-0.0285714285714286,0.19,49
"8955",2009-12-12,"2009",2010,73,NA,0.0285714285714286,0.19,49.19
"8956",2009-12-13,"2009",2010,74,NA,0.0857142857142857,0.17,49.36
"8957",2009-12-14,"2009",2010,75,NA,0.142857142857143,0.17,49.53
"8958",2009-12-15,"2009",2010,76,16,0.2,0.17,49.7
"8959",2009-12-16,"2009",2010,77,16.1428571428571,0.228571428571429,0.15,49.85
"8960",2009-12-17,"2009",2010,78,16.2857142857143,0.257142857142857,0.15,50
"8961",2009-12-18,"2009",2010,79,16.4285714285714,0.285714285714286,0.15,50.15
"8962",2009-12-19,"2009",2010,80,16.5714285714286,0.314285714285714,0.15,50.3
"8963",2009-12-20,"2009",2010,81,16.7142857142857,0.342857142857143,0.13,50.43
"8964",2009-12-21,"2009",2010,82,16.8571428571429,0.371428571428571,0.13,50.56
"8965",2009-12-22,"2009",2010,83,17,0.4,0.13,50.69
"8966",2009-12-23,"2009",2010,84,16.7142857142857,0.385714285714286,0.13,50.82
"8967",2009-12-24,"2009",2010,85,16.4285714285714,0.371428571428571,0.12,50.94
"8968",2009-12-25,"2009",2010,86,16.1428571428571,0.357142857142857,0.12,51.06
"8969",2009-12-26,"2009",2010,87,15.8571428571429,0.342857142857143,0.12,51.18
"8970",2009-12-27,"2009",2010,88,15.5714285714286,0.328571428571429,0.12,51.3
"8971",2009-12-28,"2009",2010,89,15.2857142857143,0.314285714285714,0.11,51.41
"8972",2009-12-29,"2009",2010,90,15,0.3,0.1,51.51
"8973",2009-12-30,"2009",2010,91,15.1428571428571,0.271428571428571,0.09,51.6
"8974",2009-12-31,"2009",2010,92,15.2857142857143,0.242857142857143,0.09,51.69
"8975",2010-01-01,"2010",2010,93,15.4285714285714,0.214285714285714,0.09,51.78
"8976",2010-01-02,"2010",2010,94,15.5714285714286,0.185714285714286,0.09,51.87
"8977",2010-01-03,"2010",2010,95,15.7142857142857,0.157142857142857,0.08,51.95
"8978",2010-01-04,"2010",2010,96,15.8571428571429,0.128571428571429,0.08,52.03
"8979",2010-01-05,"2010",2010,97,16,0.1,0.08,52.11
"8980",2010-01-06,"2010",2010,98,16,0.185714285714286,0.08,52.19
"8981",2010-01-07,"2010",2010,99,16,0.271428571428571,0.07,52.26
"8982",2010-01-08,"2010",2010,100,16,0.357142857142857,0.07,52.33
"8983",2010-01-09,"2010",2010,101,16,0.442857142857143,0.07,52.4
"8984",2010-01-10,"2010",2010,102,16,0.528571428571429,0.07,52.47
"8985",2010-01-11,"2010",2010,103,16,0.614285714285714,0.07,52.54
"8986",2010-01-12,"2010",2010,104,16,0.7,0.06,52.6
"8987",2010-01-13,"2010",2010,105,14.8571428571429,0.6,0.06,52.66
"8988",2010-01-14,"2010",2010,106,13.7142857142857,0.5,0.06,52.72
"8989",2010-01-15,"2010",2010,107,12.5714285714286,0.4,0.06,52.78
"8990",2010-01-16,"2010",2010,108,11.4285714285714,0.3,0.05,52.83
"8991",2010-01-17,"2010",2010,109,10.2857142857143,0.2,0.05,52.88
"8992",2010-01-18,"2010",2010,110,9.14285714285714,0.1,0.05,52.93
"8993",2010-01-19,"2010",2010,111,8,0,0.05,52.98
"8994",2010-01-20,"2010",2010,112,9,-0.0142857142857143,0.05,53.03
"8995",2010-01-21,"2010",2010,113,10,-0.0285714285714286,0.05,53.08
"8996",2010-01-22,"2010",2010,114,11,-0.0428571428571429,0.05,53.13
"8997",2010-01-23,"2010",2010,115,12,-0.0571428571428571,0.05,53.18
"8998",2010-01-24,"2010",2010,116,13,-0.0714285714285714,0.04,53.22
"8999",2010-01-25,"2010",2010,117,14,-0.0857142857142857,0.04,53.26
"9000",2010-01-26,"2010",2010,118,15,-0.1,0.04,53.3
"9001",2010-01-27,"2010",2010,119,NA,-0.1,0.04,53.34
"9002",2010-01-28,"2010",2010,120,NA,-0.1,0.04,53.38
"9003",2010-01-29,"2010",2010,121,NA,-0.1,0.04,53.42
"9004",2010-01-30,"2010",2010,122,NA,-0.1,0.04,53.46
"9005",2010-01-31,"2010",2010,123,NA,-0.1,0.03,53.49
"9006",2010-02-01,"2010",2010,124,NA,-0.1,0.03,53.52
"9007",2010-02-02,"2010",2010,125,NA,-0.1,0.03,53.55
"9008",2010-02-03,"2010",2010,126,NA,-0.0857142857142857,0.03,53.58
"9009",2010-02-04,"2010",2010,127,NA,-0.0714285714285714,0.03,53.61
"9010",2010-02-05,"2010",2010,128,NA,-0.0571428571428571,0.03,53.64
"9011",2010-02-06,"2010",2010,129,NA,-0.0428571428571429,0.03,53.67
"9012",2010-02-07,"2010",2010,130,NA,-0.0285714285714286,0.02,53.69
"9013",2010-02-08,"2010",2010,131,NA,-0.0142857142857143,0.02,53.71
"9014",2010-02-09,"2010",2010,132,14,0,0.02,53.73
"9015",2010-02-10,"2010",2010,133,14,0.0142857142857143,0.02,53.75
"9016",2010-02-11,"2010",2010,134,14,0.0285714285714286,0.02,53.77
"9017",2010-02-12,"2010",2010,135,14,0.0428571428571429,0.02,53.79
"9018",2010-02-13,"2010",2010,136,14,0.0571428571428571,0.02,53.81
"9019",2010-02-14,"2010",2010,137,14,0.0714285714285714,0.02,53.83
"9020",2010-02-15,"2010",2010,138,14,0.0857142857142857,0.02,53.85
"9021",2010-02-16,"2010",2010,139,14,0.1,0.02,53.87
"9022",2010-02-17,"2010",2010,140,14,0.0857142857142857,0.02,53.89
"9023",2010-02-18,"2010",2010,141,14,0.0714285714285714,0.02,53.91
"9024",2010-02-19,"2010",2010,142,14,0.0571428571428571,0.02,53.93
"9025",2010-02-20,"2010",2010,143,14,0.0428571428571429,0.01,53.94
"9026",2010-02-21,"2010",2010,144,14,0.0285714285714286,0.01,53.95
"9027",2010-02-22,"2010",2010,145,14,0.0142857142857143,0.01,53.96
"9028",2010-02-23,"2010",2010,146,14,0,0.01,53.97
"9029",2010-02-24,"2010",2010,147,14,0.0285714285714286,0.01,53.98
"9030",2010-02-25,"2010",2010,148,14,0.0571428571428571,0.01,53.99
"9031",2010-02-26,"2010",2010,149,14,0.0857142857142857,0.01,54
"9032",2010-02-27,"2010",2010,150,14,0.114285714285714,0.01,54.01
"9033",2010-02-28,"2010",2010,151,14,0.142857142857143,0.01,54.02
"9034",2010-03-01,"2010",2010,152,14,0.171428571428571,0.01,54.03
"9035",2010-03-02,"2010",2010,153,14,0.2,0.01,54.04
"9036",2010-03-03,"2010",2010,154,14,0.2,0.01,54.05
"9037",2010-03-04,"2010",2010,155,14,0.2,0.01,54.06
"9038",2010-03-05,"2010",2010,156,14,0.2,0.01,54.07
"9039",2010-03-06,"2010",2010,157,14,0.2,0.01,54.08
"9040",2010-03-07,"2010",2010,158,14,0.2,0.01,54.09
"9041",2010-03-08,"2010",2010,159,14,0.2,0.01,54.1
"9042",2010-03-09,"2010",2010,160,14,0.2,0.01,54.11
"9043",2010-03-10,"2010",2010,161,14,0.171428571428571,0.01,54.12
"9044",2010-03-11,"2010",2010,162,14,0.142857142857143,0.01,54.13
"9045",2010-03-12,"2010",2010,163,14,0.114285714285714,0.01,54.14
"9046",2010-03-13,"2010",2010,164,14,0.0857142857142857,0.01,54.15
"9047",2010-03-14,"2010",2010,165,14,0.0571428571428571,0.01,54.16
"9048",2010-03-15,"2010",2010,166,14,0.0285714285714286,0.01,54.17
"9049",2010-03-16,"2010",2010,167,14,0,0.01,54.18
"9050",2010-03-17,"2010",2010,168,14,0.0142857142857143,0.01,54.19
"9051",2010-03-18,"2010",2010,169,14,0.0285714285714286,0.01,54.2
"9052",2010-03-19,"2010",2010,170,14,0.0428571428571429,0.01,54.21
"9053",2010-03-20,"2010",2010,171,14,0.0571428571428571,0.01,54.22
"9054",2010-03-21,"2010",2010,172,14,0.0714285714285714,0.01,54.23
"9055",2010-03-22,"2010",2010,173,14,0.0857142857142857,0.01,54.24
"9056",2010-03-23,"2010",2010,174,14,0.1,0.01,54.25
"9057",2010-03-24,"2010",2010,175,14.1428571428571,0.185714285714286,0.01,54.26
"9058",2010-03-25,"2010",2010,176,14.2857142857143,0.271428571428571,0.01,54.27
"9059",2010-03-26,"2010",2010,177,14.4285714285714,0.357142857142857,0.01,54.28
"9060",2010-03-27,"2010",2010,178,14.5714285714286,0.442857142857143,0.01,54.29
"9061",2010-03-28,"2010",2010,179,14.7142857142857,0.528571428571429,0.01,54.3
"9062",2010-03-29,"2010",2010,180,14.8571428571429,0.614285714285714,0.01,54.31
"9063",2010-03-30,"2010",2010,181,15,0.7,0.01,54.32
"9064",2010-03-31,"2010",2010,182,14.8571428571429,0.6,0.01,54.33
"9065",2010-04-01,"2010",2010,183,14.7142857142857,0.5,0.01,54.34
"9066",2010-04-02,"2010",2010,184,14.5714285714286,0.4,0.01,54.35
"9067",2010-04-03,"2010",2010,185,14.4285714285714,0.3,0.02,54.37
"9068",2010-04-04,"2010",2010,186,14.2857142857143,0.2,0.02,54.39
"9069",2010-04-05,"2010",2010,187,14.1428571428571,0.1,0.02,54.41
"9070",2010-04-06,"2010",2010,188,14,0,0.02,54.43
"9071",2010-04-07,"2010",2010,189,14,0,0.02,54.45
"9072",2010-04-08,"2010",2010,190,14,0,0.02,54.47
"9073",2010-04-09,"2010",2010,191,14,0,0.02,54.49
"9074",2010-04-10,"2010",2010,192,14,0,0.03,54.52
"9075",2010-04-11,"2010",2010,193,14,0,0.1,54.62
"9076",2010-04-12,"2010",2010,194,14,0,0.12,54.74
"9077",2010-04-13,"2010",2010,195,14,0,0.1,54.84
"9078",2010-04-14,"2010",2010,196,13.7142857142857,0.157142857142857,0.16,55
"9079",2010-04-15,"2010",2010,197,13.4285714285714,0.314285714285714,0.3,55.3
"9080",2010-04-16,"2010",2010,198,13.1428571428571,0.471428571428571,0.38,55.68
"9081",2010-04-17,"2010",2010,199,12.8571428571429,0.628571428571429,0.39,56.07
"9082",2010-04-18,"2010",2010,200,12.5714285714286,0.785714285714286,0.52,56.59
"9083",2010-04-19,"2010",2010,201,12.2857142857143,0.942857142857143,1.02,57.61
"9084",2010-04-20,"2010",2010,202,12,1.1,1.79,59.4
"9085",2010-04-21,"2010",2010,203,11.7142857142857,1,3.33,62.73
"9086",2010-04-22,"2010",2010,204,11.4285714285714,0.9,3.33,66.06
"9087",2010-04-23,"2010",2010,205,11.1428571428571,0.8,2.79,68.85
"9088",2010-04-24,"2010",2010,206,10.8571428571429,0.7,2.38,71.23
"9089",2010-04-25,"2010",2010,207,10.5714285714286,0.6,1.85,73.08
"9090",2010-04-26,"2010",2010,208,10.2857142857143,0.5,1.29,74.37
"9091",2010-04-27,"2010",2010,209,10,0.4,1.22,75.59
"9092",2010-04-28,"2010",2010,210,NA,0.371428571428571,1.43,77.02
"9093",2010-04-29,"2010",2010,211,NA,0.342857142857143,1.03,78.05
"9094",2010-04-30,"2010",2010,212,NA,0.314285714285714,0.69,78.74
"9095",2010-05-01,"2010",2010,213,NA,0.285714285714286,0.55,79.29
"9096",2010-05-02,"2010",2010,214,NA,0.257142857142857,0.47,79.76
"9097",2010-05-03,"2010",2010,215,NA,0.228571428571429,0.42,80.18
"9098",2010-05-04,"2010",2010,216,NA,0.2,0.39,80.57
"9099",2010-05-05,"2010",2010,217,NA,0.214285714285714,0.39,80.96
"9100",2010-05-06,"2010",2010,218,NA,0.228571428571429,0.37,81.33
"9101",2010-05-07,"2010",2010,219,NA,0.242857142857143,0.34,81.67
"9102",2010-05-08,"2010",2010,220,NA,0.257142857142857,0.34,82.01
"9103",2010-05-09,"2010",2010,221,NA,0.271428571428571,0.47,82.48
"9104",2010-05-10,"2010",2010,222,NA,0.285714285714286,0.52,83
"9105",2010-05-11,"2010",2010,223,13,0.3,0.52,83.52
"9106",2010-05-12,"2010",2010,224,12.7142857142857,0.328571428571429,0.46,83.98
"9107",2010-05-13,"2010",2010,225,12.4285714285714,0.357142857142857,0.41,84.39
"9108",2010-05-14,"2010",2010,226,12.1428571428571,0.385714285714286,0.46,84.85
"9109",2010-05-15,"2010",2010,227,11.8571428571429,0.414285714285714,0.5,85.35
"9110",2010-05-16,"2010",2010,228,11.5714285714286,0.442857142857143,1.44,86.79
"9111",2010-05-17,"2010",2010,229,11.2857142857143,0.471428571428571,4.17,90.96
"9112",2010-05-18,"2010",2010,230,11,0.5,5.26,96.22
"9113",2010-05-19,"2010",2010,231,11.5714285714286,0.5,4.53,100.75
"9114",2010-05-20,"2010",2010,232,12.1428571428571,0.5,7.33,108.08
"9115",2010-05-21,"2010",2010,233,12.7142857142857,0.5,12.4,120.48
"9116",2010-05-22,"2010",2010,234,13.2857142857143,0.5,14.7,135.18
"9117",2010-05-23,"2010",2010,235,13.8571428571429,0.5,15.4,150.58
"9118",2010-05-24,"2010",2010,236,14.4285714285714,0.5,9.82,160.4
"9119",2010-05-25,"2010",2010,237,15,0.5,11.2,171.6
"9120",2010-05-26,"2010",2010,238,14.2857142857143,0.8,17.4,189
"9121",2010-05-27,"2010",2010,239,13.5714285714286,1.1,23.3,212.3
"9122",2010-05-28,"2010",2010,240,12.8571428571429,1.4,25.7,238
"9123",2010-05-29,"2010",2010,241,12.1428571428571,1.7,21.2,259.2
"9124",2010-05-30,"2010",2010,242,11.4285714285714,2,18.9,278.1
"9125",2010-05-31,"2010",2010,243,10.7142857142857,2.3,18.5,296.6
"9126",2010-06-01,"2010",2010,244,10,2.6,16.9,313.5
"9127",2010-06-02,"2010",2010,245,9.71428571428571,3.01428571428571,18,331.5
"9128",2010-06-03,"2010",2010,246,9.42857142857143,3.42857142857143,37.4,368.9
"9129",2010-06-04,"2010",2010,247,9.14285714285714,3.84285714285714,58.4,427.3
"9130",2010-06-05,"2010",2010,248,8.85714285714286,4.25714285714286,52.8,480.1
"9131",2010-06-06,"2010",2010,249,8.57142857142857,4.67142857142857,51.1,531.2
"9132",2010-06-07,"2010",2010,250,8.28571428571429,5.08571428571429,51.5,582.7
"9133",2010-06-08,"2010",2010,251,8,5.5,41.2,623.9
"9134",2010-06-09,"2010",2010,252,8.28571428571429,5.81428571428571,38.7,662.6
"9135",2010-06-10,"2010",2010,253,8.57142857142857,6.12857142857143,31.3,693.9
"9136",2010-06-11,"2010",2010,254,8.85714285714286,6.44285714285714,56.4,750.3
"9137",2010-06-12,"2010",2010,255,9.14285714285714,6.75714285714286,36.4,786.7
"9138",2010-06-13,"2010",2010,256,9.42857142857143,7.07142857142857,23.2,809.9
"9139",2010-06-14,"2010",2010,257,9.71428571428571,7.38571428571429,16.4,826.3
"9140",2010-06-15,"2010",2010,258,10,7.7,16.4,842.7
"9141",2010-06-16,"2010",2010,259,10.2857142857143,7.98571428571429,17.2,859.9
"9142",2010-06-17,"2010",2010,260,10.5714285714286,8.27142857142857,17.2,877.1
"9143",2010-06-18,"2010",2010,261,10.8571428571429,8.55714285714286,18.4,895.5
"9144",2010-06-19,"2010",2010,262,11.1428571428571,8.84285714285714,19.5,915
"9145",2010-06-20,"2010",2010,263,11.4285714285714,9.12857142857143,19,934
"9146",2010-06-21,"2010",2010,264,11.7142857142857,9.41428571428571,18.6,952.6
"9147",2010-06-22,"2010",2010,265,12,9.7,18.1,970.7
"9148",2010-06-23,"2010",2010,266,12,9.71428571428571,18.8,989.5
"9149",2010-06-24,"2010",2010,267,12,9.72857142857143,19.4,1008.9
"9150",2010-06-25,"2010",2010,268,12,9.74285714285714,20.7,1029.6
"9151",2010-06-26,"2010",2010,269,12,9.75714285714286,20.7,1050.3
"9152",2010-06-27,"2010",2010,270,12,9.77142857142857,19.2,1069.5
"9153",2010-06-28,"2010",2010,271,12,9.78571428571429,18.5,1088
"9154",2010-06-29,"2010",2010,272,12,9.8,17.4,1105.4
"9155",2010-06-30,"2010",2010,273,11.7142857142857,9.87142857142857,17.9,1123.3
"9156",2010-07-01,"2010",2010,274,11.4285714285714,9.94285714285714,21,1144.3
"9157",2010-07-02,"2010",2010,275,11.1428571428571,10.0142857142857,21.4,1165.7
"9158",2010-07-03,"2010",2010,276,10.8571428571429,10.0857142857143,19.2,1184.9
"9159",2010-07-04,"2010",2010,277,10.5714285714286,10.1571428571429,16.3,1201.2
"9160",2010-07-05,"2010",2010,278,10.2857142857143,10.2285714285714,14.7,1215.9
"9161",2010-07-06,"2010",2010,279,10,10.3,14.7,1230.6
"9162",2010-07-07,"2010",2010,280,9.71428571428571,10.3714285714286,20.1,1250.7
"9163",2010-07-08,"2010",2010,281,9.42857142857143,10.4428571428571,18.7,1269.4
"9164",2010-07-09,"2010",2010,282,9.14285714285714,10.5142857142857,16.4,1285.8
"9165",2010-07-10,"2010",2010,283,8.85714285714286,10.5857142857143,15.5,1301.3
"9166",2010-07-11,"2010",2010,284,8.57142857142857,10.6571428571429,15.4,1316.7
"9167",2010-07-12,"2010",2010,285,8.28571428571429,10.7285714285714,16.3,1333
"9168",2010-07-13,"2010",2010,286,8,10.8,17.1,1350.1
"9169",2010-07-14,"2010",2010,287,8,11.1857142857143,16.7,1366.8
"9170",2010-07-15,"2010",2010,288,8,11.5714285714286,15,1381.8
"9171",2010-07-16,"2010",2010,289,8,11.9571428571429,13.3,1395.1
"9172",2010-07-17,"2010",2010,290,8,12.3428571428571,12.5,1407.6
"9173",2010-07-18,"2010",2010,291,8,12.7285714285714,12.9,1420.5
"9174",2010-07-19,"2010",2010,292,8,13.1142857142857,13.8,1434.3
"9175",2010-07-20,"2010",2010,293,8,13.5,13.5,1447.8
"9176",2010-07-21,"2010",2010,294,8.28571428571429,13.5857142857143,15.4,1463.2
"9177",2010-07-22,"2010",2010,295,8.57142857142857,13.6714285714286,15.7,1478.9
"9178",2010-07-23,"2010",2010,296,8.85714285714286,13.7571428571429,14.3,1493.2
"9179",2010-07-24,"2010",2010,297,9.14285714285714,13.8428571428571,13.1,1506.3
"9180",2010-07-25,"2010",2010,298,9.42857142857143,13.9285714285714,12.3,1518.6
"9181",2010-07-26,"2010",2010,299,9.71428571428571,14.0142857142857,11.6,1530.2
"9182",2010-07-27,"2010",2010,300,10,14.1,12.6,1542.8
"9183",2010-07-28,"2010",2010,301,10.4285714285714,13.4714285714286,17,1559.8
"9184",2010-07-29,"2010",2010,302,10.8571428571429,12.8428571428571,19.8,1579.6
"9185",2010-07-30,"2010",2010,303,11.2857142857143,12.2142857142857,21.7,1601.3
"9186",2010-07-31,"2010",2010,304,11.7142857142857,11.5857142857143,20.3,1621.6
"9187",2010-08-01,"2010",2010,305,12.1428571428571,10.9571428571429,32.9,1654.5
"9188",2010-08-02,"2010",2010,306,12.5714285714286,10.3285714285714,32.1,1686.6
"9189",2010-08-03,"2010",2010,307,13,9.7,37.7,1724.3
"9190",2010-08-04,"2010",2010,308,13.1428571428571,10.0428571428571,22.9,1747.2
"9191",2010-08-05,"2010",2010,309,13.2857142857143,10.3857142857143,17.3,1764.5
"9192",2010-08-06,"2010",2010,310,13.4285714285714,10.7285714285714,14.7,1779.2
"9193",2010-08-07,"2010",2010,311,13.5714285714286,11.0714285714286,13.8,1793
"9194",2010-08-08,"2010",2010,312,13.7142857142857,11.4142857142857,13,1806
"9195",2010-08-09,"2010",2010,313,13.8571428571429,11.7571428571429,11.8,1817.8
"9196",2010-08-10,"2010",2010,314,14,12.1,10.8,1828.6
"9197",2010-08-11,"2010",2010,315,13.2857142857143,12.2,11.3,1839.9
"9198",2010-08-12,"2010",2010,316,12.5714285714286,12.3,10.8,1850.7
"9199",2010-08-13,"2010",2010,317,11.8571428571429,12.4,9.59,1860.29
"9200",2010-08-14,"2010",2010,318,11.1428571428571,12.5,8.45,1868.74
"9201",2010-08-15,"2010",2010,319,10.4285714285714,12.6,7.93,1876.67
"9202",2010-08-16,"2010",2010,320,9.71428571428572,12.7,7.58,1884.25
"9203",2010-08-17,"2010",2010,321,9,12.8,7.18,1891.43
"9204",2010-08-18,"2010",2010,322,9,12.8571428571429,7.01,1898.44
"9205",2010-08-19,"2010",2010,323,9,12.9142857142857,7.18,1905.62
"9206",2010-08-20,"2010",2010,324,9,12.9714285714286,7.15,1912.77
"9207",2010-08-21,"2010",2010,325,9,13.0285714285714,6.7,1919.47
"9208",2010-08-22,"2010",2010,326,9,13.0857142857143,6.61,1926.08
"9209",2010-08-23,"2010",2010,327,9,13.1428571428571,6.84,1932.92
"9210",2010-08-24,"2010",2010,328,9,13.2,6.56,1939.48
"9211",2010-08-25,"2010",2010,329,12,16.3,5.96,1945.44
"9212",2010-08-26,"2010",2010,330,12,15.5666666666667,5.36,1950.8
"9213",2010-08-27,"2010",2010,331,12,14.8333333333333,5.11,1955.91
"9214",2010-08-28,"2010",2010,332,12,14.1,5.1,1961.01
"9215",2010-08-29,"2010",2010,333,12,13.3666666666667,5,1966.01
"9216",2010-08-30,"2010",2010,334,12,12.6333333333333,4.51,1970.52
"9217",2010-08-31,"2010",2010,335,12,11.9,3.95,1974.47
"9218",2010-09-01,"2010",2010,336,11.5714285714286,11.2714285714286,3.49,1977.96
"9219",2010-09-02,"2010",2010,337,11.1428571428571,10.6428571428571,3.27,1981.23
"9220",2010-09-03,"2010",2010,338,10.7142857142857,10.0142857142857,3.06,1984.29
"9221",2010-09-04,"2010",2010,339,10.2857142857143,9.38571428571429,2.9,1987.19
"9222",2010-09-05,"2010",2010,340,9.85714285714286,8.75714285714286,2.63,1989.82
"9223",2010-09-06,"2010",2010,341,9.42857142857143,8.12857142857143,2.42,1992.24
"9224",2010-09-07,"2010",2010,342,9,7.5,2.44,1994.68
"9225",2010-09-08,"2010",2010,343,9.57142857142857,8.12857142857143,2.96,1997.64
"9226",2010-09-09,"2010",2010,344,10.1428571428571,8.75714285714286,2.83,2000.47
"9227",2010-09-10,"2010",2010,345,10.7142857142857,9.38571428571429,2.47,2002.94
"9228",2010-09-11,"2010",2010,346,11.2857142857143,10.0142857142857,2.14,2005.08
"9229",2010-09-12,"2010",2010,347,11.8571428571429,10.6428571428571,1.89,2006.97
"9230",2010-09-13,"2010",2010,348,12.4285714285714,11.2714285714286,1.72,2008.69
"9231",2010-09-14,"2010",2010,349,13,11.9,1.62,2010.31
"9232",2010-09-15,"2010",2010,350,13.1428571428571,11.5571428571429,1.56,2011.87
"9233",2010-09-16,"2010",2010,351,13.2857142857143,11.2142857142857,1.55,2013.42
"9234",2010-09-17,"2010",2010,352,13.4285714285714,10.8714285714286,1.53,2014.95
"9235",2010-09-18,"2010",2010,353,13.5714285714286,10.5285714285714,1.5,2016.45
"9236",2010-09-19,"2010",2010,354,13.7142857142857,10.1857142857143,1.48,2017.93
"9237",2010-09-20,"2010",2010,355,13.8571428571429,9.84285714285714,1.61,2019.54
"9238",2010-09-21,"2010",2010,356,14,9.5,1.87,2021.41
"9239",2010-09-22,"2010",2010,357,14,9.9,2.31,2023.72
"9240",2010-09-23,"2010",2010,358,14,10.3,2.06,2025.78
"9241",2010-09-24,"2010",2010,359,14,10.7,1.81,2027.59
"9242",2010-09-25,"2010",2010,360,14,11.1,1.69,2029.28
"9243",2010-09-26,"2010",2010,361,14,11.5,1.57,2030.85
"9244",2010-09-27,"2010",2010,362,14,11.9,1.49,2032.34
"9245",2010-09-28,"2010",2010,363,14,12.3,1.41,2033.75
"9246",2010-10-05,"2010",2011,5,13,8.7,1.33,6.62
"9247",2010-10-06,"2010",2011,6,13.1428571428571,8.05714285714286,1.42,8.04
"9248",2010-10-07,"2010",2011,7,13.2857142857143,7.41428571428571,1.49,9.53
"9249",2010-10-08,"2010",2011,8,13.4285714285714,6.77142857142857,1.46,10.99
"9250",2010-10-09,"2010",2011,9,13.5714285714286,6.12857142857143,1.49,12.48
"9251",2010-10-10,"2010",2011,10,13.7142857142857,5.48571428571429,1.53,14.01
"9252",2010-10-11,"2010",2011,11,13.8571428571429,4.84285714285714,1.66,15.67
"9253",2010-10-12,"2010",2011,12,14,4.2,1.75,17.42
"9254",2010-10-13,"2010",2011,13,14,4.11428571428571,1.66,19.08
"9255",2010-10-14,"2010",2011,14,14,4.02857142857143,1.5,20.58
"9256",2010-10-15,"2010",2011,15,14,3.94285714285714,1.33,21.91
"9257",2010-10-16,"2010",2011,16,14,3.85714285714286,1.17,23.08
"9258",2010-10-17,"2010",2011,17,14,3.77142857142857,1.11,24.19
"9259",2010-10-18,"2010",2011,18,14,3.68571428571429,1.27,25.46
"9260",2010-10-19,"2010",2011,19,14,3.6,1.21,26.67
"9261",2010-10-20,"2010",2011,20,14.1428571428571,NA,1.15,27.82
"9262",2010-10-21,"2010",2011,21,14.2857142857143,NA,1.27,29.09
"9263",2010-10-22,"2010",2011,22,14.4285714285714,NA,1.58,30.67
"9264",2010-10-23,"2010",2011,23,14.5714285714286,NA,1.48,32.15
"9265",2010-10-24,"2010",2011,24,14.7142857142857,NA,1.47,33.62
"9266",2010-10-25,"2010",2011,25,14.8571428571429,NA,1.46,35.08
"9267",2010-10-26,"2010",2011,26,15,NA,1.46,36.54
"9268",2010-10-27,"2010",2011,27,15.1428571428571,NA,1.45,37.99
"9269",2010-10-28,"2010",2011,28,15.2857142857143,NA,1.45,39.44
"9270",2010-10-29,"2010",2011,29,15.4285714285714,NA,1.44,40.88
"9271",2010-10-30,"2010",2011,30,15.5714285714286,NA,1.44,42.32
"9272",2010-10-31,"2010",2011,31,15.7142857142857,NA,1.43,43.75
"9273",2010-11-01,"2010",2011,32,15.8571428571429,NA,1.43,45.18
"9274",2010-11-02,"2010",2011,33,16,2.6,1.4,46.58
"9275",2010-11-03,"2010",2011,34,16.1428571428571,2.45714285714286,1.46,48.04
"9276",2010-11-04,"2010",2011,35,16.2857142857143,2.31428571428571,1.46,49.5
"9277",2010-11-05,"2010",2011,36,16.4285714285714,2.17142857142857,1.45,50.95
"9278",2010-11-06,"2010",2011,37,16.5714285714286,2.02857142857143,1.41,52.36
"9279",2010-11-07,"2010",2011,38,16.7142857142857,1.88571428571429,1.33,53.69
"9280",2010-11-08,"2010",2011,39,16.8571428571429,1.74285714285714,1.21,54.9
"9281",2010-11-09,"2010",2011,40,17,1.6,0.93,55.83
"9282",2010-11-10,"2010",2011,41,17.2857142857143,1.51428571428571,0.86,56.69
"9283",2010-11-11,"2010",2011,42,17.5714285714286,1.42857142857143,0.69,57.38
"9284",2010-11-12,"2010",2011,43,17.8571428571429,1.34285714285714,0.62,58
"9285",2010-11-13,"2010",2011,44,18.1428571428571,1.25714285714286,0.6,58.6
"9286",2010-11-14,"2010",2011,45,18.4285714285714,1.17142857142857,0.61,59.21
"9287",2010-11-15,"2010",2011,46,18.7142857142857,1.08571428571429,0.59,59.8
"9288",2010-11-16,"2010",2011,47,19,1,0.57,60.37
"9289",2010-11-17,"2010",2011,48,19.1428571428571,0.985714285714286,0.55,60.92
"9290",2010-11-18,"2010",2011,49,19.2857142857143,0.971428571428571,0.53,61.45
"9291",2010-11-19,"2010",2011,50,19.4285714285714,0.957142857142857,0.53,61.98
"9292",2010-11-20,"2010",2011,51,19.5714285714286,0.942857142857143,0.52,62.5
"9293",2010-11-21,"2010",2011,52,19.7142857142857,0.928571428571429,0.5,63
"9294",2010-11-22,"2010",2011,53,19.8571428571429,0.914285714285714,0.47,63.47
"9295",2010-11-23,"2010",2011,54,20,0.9,0.44,63.91
"9296",2010-11-24,"2010",2011,55,20.4285714285714,0.828571428571429,0.42,64.33
"9297",2010-11-25,"2010",2011,56,20.8571428571429,0.757142857142857,0.39,64.72
"9298",2010-11-26,"2010",2011,57,21.2857142857143,0.685714285714286,0.34,65.06
"9299",2010-11-27,"2010",2011,58,21.7142857142857,0.614285714285714,0.34,65.4
"9300",2010-11-28,"2010",2011,59,22.1428571428571,0.542857142857143,0.31,65.71
"9301",2010-11-29,"2010",2011,60,22.5714285714286,0.471428571428571,0.31,66.02
"9302",2010-11-30,"2010",2011,61,23,0.4,0.31,66.33
"9303",2010-12-01,"2010",2011,62,22.8571428571429,0.428571428571429,0.31,66.64
"9304",2010-12-02,"2010",2011,63,22.7142857142857,0.457142857142857,0.31,66.95
"9305",2010-12-03,"2010",2011,64,22.5714285714286,0.485714285714286,0.3,67.25
"9306",2010-12-04,"2010",2011,65,22.4285714285714,0.514285714285714,0.3,67.55
"9307",2010-12-05,"2010",2011,66,22.2857142857143,0.542857142857143,0.3,67.85
"9308",2010-12-06,"2010",2011,67,22.1428571428571,0.571428571428571,0.3,68.15
"9309",2010-12-07,"2010",2011,68,22,0.6,0.3,68.45
"9310",2010-12-08,"2010",2011,69,21.8571428571429,0.585714285714286,0.29,68.74
"9311",2010-12-09,"2010",2011,70,21.7142857142857,0.571428571428571,0.29,69.03
"9312",2010-12-10,"2010",2011,71,21.5714285714286,0.557142857142857,0.29,69.32
"9313",2010-12-11,"2010",2011,72,21.4285714285714,0.542857142857143,0.29,69.61
"9314",2010-12-12,"2010",2011,73,21.2857142857143,0.528571428571429,0.29,69.9
"9315",2010-12-13,"2010",2011,74,21.1428571428571,0.514285714285714,0.28,70.18
"9316",2010-12-14,"2010",2011,75,21,0.5,0.28,70.46
"9317",2010-12-15,"2010",2011,76,21.1428571428571,0.485714285714286,0.28,70.74
"9318",2010-12-16,"2010",2011,77,21.2857142857143,0.471428571428571,0.28,71.02
"9319",2010-12-17,"2010",2011,78,21.4285714285714,0.457142857142857,0.28,71.3
"9320",2010-12-18,"2010",2011,79,21.5714285714286,0.442857142857143,0.27,71.57
"9321",2010-12-19,"2010",2011,80,21.7142857142857,0.428571428571429,0.27,71.84
"9322",2010-12-20,"2010",2011,81,21.8571428571429,0.414285714285714,0.27,72.11
"9323",2010-12-21,"2010",2011,82,22,0.4,0.27,72.38
"9324",2010-12-22,"2010",2011,83,22,0.371428571428571,0.26,72.64
"9325",2010-12-23,"2010",2011,84,22,0.342857142857143,0.26,72.9
"9326",2010-12-24,"2010",2011,85,22,0.314285714285714,0.26,73.16
"9327",2010-12-25,"2010",2011,86,22,0.285714285714286,0.26,73.42
"9328",2010-12-26,"2010",2011,87,22,0.257142857142857,0.26,73.68
"9329",2010-12-27,"2010",2011,88,22,0.228571428571429,0.25,73.93
"9330",2010-12-28,"2010",2011,89,22,0.2,0.25,74.18
"9331",2010-12-29,"2010",2011,90,NA,NA,0.25,74.43
"9332",2010-12-30,"2010",2011,91,NA,NA,0.25,74.68
"9333",2010-12-31,"2010",2011,92,NA,NA,0.25,74.93
"9334",2011-01-01,"2011",2011,93,NA,NA,0.24,75.17
"9335",2011-01-02,"2011",2011,94,NA,NA,0.24,75.41
"9336",2011-01-03,"2011",2011,95,NA,NA,0.24,75.65
"9337",2011-01-04,"2011",2011,96,NA,NA,0.24,75.89
"9338",2011-01-05,"2011",2011,97,NA,NA,0.23,76.12
"9339",2011-01-06,"2011",2011,98,NA,NA,0.23,76.35
"9340",2011-01-07,"2011",2011,99,NA,NA,0.23,76.58
"9341",2011-01-08,"2011",2011,100,NA,NA,0.22,76.8
"9342",2011-01-09,"2011",2011,101,NA,NA,0.22,77.02
"9343",2011-01-10,"2011",2011,102,NA,NA,0.22,77.24
"9344",2011-01-11,"2011",2011,103,27,0.2,0.22,77.46
"9345",2011-01-12,"2011",2011,104,27.1428571428571,0.2,0.21,77.67
"9346",2011-01-13,"2011",2011,105,27.2857142857143,0.2,0.21,77.88
"9347",2011-01-14,"2011",2011,106,27.4285714285714,0.2,0.21,78.09
"9348",2011-01-15,"2011",2011,107,27.5714285714286,0.2,0.2,78.29
"9349",2011-01-16,"2011",2011,108,27.7142857142857,0.2,0.2,78.49
"9350",2011-01-17,"2011",2011,109,27.8571428571429,0.2,0.2,78.69
"9351",2011-01-18,"2011",2011,110,28,0.2,0.2,78.89
"9352",2011-01-19,"2011",2011,111,28,0.185714285714286,0.19,79.08
"9353",2011-01-20,"2011",2011,112,28,0.171428571428571,0.19,79.27
"9354",2011-01-21,"2011",2011,113,28,0.157142857142857,0.19,79.46
"9355",2011-01-22,"2011",2011,114,28,0.142857142857143,0.19,79.65
"9356",2011-01-23,"2011",2011,115,28,0.128571428571429,0.18,79.83
"9357",2011-01-24,"2011",2011,116,28,0.114285714285714,0.18,80.01
"9358",2011-01-25,"2011",2011,117,28,0.1,0.18,80.19
"9359",2011-01-26,"2011",2011,118,NA,0.1,0.17,80.36
"9360",2011-01-27,"2011",2011,119,NA,0.1,0.17,80.53
"9361",2011-01-28,"2011",2011,120,NA,0.1,0.17,80.7
"9362",2011-01-29,"2011",2011,121,NA,0.1,0.17,80.87
"9363",2011-01-30,"2011",2011,122,NA,0.1,0.16,81.03
"9364",2011-01-31,"2011",2011,123,NA,0.1,0.16,81.19
"9365",2011-02-01,"2011",2011,124,NA,0.1,0.16,81.35
"9366",2011-02-02,"2011",2011,125,NA,0.1,0.15,81.5
"9367",2011-02-03,"2011",2011,126,NA,0.0833333333333333,0.15,81.65
"9368",2011-02-04,"2011",2011,127,NA,0.0666666666666667,0.15,81.8
"9369",2011-02-05,"2011",2011,128,NA,0.05,0.14,81.94
"9370",2011-02-06,"2011",2011,129,NA,0.0333333333333333,0.14,82.08
"9371",2011-02-07,"2011",2011,130,NA,0.0166666666666667,0.14,82.22
"9372",2011-02-08,"2011",2011,131,26,0,0.13,82.35
"9373",2011-02-09,"2011",2011,132,26,0.0285714285714286,0.13,82.48
"9374",2011-02-10,"2011",2011,133,26,0.0571428571428571,0.13,82.61
"9375",2011-02-11,"2011",2011,134,26,0.0857142857142857,0.12,82.73
"9376",2011-02-12,"2011",2011,135,26,0.114285714285714,0.12,82.85
"9377",2011-02-13,"2011",2011,136,26,0.142857142857143,0.12,82.97
"9378",2011-02-14,"2011",2011,137,26,0.171428571428571,0.11,83.08
"9379",2011-02-15,"2011",2011,138,26,0.2,0.11,83.19
"9380",2011-02-16,"2011",2011,139,25.8571428571429,0.185714285714286,0.13,83.32
"9381",2011-02-17,"2011",2011,140,25.7142857142857,0.171428571428571,0.12,83.44
"9382",2011-02-18,"2011",2011,141,25.5714285714286,0.157142857142857,0.12,83.56
"9383",2011-02-19,"2011",2011,142,25.4285714285714,0.142857142857143,0.11,83.67
"9384",2011-02-20,"2011",2011,143,25.2857142857143,0.128571428571429,0.11,83.78
"9385",2011-02-21,"2011",2011,144,25.1428571428571,0.114285714285714,0.1,83.88
"9386",2011-02-22,"2011",2011,145,25,0.1,0.09,83.97
"9387",2011-02-23,"2011",2011,146,25.1428571428571,0.114285714285714,0.09,84.06
"9388",2011-02-24,"2011",2011,147,25.2857142857143,0.128571428571429,0.09,84.15
"9389",2011-02-25,"2011",2011,148,25.4285714285714,0.142857142857143,0.09,84.24
"9390",2011-02-26,"2011",2011,149,25.5714285714286,0.157142857142857,0.09,84.33
"9391",2011-02-27,"2011",2011,150,25.7142857142857,0.171428571428571,0.09,84.4200000000001
"9392",2011-02-28,"2011",2011,151,25.8571428571429,0.185714285714286,0.08,84.5000000000001
"9393",2011-03-01,"2011",2011,152,26,0.2,0.08,84.58
"9394",2011-03-02,"2011",2011,153,26.2857142857143,0.2,0.08,84.66
"9395",2011-03-03,"2011",2011,154,26.5714285714286,0.2,0.08,84.74
"9396",2011-03-04,"2011",2011,155,26.8571428571429,0.2,0.08,84.82
"9397",2011-03-05,"2011",2011,156,27.1428571428571,0.2,0.07,84.89
"9398",2011-03-06,"2011",2011,157,27.4285714285714,0.2,0.07,84.96
"9399",2011-03-07,"2011",2011,158,27.7142857142857,0.2,0.07,85.03
"9400",2011-03-08,"2011",2011,159,28,0.2,0.07,85.1
"9401",2011-03-09,"2011",2011,160,28,0.214285714285714,0.07,85.17
"9402",2011-03-10,"2011",2011,161,28,0.228571428571429,0.06,85.23
"9403",2011-03-11,"2011",2011,162,28,0.242857142857143,0.06,85.29
"9404",2011-03-12,"2011",2011,163,28,0.257142857142857,0.07,85.36
"9405",2011-03-13,"2011",2011,164,28,0.271428571428571,0.07,85.43
"9406",2011-03-14,"2011",2011,165,28,0.285714285714286,0.07,85.5
"9407",2011-03-15,"2011",2011,166,28,0.3,0.08,85.58
"9408",2011-03-16,"2011",2011,167,28,0.257142857142857,0.08,85.66
"9409",2011-03-17,"2011",2011,168,28,0.214285714285714,0.09,85.75
"9410",2011-03-18,"2011",2011,169,28,0.171428571428571,0.09,85.84
"9411",2011-03-19,"2011",2011,170,28,0.128571428571429,0.09,85.93
"9412",2011-03-20,"2011",2011,171,28,0.0857142857142857,0.1,86.03
"9413",2011-03-21,"2011",2011,172,28,0.0428571428571429,0.1,86.13
"9414",2011-03-22,"2011",2011,173,28,0,0.11,86.24
"9415",2011-03-23,"2011",2011,174,27.8571428571429,0.0571428571428571,0.11,86.35
"9416",2011-03-24,"2011",2011,175,27.7142857142857,0.114285714285714,0.11,86.46
"9417",2011-03-25,"2011",2011,176,27.5714285714286,0.171428571428571,0.12,86.58
"9418",2011-03-26,"2011",2011,177,27.4285714285714,0.228571428571429,0.12,86.7
"9419",2011-03-27,"2011",2011,178,27.2857142857143,0.285714285714286,0.13,86.83
"9420",2011-03-28,"2011",2011,179,27.1428571428571,0.342857142857143,0.13,86.96
"9421",2011-03-29,"2011",2011,180,27,0.4,0.13,87.09
"9422",2011-03-30,"2011",2011,181,26.1428571428571,0.471428571428571,0.13,87.22
"9423",2011-03-31,"2011",2011,182,25.2857142857143,0.542857142857143,0.13,87.35
"9424",2011-04-01,"2011",2011,183,24.4285714285714,0.614285714285714,0.13,87.48
"9425",2011-04-02,"2011",2011,184,23.5714285714286,0.685714285714286,0.15,87.63
"9426",2011-04-03,"2011",2011,185,22.7142857142857,0.757142857142857,0.15,87.78
"9427",2011-04-04,"2011",2011,186,21.8571428571429,0.828571428571429,0.16,87.94
"9428",2011-04-05,"2011",2011,187,21,0.9,0.17,88.11
"9429",2011-04-06,"2011",2011,188,21.4285714285714,0.9,0.17,88.28
"9430",2011-04-07,"2011",2011,189,21.8571428571429,0.9,0.17,88.45
"9431",2011-04-08,"2011",2011,190,22.2857142857143,0.9,0.18,88.63
"9432",2011-04-09,"2011",2011,191,22.7142857142857,0.9,0.21,88.84
"9433",2011-04-10,"2011",2011,192,23.1428571428571,0.9,0.21,89.05
"9434",2011-04-11,"2011",2011,193,23.5714285714286,0.9,0.21,89.26
"9435",2011-04-12,"2011",2011,194,24,0.9,0.21,89.47
"9436",2011-04-13,"2011",2011,195,24,0.828571428571429,0.25,89.72
"9437",2011-04-14,"2011",2011,196,24,0.757142857142857,0.25,89.97
"9438",2011-04-15,"2011",2011,197,24,0.685714285714286,0.21,90.18
"9439",2011-04-16,"2011",2011,198,24,0.614285714285714,0.21,90.39
"9440",2011-04-17,"2011",2011,199,24,0.542857142857143,0.24,90.63
"9441",2011-04-18,"2011",2011,200,24,0.471428571428571,0.25,90.88
"9442",2011-04-19,"2011",2011,201,24,0.4,0.23,91.11
"9443",2011-04-20,"2011",2011,202,24.4285714285714,0.371428571428571,0.25,91.36
"9444",2011-04-21,"2011",2011,203,24.8571428571429,0.342857142857143,0.25,91.61
"9445",2011-04-22,"2011",2011,204,25.2857142857143,0.314285714285714,0.21,91.82
"9446",2011-04-23,"2011",2011,205,25.7142857142857,0.285714285714286,0.21,92.03
"9447",2011-04-24,"2011",2011,206,26.1428571428571,0.257142857142857,0.21,92.2399999999999
"9448",2011-04-25,"2011",2011,207,26.5714285714286,0.228571428571429,0.21,92.4499999999999
"9449",2011-04-26,"2011",2011,208,27,0.2,0.21,92.6599999999999
"9450",2011-04-27,"2011",2011,209,27.1428571428571,0.2,0.17,92.8299999999999
"9451",2011-04-28,"2011",2011,210,27.2857142857143,0.2,0.18,93.0099999999999
"9452",2011-04-29,"2011",2011,211,27.4285714285714,0.2,0.18,93.1899999999999
"9453",2011-04-30,"2011",2011,212,27.5714285714286,0.2,0.18,93.37
"9454",2011-05-01,"2011",2011,213,27.7142857142857,0.2,0.17,93.54
"9455",2011-05-02,"2011",2011,214,27.8571428571429,0.2,0.17,93.71
"9456",2011-05-03,"2011",2011,215,28,0.2,0.17,93.88
"9457",2011-05-04,"2011",2011,216,26.4285714285714,0.342857142857143,0.17,94.05
"9458",2011-05-05,"2011",2011,217,24.8571428571429,0.485714285714286,0.18,94.23
"9459",2011-05-06,"2011",2011,218,23.2857142857143,0.628571428571429,0.22,94.45
"9460",2011-05-07,"2011",2011,219,21.7142857142857,0.771428571428571,0.39,94.84
"9461",2011-05-08,"2011",2011,220,20.1428571428571,0.914285714285714,1.58,96.42
"9462",2011-05-09,"2011",2011,221,18.5714285714286,1.05714285714286,2.85,99.27
"9463",2011-05-10,"2011",2011,222,17,1.2,3.23,102.5
"9464",2011-05-11,"2011",2011,223,16.7142857142857,1.11428571428571,2.49,104.99
"9465",2011-05-12,"2011",2011,224,16.4285714285714,1.02857142857143,1.77,106.76
"9466",2011-05-13,"2011",2011,225,16.1428571428571,0.942857142857143,2.32,109.08
"9467",2011-05-14,"2011",2011,226,15.8571428571429,0.857142857142857,2.2,111.28
"9468",2011-05-15,"2011",2011,227,15.5714285714286,0.771428571428571,2.48,113.76
"9469",2011-05-16,"2011",2011,228,15.2857142857143,0.685714285714286,4.24,118
"9470",2011-05-17,"2011",2011,229,15,0.6,4.02,122.02
"9471",2011-05-18,"2011",2011,230,15.1428571428571,0.585714285714286,3.08,125.1
"9472",2011-05-19,"2011",2011,231,15.2857142857143,0.571428571428571,2.22,127.32
"9473",2011-05-20,"2011",2011,232,15.4285714285714,0.557142857142857,1.77,129.09
"9474",2011-05-21,"2011",2011,233,15.5714285714286,0.542857142857143,1.44,130.53
"9475",2011-05-22,"2011",2011,234,15.7142857142857,0.528571428571429,2.18,132.71
"9476",2011-05-23,"2011",2011,235,15.8571428571429,0.514285714285714,3.48,136.19
"9477",2011-05-24,"2011",2011,236,16,0.5,2.88,139.07
"9478",2011-05-25,"2011",2011,237,16.5714285714286,0.5,2.76,141.83
"9479",2011-05-26,"2011",2011,238,17.1428571428571,0.5,3.96,145.79
"9480",2011-05-27,"2011",2011,239,17.7142857142857,0.5,3.4,149.19
"9481",2011-05-28,"2011",2011,240,18.2857142857143,0.5,5,154.19
"9482",2011-05-29,"2011",2011,241,18.8571428571429,0.5,11.6,165.79
"9483",2011-05-30,"2011",2011,242,19.4285714285714,0.5,7.49,173.28
"9484",2011-05-31,"2011",2011,243,20,0.5,9.12,182.4
"9485",2011-06-01,"2011",2011,244,18.75,0.775,17.3,199.7
"9486",2011-06-02,"2011",2011,245,17.5,1.05,19.8,219.5
"9487",2011-06-03,"2011",2011,246,16.25,1.325,18.6,238.1
"9488",2011-06-04,"2011",2011,247,15,1.6,23.1,261.2
"9489",2011-06-05,"2011",2011,248,14.6666666666667,1.8,26.3,287.5
"9490",2011-06-06,"2011",2011,249,14.3333333333333,2,26.2,313.7
"9491",2011-06-07,"2011",2011,250,14,2.2,20.4,334.1
"9492",2011-06-08,"2011",2011,251,13.7142857142857,2.42857142857143,22.8,356.9
"9493",2011-06-09,"2011",2011,252,13.4285714285714,2.65714285714286,20.9,377.8
"9494",2011-06-10,"2011",2011,253,13.1428571428571,2.88571428571429,19.7,397.5
"9495",2011-06-11,"2011",2011,254,12.8571428571429,3.11428571428571,20.7,418.2
"9496",2011-06-12,"2011",2011,255,12.5714285714286,3.34285714285714,21.9,440.1
"9497",2011-06-13,"2011",2011,256,12.2857142857143,3.57142857142857,23.3,463.4
"9498",2011-06-14,"2011",2011,257,12,3.8,23.5,486.9
"9499",2011-06-15,"2011",2011,258,12.5714285714286,4.01428571428571,25.2,512.1
"9500",2011-06-16,"2011",2011,259,13.1428571428571,4.22857142857143,31.4,543.5
"9501",2011-06-17,"2011",2011,260,13.7142857142857,4.44285714285714,29.6,573.1
"9502",2011-06-18,"2011",2011,261,14.2857142857143,4.65714285714286,24.3,597.4
"9503",2011-06-19,"2011",2011,262,14.8571428571429,4.87142857142857,26.5,623.9
"9504",2011-06-20,"2011",2011,263,15.4285714285714,5.08571428571429,28.7,652.6
"9505",2011-06-21,"2011",2011,264,16,5.3,28.1,680.7
"9506",2011-06-22,"2011",2011,265,15.7142857142857,5.57142857142857,32.3,713
"9507",2011-06-23,"2011",2011,266,15.4285714285714,5.84285714285714,35.1,748.1
"9508",2011-06-24,"2011",2011,267,15.1428571428571,6.11428571428571,39.3,787.4
"9509",2011-06-25,"2011",2011,268,14.8571428571429,6.38571428571429,38.2,825.6
"9510",2011-06-26,"2011",2011,269,14.5714285714286,6.65714285714286,33.1,858.7
"9511",2011-06-27,"2011",2011,270,14.2857142857143,6.92857142857143,31.6,890.3
"9512",2011-06-28,"2011",2011,271,14,7.2,39.4,929.7
"9513",2011-06-29,"2011",2011,272,13.7142857142857,7.04285714285714,47.7,977.4
"9514",2011-06-30,"2011",2011,273,13.4285714285714,6.88571428571429,54,1031.4
"9515",2011-07-01,"2011",2011,274,13.1428571428571,6.72857142857143,46.4,1077.8
"9516",2011-07-02,"2011",2011,275,12.8571428571429,6.57142857142857,43.4,1121.2
"9517",2011-07-03,"2011",2011,276,12.5714285714286,6.41428571428571,40,1161.2
"9518",2011-07-04,"2011",2011,277,12.2857142857143,6.25714285714286,39.3,1200.5
"9519",2011-07-05,"2011",2011,278,12,6.1,40.9,1241.4
"9520",2011-07-06,"2011",2011,279,11,7.6,45.3,1286.7
"9521",2011-07-07,"2011",2011,280,11,7.51666666666667,50,1336.7
"9522",2011-07-08,"2011",2011,281,11,7.43333333333333,55,1391.7
"9523",2011-07-09,"2011",2011,282,11,7.35,45,1436.7
"9524",2011-07-10,"2011",2011,283,11,7.26666666666667,40.7,1477.4
"9525",2011-07-11,"2011",2011,284,11,7.18333333333333,37.5,1514.9
"9526",2011-07-12,"2011",2011,285,11,7.1,50.2,1565.1
"9527",2011-07-13,"2011",2011,286,9,6.9,44.6,1609.7
"9528",2011-07-14,"2011",2011,287,9.16666666666667,7.03333333333333,38.1,1647.8
"9529",2011-07-15,"2011",2011,288,9.33333333333333,7.16666666666667,32.4,1680.2
"9530",2011-07-16,"2011",2011,289,9.5,7.3,31.7,1711.9
"9531",2011-07-17,"2011",2011,290,9.66666666666667,7.43333333333333,35.7,1747.6
"9532",2011-07-18,"2011",2011,291,9.83333333333333,7.56666666666667,55,1802.6
"9533",2011-07-19,"2011",2011,292,10,7.7,49.9,1852.5
"9534",2011-07-20,"2011",2011,293,9.85714285714286,7.94285714285714,38.2,1890.7
"9535",2011-07-21,"2011",2011,294,9.71428571428571,8.18571428571429,28.9,1919.6
"9536",2011-07-22,"2011",2011,295,9.57142857142857,8.42857142857143,24.8,1944.4
"9537",2011-07-23,"2011",2011,296,9.42857142857143,8.67142857142857,22.8,1967.2
"9538",2011-07-24,"2011",2011,297,9.28571428571429,8.91428571428571,23,1990.2
"9539",2011-07-25,"2011",2011,298,9.14285714285714,9.15714285714286,22.7,2012.9
"9540",2011-07-26,"2011",2011,299,9,9.4,23.1,2036
"9541",2011-07-27,"2011",2011,300,8.85714285714286,9.64285714285714,24.5,2060.5
"9542",2011-07-28,"2011",2011,301,8.71428571428571,9.88571428571429,22,2082.5
"9543",2011-07-29,"2011",2011,302,8.57142857142857,10.1285714285714,20.5,2103
"9544",2011-07-30,"2011",2011,303,8.42857142857143,10.3714285714286,19.3,2122.3
"9545",2011-07-31,"2011",2011,304,8.28571428571429,10.6142857142857,22.8,2145.1
"9546",2011-08-01,"2011",2011,305,8.14285714285714,10.8571428571429,26.3,2171.4
"9547",2011-08-02,"2011",2011,306,8,11.1,22.5,2193.9
"9548",2011-08-03,"2011",2011,307,8,10.9,20.8,2214.7
"9549",2011-08-04,"2011",2011,308,8,10.7,19.1,2233.8
"9550",2011-08-05,"2011",2011,309,8,10.5,18.1,2251.9
"9551",2011-08-06,"2011",2011,310,8,10.3,16.9,2268.8
"9552",2011-08-07,"2011",2011,311,8,10.1,15.6,2284.4
"9553",2011-08-08,"2011",2011,312,8,9.9,14,2298.4
"9554",2011-08-09,"2011",2011,313,8,9.7,13,2311.4
"9555",2011-08-10,"2011",2011,314,8.28571428571429,9.81428571428571,12.4,2323.8
"9556",2011-08-11,"2011",2011,315,8.57142857142857,9.92857142857143,12.1,2335.9
"9557",2011-08-12,"2011",2011,316,8.85714285714286,10.0428571428571,11.8,2347.7
"9558",2011-08-13,"2011",2011,317,9.14285714285714,10.1571428571429,11.6,2359.3
"9559",2011-08-14,"2011",2011,318,9.42857142857143,10.2714285714286,11.9,2371.2
"9560",2011-08-15,"2011",2011,319,9.71428571428571,10.3857142857143,13.9,2385.1
"9561",2011-08-16,"2011",2011,320,10,10.5,14,2399.1
"9562",2011-08-17,"2011",2011,321,9.85714285714286,10.9142857142857,12.8,2411.9
"9563",2011-08-18,"2011",2011,322,9.71428571428571,11.3285714285714,11.4,2423.3
"9564",2011-08-19,"2011",2011,323,9.57142857142857,11.7428571428571,10.9,2434.2
"9565",2011-08-20,"2011",2011,324,9.42857142857143,12.1571428571429,11.6,2445.8
"9566",2011-08-21,"2011",2011,325,9.28571428571429,12.5714285714286,12.5,2458.3
"9567",2011-08-22,"2011",2011,326,9.14285714285714,12.9857142857143,13.1,2471.4
"9568",2011-08-23,"2011",2011,327,9,13.4,12.8,2484.2
"9569",2011-08-24,"2011",2011,328,9,13.1857142857143,12.2,2496.4
"9570",2011-08-25,"2011",2011,329,9,12.9714285714286,13,2509.4
"9571",2011-08-26,"2011",2011,330,9,12.7571428571429,13.6,2523
"9572",2011-08-27,"2011",2011,331,9,12.5428571428571,13.4,2536.4
"9573",2011-08-28,"2011",2011,332,9,12.3285714285714,13.4,2549.8
"9574",2011-08-29,"2011",2011,333,9,12.1142857142857,13.2,2563
"9575",2011-08-30,"2011",2011,334,9,11.9,12.7,2575.7
"9576",2011-08-31,"2011",2011,335,9.14285714285714,11.6,12.6,2588.3
"9577",2011-09-01,"2011",2011,336,9.28571428571429,11.3,12.3,2600.6
"9578",2011-09-02,"2011",2011,337,9.42857142857143,11,11,2611.6
"9579",2011-09-03,"2011",2011,338,9.57142857142857,10.7,9.3,2620.9
"9580",2011-09-04,"2011",2011,339,9.71428571428571,10.4,8.13,2629.03
"9581",2011-09-05,"2011",2011,340,9.85714285714286,10.1,7.64,2636.67
"9582",2011-09-06,"2011",2011,341,10,9.8,10.5,2647.17
"9583",2011-09-07,"2011",2011,342,10.5714285714286,9.78571428571429,15.2,2662.37
"9584",2011-09-08,"2011",2011,343,11.1428571428571,9.77142857142857,13.1,2675.47
"9585",2011-09-09,"2011",2011,344,11.7142857142857,9.75714285714286,10.9,2686.37
"9586",2011-09-10,"2011",2011,345,12.2857142857143,9.74285714285714,9.13,2695.5
"9587",2011-09-11,"2011",2011,346,12.8571428571429,9.72857142857143,8.06,2703.56
"9588",2011-09-12,"2011",2011,347,13.4285714285714,9.71428571428571,7.68,2711.24
"9589",2011-09-13,"2011",2011,348,14,9.7,7.33,2718.57
"9590",2011-09-14,"2011",2011,349,14.2857142857143,9.08571428571429,8.39,2726.96
"9591",2011-09-15,"2011",2011,350,14.5714285714286,8.47142857142857,9.88,2736.84
"9592",2011-09-16,"2011",2011,351,14.8571428571429,7.85714285714286,9.38,2746.22
"9593",2011-09-17,"2011",2011,352,15.1428571428571,7.24285714285714,9.65,2755.87
"9594",2011-09-18,"2011",2011,353,15.4285714285714,6.62857142857143,8.85,2764.72
"9595",2011-09-19,"2011",2011,354,15.7142857142857,6.01428571428571,7.62,2772.34
"9596",2011-09-20,"2011",2011,355,16,5.4,6.64,2778.98
"9597",2011-09-21,"2011",2011,356,16,6.3,6.09,2785.07
"9598",2011-09-22,"2011",2011,357,16,7.2,5.43,2790.5
"9599",2011-09-23,"2011",2011,358,16,8.1,4.9,2795.4
"9600",2011-09-24,"2011",2011,359,16,9,4.51,2799.91
"9601",2011-09-25,"2011",2011,360,16,9.9,4.24,2804.15
"9602",2011-09-26,"2011",2011,361,16,10.8,4.12,2808.27
"9603",2011-09-27,"2011",2011,362,16,11.7,4.01,2812.28
"9604",2011-09-28,"2011",2011,363,15.3333333333333,11.1333333333333,3.78,2816.06
"9605",2011-09-29,"2011",2011,364,14.6666666666667,10.5666666666667,3.74,2819.8
"9606",2011-09-30,"2011",2011,365,14,10,3.6,2823.4
"9607",2011-10-01,"2011",2012,1,13.71,9,3.6,3.6
"9608",2011-10-02,"2011",2012,2,14.31,8.9,3.52,7.12
"9609",2011-10-03,"2011",2012,3,14.29,8.8,3.53,10.65
"9610",2011-10-04,"2011",2012,4,14.59,8.3,3.46,14.11
"9611",2011-10-05,"2011",2012,5,NA,7.3,3.5,17.61
"9612",2011-10-06,"2011",2012,6,NA,5.4,3.37,20.98
"9613",2011-10-07,"2011",2012,7,NA,2.3,3.32,24.3
"9614",2011-10-08,"2011",2012,8,12.54,1.3,3.21,27.51
"9615",2011-10-09,"2011",2012,9,13.21,1.4,2.92,30.43
"9616",2011-10-10,"2011",2012,10,13.61,1.6,2.82,33.25
"9617",2011-10-11,"2011",2012,11,15.25,1.4,2.68,35.93
"9618",2011-10-12,"2011",2012,12,14.59,1,2.38,38.31
"9619",2011-10-13,"2011",2012,13,14.24,0.8,2.52,40.83
"9620",2011-10-14,"2011",2012,14,13.17,1.7,2.35,43.18
"9621",2011-10-15,"2011",2012,15,13.13,2.1,2.23,45.41
"9622",2011-10-16,"2011",2012,16,13.48,2.7,2.24,47.65
"9623",2011-10-17,"2011",2012,17,12.98,2.2,2.14,49.79
"9624",2011-10-18,"2011",2012,18,13.06,1,2,51.79
"9625",2011-10-19,"2011",2012,19,13.5,1.3,1.9,53.69
"9626",2011-10-20,"2011",2012,20,13.53,1.4,1.79,55.48
"9627",2011-10-21,"2011",2012,21,13.51,1.4,1.69,57.17
"9628",2011-10-22,"2011",2012,22,13.43,1.7,1.56,58.73
"9629",2011-10-23,"2011",2012,23,13.45,1.3,1.46,60.19
"9630",2011-10-24,"2011",2012,24,13.5,1.2,1.36,61.55
"9631",2011-10-25,"2011",2012,25,13.5,0.9,1.64,63.19
"9632",2011-10-26,"2011",2012,26,13.44,0.6,1.55,64.74
"9633",2011-10-27,"2011",2012,27,13.5,0.6,1.46,66.2
"9634",2011-10-28,"2011",2012,28,13.5,0.7,1.38,67.58
"9635",2011-10-29,"2011",2012,29,14.05,0.6,1.29,68.87
"9636",2011-10-30,"2011",2012,30,14.62,0.9,1.2,70.07
"9637",2011-10-31,"2011",2012,31,15.39,1.2,1.15,71.22
"9638",2011-11-01,"2011",2012,32,15.48,1.4,1.32,72.54
"9639",2011-11-02,"2011",2012,33,15.13,0.9,1.2,73.74
"9640",2011-11-03,"2011",2012,34,14.4,1.6,1.08,74.82
"9641",2011-11-04,"2011",2012,35,14.48,1.7,0.96,75.78
"9642",2011-11-05,"2011",2012,36,14.59,1.5,0.85,76.63
"9643",2011-11-06,"2011",2012,37,15.01,0.9,0.75,77.38
"9644",2011-11-07,"2011",2012,38,15.71,1.2,0.74,78.12
"9645",2011-11-08,"2011",2012,39,16.27,0.9,0.64,78.76
"9646",2011-11-09,"2011",2012,40,16.56,0.8,0.62,79.38
"9647",2011-11-10,"2011",2012,41,17.06,0.6,0.57,79.95
"9648",2011-11-11,"2011",2012,42,17.52,0.7,0.62,80.57
"9649",2011-11-12,"2011",2012,43,17.76,0.5,0.6,81.17
"9650",2011-11-13,"2011",2012,44,17.78,0.3,0.58,81.75
"9651",2011-11-14,"2011",2012,45,18.46,0.8,0.56,82.31
"9652",2011-11-15,"2011",2012,46,18.2,0.8,0.5,82.81
"9653",2011-11-16,"2011",2012,47,17.45,0.5,0.44,83.25
"9654",2011-11-17,"2011",2012,48,17.66,0.6,0.44,83.69
"9655",2011-11-18,"2011",2012,49,18.38,0.8,0.49,84.18
"9656",2011-11-19,"2011",2012,50,18.47,0.7,0.48,84.66
"9657",2011-11-20,"2011",2012,51,18.47,0.4,0.47,85.13
"9658",2011-11-21,"2011",2012,52,18.47,0.5,0.46,85.59
"9659",2011-11-22,"2011",2012,53,18.47,0.3,0.45,86.04
"9660",2011-11-23,"2011",2012,54,18.47,0.5,0.44,86.48
"9661",2011-11-24,"2011",2012,55,18.47,0.5,0.44,86.92
"9662",2011-11-25,"2011",2012,56,18.99,0.6,0.44,87.36
"9663",2011-11-26,"2011",2012,57,18.73,0.4,0.44,87.8
"9664",2011-11-27,"2011",2012,58,18.48,0.5,0.43,88.23
"9665",2011-11-28,"2011",2012,59,18.57,0.5,0.43,88.66
"9666",2011-11-29,"2011",2012,60,19.46,0.5,0.41,89.07
"9667",2011-11-30,"2011",2012,61,19.59,0.5,0.41,89.48
"9668",2011-12-01,"2011",2012,62,19.8,0.5,0.4,89.88
"9669",2011-12-02,"2011",2012,63,19.33,0.3,0.4,90.28
"9670",2011-12-03,"2011",2012,64,19.27,0.4,0.39,90.67
"9671",2011-12-04,"2011",2012,65,19.27,0.2,0.39,91.06
"9672",2011-12-05,"2011",2012,66,18.73,0.4,0.39,91.45
"9673",2011-12-06,"2011",2012,67,18.41,0.3,0.38,91.83
"9674",2011-12-07,"2011",2012,68,18.45,0.4,0.38,92.21
"9675",2011-12-08,"2011",2012,69,18.44,0.4,0.37,92.58
"9676",2011-12-09,"2011",2012,70,18.71,0.4,0.37,92.95
"9677",2011-12-10,"2011",2012,71,19.25,0.6,0.36,93.31
"9678",2011-12-11,"2011",2012,72,19.05,0.5,0.36,93.67
"9679",2011-12-12,"2011",2012,73,18.42,0.6,0.35,94.02
"9680",2011-12-13,"2011",2012,74,18.38,0.6,0.35,94.37
"9681",2011-12-14,"2011",2012,75,18.34,0.4,0.34,94.71
"9682",2011-12-15,"2011",2012,76,18.31,0.3,0.34,95.05
"9683",2011-12-16,"2011",2012,77,18.27,0.1,0.34,95.39
"9684",2011-12-17,"2011",2012,78,18.23,0.2,0.33,95.72
"9685",2011-12-18,"2011",2012,79,18.2,0.2,0.33,96.05
"9686",2011-12-19,"2011",2012,80,18.16,0.1,0.33,96.38
"9687",2011-12-20,"2011",2012,81,18.12,0,0.33,96.71
"9688",2011-12-21,"2011",2012,82,18.08,-0.1,0.35,97.06
"9689",2011-12-22,"2011",2012,83,18.05,0.1,0.34,97.4
"9690",2011-12-23,"2011",2012,84,18.01,-0.1,0.34,97.74
"9691",2011-12-24,"2011",2012,85,17.97,0,0.34,98.08
"9692",2011-12-25,"2011",2012,86,17.94,0,0.33,98.41
"9693",2011-12-26,"2011",2012,87,17.9,0,0.33,98.74
"9694",2011-12-27,"2011",2012,88,17.86,0,0.33,99.07
"9695",2011-12-28,"2011",2012,89,17.83,0,0.32,99.39
"9696",2011-12-29,"2011",2012,90,17.79,-0.1,0.32,99.71
"9697",2011-12-30,"2011",2012,91,17.75,0,0.31,100.02
"9698",2011-12-31,"2011",2012,92,17.72,0,0.31,100.33
"9699",2012-01-01,"2012",2012,93,17.68,0,0.31,100.64
"9700",2012-01-02,"2012",2012,94,17.64,0,0.3,100.94
"9701",2012-01-03,"2012",2012,95,17.61,0,0.3,101.24
"9702",2012-01-04,"2012",2012,96,17.57,0,0.3,101.54
"9703",2012-01-05,"2012",2012,97,17.53,0,0.29,101.83
"9704",2012-01-06,"2012",2012,98,17.5,0,0.29,102.12
"9705",2012-01-07,"2012",2012,99,17.46,0,0.28,102.4
"9706",2012-01-08,"2012",2012,100,17.42,0,0.28,102.68
"9707",2012-01-09,"2012",2012,101,17.39,0,0.28,102.96
"9708",2012-01-10,"2012",2012,102,17.35,0,0.27,103.23
"9709",2012-01-11,"2012",2012,103,17.31,0,0.27,103.5
"9710",2012-01-12,"2012",2012,104,17.28,0,0.27,103.77
"9711",2012-01-13,"2012",2012,105,17.24,0,0.26,104.03
"9712",2012-01-14,"2012",2012,106,17.2,0,0.26,104.29
"9713",2012-01-15,"2012",2012,107,17.17,0,0.25,104.54
"9714",2012-01-16,"2012",2012,108,17.13,0,0.25,104.79
"9715",2012-01-17,"2012",2012,109,17.09,0,0.25,105.04
"9716",2012-01-18,"2012",2012,110,17.06,0,0.24,105.28
"9717",2012-01-19,"2012",2012,111,17.02,0,0.24,105.52
"9718",2012-01-20,"2012",2012,112,16.98,0,0.24,105.76
"9719",2012-01-21,"2012",2012,113,16.94,0,0.23,105.99
"9720",2012-01-22,"2012",2012,114,16.91,0,0.23,106.22
"9721",2012-01-23,"2012",2012,115,16.87,0,0.22,106.44
"9722",2012-01-24,"2012",2012,116,16.83,-0.1,0.22,106.66
"9723",2012-01-25,"2012",2012,117,16.8,0,0.22,106.88
"9724",2012-01-26,"2012",2012,118,16.76,-0.1,0.21,107.09
"9725",2012-01-27,"2012",2012,119,16.72,-0.1,0.21,107.3
"9726",2012-01-28,"2012",2012,120,16.69,0,0.21,107.51
"9727",2012-01-29,"2012",2012,121,16.65,0,0.2,107.71
"9728",2012-01-30,"2012",2012,122,16.61,0,0.2,107.91
"9729",2012-01-31,"2012",2012,123,16.58,-0.1,0.19,108.1
"9730",2012-02-01,"2012",2012,124,16.54,-0.1,0.19,108.29
"9731",2012-02-02,"2012",2012,125,16.5,-0.1,0.19,108.48
"9732",2012-02-03,"2012",2012,126,16.47,-0.1,0.18,108.66
"9733",2012-02-04,"2012",2012,127,16.43,-0.1,0.18,108.84
"9734",2012-02-05,"2012",2012,128,16.39,-0.1,0.18,109.02
"9735",2012-02-06,"2012",2012,129,16.36,-0.1,0.17,109.19
"9736",2012-02-07,"2012",2012,130,16.32,-0.1,0.17,109.36
"9737",2012-02-08,"2012",2012,131,16.28,-0.1,0.17,109.53
"9738",2012-02-09,"2012",2012,132,16.25,-0.1,0.16,109.69
"9739",2012-02-10,"2012",2012,133,16.21,-0.1,0.16,109.85
"9740",2012-02-11,"2012",2012,134,16.17,-0.1,0.15,110
"9741",2012-02-12,"2012",2012,135,16.14,-0.1,0.15,110.15
"9742",2012-02-13,"2012",2012,136,16.1,-0.1,0.15,110.3
"9743",2012-02-14,"2012",2012,137,16.06,-0.1,0.14,110.44
"9744",2012-02-15,"2012",2012,138,16.03,-0.1,0.14,110.58
"9745",2012-02-16,"2012",2012,139,15.99,-0.1,0.14,110.72
"9746",2012-02-17,"2012",2012,140,15.95,-0.1,0.13,110.85
"9747",2012-02-18,"2012",2012,141,15.92,-0.1,0.13,110.98
"9748",2012-02-19,"2012",2012,142,15.88,-0.1,0.12,111.1
"9749",2012-02-20,"2012",2012,143,15.84,-0.1,0.12,111.22
"9750",2012-02-21,"2012",2012,144,15.8,-0.1,0.12,111.34
"9751",2012-02-22,"2012",2012,145,15.77,-0.1,0.11,111.45
"9752",2012-02-23,"2012",2012,146,15.73,-0.1,0.11,111.56
"9753",2012-02-24,"2012",2012,147,15.69,-0.1,0.11,111.67
"9754",2012-02-25,"2012",2012,148,15.66,-0.1,0.1,111.77
"9755",2012-02-26,"2012",2012,149,15.62,-0.1,0.1,111.87
"9756",2012-02-27,"2012",2012,150,15.58,-0.1,0.09,111.96
"9757",2012-02-28,"2012",2012,151,15.55,-0.1,0.09,112.05
"9758",2012-02-29,"2012",2012,152,15.51,-0.1,0.09,112.14
"9759",2012-03-01,"2012",2012,153,15.47,-0.1,0.08,112.22
"9760",2012-03-02,"2012",2012,154,15.44,-0.1,0.08,112.3
"9761",2012-03-03,"2012",2012,155,15.4,-0.1,0.08,112.38
"9762",2012-03-04,"2012",2012,156,15.36,-0.1,0.07,112.45
"9763",2012-03-05,"2012",2012,157,15.33,-0.1,0.07,112.52
"9764",2012-03-06,"2012",2012,158,15.29,-0.1,0.06,112.58
"9765",2012-03-07,"2012",2012,159,15.25,-0.1,0.06,112.64
"9766",2012-03-08,"2012",2012,160,15.22,-0.1,0.06,112.7
"9767",2012-03-09,"2012",2012,161,15.18,-0.1,0.05,112.75
"9768",2012-03-10,"2012",2012,162,15.14,-0.1,0.05,112.8
"9769",2012-03-11,"2012",2012,163,15.11,-0.1,0.05,112.85
"9770",2012-03-12,"2012",2012,164,15.07,-0.1,0.04,112.89
"9771",2012-03-13,"2012",2012,165,15.03,-0.1,0.04,112.93
"9772",2012-03-14,"2012",2012,166,15,-0.1,0.05,112.98
"9773",2012-03-15,"2012",2012,167,14.96,0,0.06,113.04
"9774",2012-03-16,"2012",2012,168,14.92,0,0.05,113.09
"9775",2012-03-17,"2012",2012,169,14.89,0,0.06,113.15
"9776",2012-03-18,"2012",2012,170,14.85,0,0.08,113.23
"9777",2012-03-19,"2012",2012,171,14.81,0.1,0.08,113.31
"9778",2012-03-20,"2012",2012,172,14.78,0.1,0.08,113.39
"9779",2012-03-21,"2012",2012,173,14.74,0.2,0.08,113.47
"9780",2012-03-22,"2012",2012,174,14.7,0.3,0.1,113.57
"9781",2012-03-23,"2012",2012,175,14.66,0.5,0.16,113.73
"9782",2012-03-24,"2012",2012,176,14.63,0.8,0.22,113.95
"9783",2012-03-25,"2012",2012,177,14.59,1.4,0.28,114.23
"9784",2012-03-26,"2012",2012,178,14.55,1.7,0.31,114.54
"9785",2012-03-27,"2012",2012,179,14.52,1.8,0.33,114.87
"9786",2012-03-28,"2012",2012,180,14.48,2.1,0.37,115.24
"9787",2012-03-29,"2012",2012,181,14.44,2.3,0.44,115.68
"9788",2012-03-30,"2012",2012,182,14.41,2.3,0.59,116.27
"9789",2012-03-31,"2012",2012,183,14.37,2.2,1.02,117.29
"9790",2012-04-01,"2012",2012,184,14.33,2.2,1.59,118.88
"9791",2012-04-02,"2012",2012,185,14.3,2.2,1.36,120.24
"9792",2012-04-03,"2012",2012,186,14.26,1.3,0.83,121.07
"9793",2012-04-04,"2012",2012,187,14.22,1.3,0.66,121.73
"9794",2012-04-05,"2012",2012,188,14.19,1.4,0.61,122.34
"9795",2012-04-06,"2012",2012,189,14.15,1.9,0.65,122.99
"9796",2012-04-07,"2012",2012,190,14.11,2.8,0.6,123.59
"9797",2012-04-08,"2012",2012,191,14.08,3.3,0.67,124.26
"9798",2012-04-09,"2012",2012,192,14.04,3.6,1.1,125.36
"9799",2012-04-10,"2012",2012,193,14.08,3.8,2.02,127.38
"9800",2012-04-11,"2012",2012,194,14.74,3.9,3.09,130.47
"9801",2012-04-12,"2012",2012,195,15.54,3.2,2.8,133.27
"9802",2012-04-13,"2012",2012,196,16.33,1.2,2.37,135.64
"9803",2012-04-14,"2012",2012,197,17.13,1.9,2.12,137.76
"9804",2012-04-15,"2012",2012,198,17.92,1.8,1.8,139.56
"9805",2012-04-16,"2012",2012,199,18.6,1.8,1.33,140.89
"9806",2012-04-17,"2012",2012,200,18.52,2.5,1.03,141.92
"9807",2012-04-18,"2012",2012,201,18.29,3.2,1.05,142.97
"9808",2012-04-19,"2012",2012,202,18.07,3.1,0.97,143.94
"9809",2012-04-20,"2012",2012,203,17.84,2.9,0.89,144.83
"9810",2012-04-21,"2012",2012,204,17.62,2.2,1.39,146.22
"9811",2012-04-22,"2012",2012,205,17.39,3.5,2.74,148.96
"9812",2012-04-23,"2012",2012,206,17.16,4.4,4.09,153.05
"9813",2012-04-24,"2012",2012,207,16.9,4.3,4.78,157.83
"9814",2012-04-25,"2012",2012,208,16.64,4.4,6.27,164.1
"9815",2012-04-26,"2012",2012,209,16.38,5.3,7.53,171.63
"9816",2012-04-27,"2012",2012,210,16.11,3.3,5.06,176.69
"9817",2012-04-28,"2012",2012,211,15.85,2.6,3.67,180.36
"9818",2012-04-29,"2012",2012,212,15.59,3.7,2.99,183.35
"9819",2012-04-30,"2012",2012,213,15.33,4.2,2.91,186.26
"9820",2012-05-01,"2012",2012,214,15.06,3.4,2.83,189.09
"9821",2012-05-02,"2012",2012,215,14.8,4,3.78,192.87
"9822",2012-05-03,"2012",2012,216,14.54,5,5.8,198.67
"9823",2012-05-04,"2012",2012,217,14.28,6.1,7.25,205.92
"9824",2012-05-05,"2012",2012,218,14.02,6,6.58,212.5
"9825",2012-05-06,"2012",2012,219,13.75,5.9,6.13,218.63
"9826",2012-05-07,"2012",2012,220,13.49,4.2,4.8,223.43
"9827",2012-05-08,"2012",2012,221,13.23,5.1,4.25,227.68
"9828",2012-05-09,"2012",2012,222,12.92,7.3,5.15,232.83
"9829",2012-05-10,"2012",2012,223,12.62,8,6.1,238.93
"9830",2012-05-11,"2012",2012,224,12.26,6.5,5.09,244.02
"9831",2012-05-12,"2012",2012,225,12.34,5.2,4.39,248.41
"9832",2012-05-13,"2012",2012,226,12.36,5.2,3.99,252.4
"9833",2012-05-14,"2012",2012,227,12.87,6.3,4.93,257.33
"9834",2012-05-15,"2012",2012,228,13.13,8.5,7.19,264.52
"9835",2012-05-16,"2012",2012,229,12.97,8.2,8.54,273.06
"9836",2012-05-17,"2012",2012,230,12.7,7.8,9.49,282.55
"9837",2012-05-18,"2012",2012,231,12.59,7.9,9.23,291.78
"9838",2012-05-19,"2012",2012,232,12.12,5.5,8.54,300.32
"9839",2012-05-20,"2012",2012,233,12.22,5.3,8.34,308.66
"9840",2012-05-21,"2012",2012,234,12.92,6.9,10.2,318.86
"9841",2012-05-22,"2012",2012,235,13,7.5,11.5,330.36
"9842",2012-05-23,"2012",2012,236,12.63,5.7,9.67,340.03
"9843",2012-05-24,"2012",2012,237,12.42,3.6,7.54,347.57
"9844",2012-05-25,"2012",2012,238,12.78,3.4,6.68,354.25
"9845",2012-05-26,"2012",2012,239,13.56,5.1,8.38,362.63
"9846",2012-05-27,"2012",2012,240,13.93,5.1,7.66,370.29
"9847",2012-05-28,"2012",2012,241,13.96,4.2,7.57,377.86
"9848",2012-05-29,"2012",2012,242,14.26,6,8.05,385.91
"9849",2012-05-30,"2012",2012,243,14.35,7.3,9.41,395.32
"9850",2012-05-31,"2012",2012,244,14.16,7.9,12,407.32
"9851",2012-06-01,"2012",2012,245,13.88,7.7,14.7,422.02
"9852",2012-06-02,"2012",2012,246,13.57,7.7,18.4,440.42
"9853",2012-06-03,"2012",2012,247,13.4,7.6,18.8,459.22
"9854",2012-06-04,"2012",2012,248,13.7,8.7,18.2,477.42
"9855",2012-06-05,"2012",2012,249,13.67,8.6,16.6,494.02
"9856",2012-06-06,"2012",2012,250,13.63,8.5,16.7,510.72
"9857",2012-06-07,"2012",2012,251,13.83,9.8,16.9,527.62
"9858",2012-06-08,"2012",2012,252,13.68,10.8,15.9,543.52
"9859",2012-06-09,"2012",2012,253,13.38,9.6,14.3,557.82
"9860",2012-06-10,"2012",2012,254,13.04,8.6,12,569.82
"9861",2012-06-11,"2012",2012,255,13.1,8.3,10.9,580.72
"9862",2012-06-12,"2012",2012,256,13.27,9.7,10.9,591.62
"9863",2012-06-13,"2012",2012,257,13.24,10.5,11.9,603.52
"9864",2012-06-14,"2012",2012,258,13.17,10.9,12.6,616.12
"9865",2012-06-15,"2012",2012,259,12.94,10.8,12.7,628.82
"9866",2012-06-16,"2012",2012,260,12.76,10.3,12.5,641.32
"9867",2012-06-17,"2012",2012,261,12.44,10.1,13.7,655.02
"9868",2012-06-18,"2012",2012,262,12.23,10.1,13.7,668.72
"9869",2012-06-19,"2012",2012,263,12.03,10.5,13.1,681.82
"9870",2012-06-20,"2012",2012,264,11.83,11.4,12.4,694.22
"9871",2012-06-21,"2012",2012,265,11.82,11.9,12.4,706.62
"9872",2012-06-22,"2012",2012,266,11.74,12.4,12.5,719.12
"9873",2012-06-23,"2012",2012,267,11.4,11.4,12.9,732.02
"9874",2012-06-24,"2012",2012,268,11.34,11.8,12.4,744.42
"9875",2012-06-25,"2012",2012,269,11.24,12.4,13.1,757.52
"9876",2012-06-26,"2012",2012,270,11.01,12.8,14.3,771.82
"9877",2012-06-27,"2012",2012,271,10.63,11.9,13.5,785.32
"9878",2012-06-28,"2012",2012,272,10.47,11.8,13.7,799.02
"9879",2012-06-29,"2012",2012,273,10.34,11.9,13.4,812.42
"9880",2012-06-30,"2012",2012,274,10.16,12,12,824.42
"9881",2012-07-01,"2012",2012,275,10,12.1,11.4,835.82
"9882",2012-07-02,"2012",2012,276,10.06,12.7,11.3,847.12
"9883",2012-07-03,"2012",2012,277,10.08,12.9,11.8,858.92
"9884",2012-07-04,"2012",2012,278,10,12.5,12.4,871.32
"9885",2012-07-05,"2012",2012,279,9.91,12.2,13,884.32
"9886",2012-07-06,"2012",2012,280,9.59,10.8,15.9,900.22
"9887",2012-07-07,"2012",2012,281,9.5,10,15.6,915.82
"9888",2012-07-08,"2012",2012,282,10.24,9.7,13.9,929.72
"9889",2012-07-09,"2012",2012,283,10.95,10.2,12.9,942.62
"9890",2012-07-10,"2012",2012,284,11.28,11.4,12.8,955.42
"9891",2012-07-11,"2012",2012,285,11.25,11.9,12.2,967.62
"9892",2012-07-12,"2012",2012,286,11.25,12.2,11.7,979.32
"9893",2012-07-13,"2012",2012,287,11.28,13.1,11.4,990.72
"9894",2012-07-14,"2012",2012,288,11.1,12.7,10.8,1001.52
"9895",2012-07-15,"2012",2012,289,10.67,12,11.3,1012.82
"9896",2012-07-16,"2012",2012,290,10.68,12,11.4,1024.22
"9897",2012-07-17,"2012",2012,291,10.46,12.2,11,1035.22
"9898",2012-07-18,"2012",2012,292,10.45,13.5,10.3,1045.52
"9899",2012-07-19,"2012",2012,293,10.46,13.2,9.69,1055.21
"9900",2012-07-20,"2012",2012,294,10.39,13.2,9.69,1064.9
"9901",2012-07-21,"2012",2012,295,10.5,13.8,10.2,1075.1
"9902",2012-07-22,"2012",2012,296,10.32,13.5,10.1,1085.2
"9903",2012-07-23,"2012",2012,297,10.07,13.6,10.3,1095.5
"9904",2012-07-24,"2012",2012,298,10.03,13.4,14.9,1110.4
"9905",2012-07-25,"2012",2012,299,9.73,12.5,14.1,1124.5
"9906",2012-07-26,"2012",2012,300,10.02,12.2,12,1136.5
"9907",2012-07-27,"2012",2012,301,10.54,12.2,12.5,1149
"9908",2012-07-28,"2012",2012,302,10.79,12.1,13,1162
"9909",2012-07-29,"2012",2012,303,10.93,12.4,12.2,1174.2
"9910",2012-07-30,"2012",2012,304,11.09,12.1,11.9,1186.1
"9911",2012-07-31,"2012",2012,305,11.26,12.5,11.5,1197.6
"9912",2012-08-01,"2012",2012,306,11.44,12.7,11.1,1208.7
"9913",2012-08-02,"2012",2012,307,11.38,12.5,10.2,1218.9
"9914",2012-08-03,"2012",2012,308,11.12,11.6,8.97,1227.87
"9915",2012-08-04,"2012",2012,309,11.25,12.3,7.97,1235.84
"9916",2012-08-05,"2012",2012,310,11.46,13.5,7.62,1243.46
"9917",2012-08-06,"2012",2012,311,11.61,13.3,8.07,1251.53
"9918",2012-08-07,"2012",2012,312,11.62,13.6,8.29,1259.82
"9919",2012-08-08,"2012",2012,313,11.67,13.9,7.58,1267.4
"9920",2012-08-09,"2012",2012,314,11.51,13.9,7.01,1274.41
"9921",2012-08-10,"2012",2012,315,11.67,13.8,6.95,1281.36
"9922",2012-08-11,"2012",2012,316,11.6,12.8,6.98,1288.34
"9923",2012-08-12,"2012",2012,317,11.56,12.9,6.61,1294.95
"9924",2012-08-13,"2012",2012,318,11.3,11.9,6.13,1301.08
"9925",2012-08-14,"2012",2012,319,11.43,11.4,5.8,1306.88
"9926",2012-08-15,"2012",2012,320,11.6,12,5.58,1312.46
"9927",2012-08-16,"2012",2012,321,11.61,12.8,5.47,1317.93
"9928",2012-08-17,"2012",2012,322,11.71,13,5.24,1323.17
"9929",2012-08-18,"2012",2012,323,11.77,13.1,5.07,1328.24
"9930",2012-08-19,"2012",2012,324,11.79,13.6,4.79,1333.03
"9931",2012-08-20,"2012",2012,325,11.79,13.2,4.4,1337.43
"9932",2012-08-21,"2012",2012,326,11.78,12.9,4.1,1341.53
"9933",2012-08-22,"2012",2012,327,11.82,12.7,4.4,1345.93
"9934",2012-08-23,"2012",2012,328,11.77,12.4,4.56,1350.49
"9935",2012-08-24,"2012",2012,329,11.84,12.3,4.56,1355.05
"9936",2012-08-25,"2012",2012,330,11.92,12.3,4.39,1359.44
"9937",2012-08-26,"2012",2012,331,11.97,12.9,4.2,1363.64
"9938",2012-08-27,"2012",2012,332,12,12.9,4.44,1368.08
"9939",2012-08-28,"2012",2012,333,12.1,13.2,4.73,1372.81
"9940",2012-08-29,"2012",2012,334,12.11,13.2,5.39,1378.2
"9941",2012-08-30,"2012",2012,335,12.02,12.1,6.75,1384.95
"9942",2012-08-31,"2012",2012,336,12.02,12.3,6.89,1391.84
"9943",2012-09-01,"2012",2012,337,12.14,12.7,6.66,1398.5
"9944",2012-09-02,"2012",2012,338,12.2,12.4,6.46,1404.96
"9945",2012-09-03,"2012",2012,339,12.16,12,6.16,1411.12
"9946",2012-09-04,"2012",2012,340,12.24,11.5,5.41,1416.53
"9947",2012-09-05,"2012",2012,341,12.47,11.7,4.77,1421.3
"9948",2012-09-06,"2012",2012,342,12.62,11.3,4.38,1425.68
"9949",2012-09-07,"2012",2012,343,12.85,10.8,4.06,1429.74
"9950",2012-09-08,"2012",2012,344,12.99,10.9,3.74,1433.48
"9951",2012-09-09,"2012",2012,345,13.32,11.6,3.4,1436.88
"9952",2012-09-10,"2012",2012,346,13.51,11.4,3.6,1440.48
"9953",2012-09-11,"2012",2012,347,13.54,10.8,6.2,1446.68
"9954",2012-09-12,"2012",2012,348,14.13,9.8,7.25,1453.93
"9955",2012-09-13,"2012",2012,349,14.74,9.3,6.75,1460.68
"9956",2012-09-14,"2012",2012,350,15.56,9.8,5.92,1466.6
"9957",2012-09-15,"2012",2012,351,16.11,10.3,5.18,1471.78
"9958",2012-09-16,"2012",2012,352,16.28,10,4.58,1476.36
"9959",2012-09-17,"2012",2012,353,16.58,9.4,4.07,1480.43
"9960",2012-09-18,"2012",2012,354,16.65,8.6,3.54,1483.97
"9961",2012-09-19,"2012",2012,355,16.91,8.5,3.29,1487.26
"9962",2012-09-20,"2012",2012,356,16.88,9.2,3.07,1490.33
"9963",2012-09-21,"2012",2012,357,16.98,9.5,2.85,1493.18
"9964",2012-09-22,"2012",2012,358,17.17,10.1,2.69,1495.87
"9965",2012-09-23,"2012",2012,359,17.3,9.7,2.57,1498.44
"9966",2012-09-24,"2012",2012,360,16.99,8.4,2.97,1501.41
"9967",2012-09-25,"2012",2012,361,16.75,6.9,5.17,1506.58
"9968",2012-09-26,"2012",2012,362,16.42,6.5,6.71,1513.29
"9969",2012-09-27,"2012",2012,363,17.47,6.5,6.31,1519.6
"9970",2012-09-28,"2012",2012,364,18.53,6.6,5.56,1525.16
"9971",2012-09-29,"2012",2012,365,18.99,7.4,5.07,1530.23
"9972",2012-09-30,"2012",2012,366,19.32,7.5,4.56,1534.79
"9973",2012-10-01,"2012",2013,1,19.49,7.8,3.74,3.74
"9974",2012-10-02,"2012",2013,2,19.52,6.8,3.41,7.15
"9975",2012-10-03,"2012",2013,3,19.48,6.1,3.23,10.38
"9976",2012-10-04,"2012",2013,4,19.44,5.3,3.16,13.54
"9977",2012-10-05,"2012",2013,5,19.43,4.3,2.96,16.5
"9978",2012-10-06,"2012",2013,6,19.57,3.4,2.71,19.21
"9979",2012-10-07,"2012",2013,7,19.46,1.9,2.3,21.51
"9980",2012-10-08,"2012",2013,8,19.52,0.9,2.26,23.77
"9981",2012-10-09,"2012",2013,9,19.73,1.5,2.19,25.96
"9982",2012-10-10,"2012",2013,10,19.74,2,2.1,28.06
"9983",2012-10-11,"2012",2013,11,19.76,2.8,2.06,30.12
"9984",2012-10-12,"2012",2013,12,19.7,3.2,2.08,32.2
"9985",2012-10-13,"2012",2013,13,19,1.5,2.08,34.28
"9986",2012-10-14,"2012",2013,14,18.99,1.9,1.94,36.22
"9987",2012-10-15,"2012",2013,15,19.07,2.1,1.65,37.87
"9988",2012-10-16,"2012",2013,16,18.96,2,1.72,39.59
"9989",2012-10-17,"2012",2013,17,18.88,0.7,1.89,41.48
"9990",2012-10-18,"2012",2013,18,19.48,0.3,1.83,43.31
"9991",2012-10-19,"2012",2013,19,19.76,0.5,1.77,45.08
"9992",2012-10-20,"2012",2013,20,19.67,0.6,1.71,46.79
"9993",2012-10-21,"2012",2013,21,19.57,0.8,1.65,48.44
"9994",2012-10-22,"2012",2013,22,19.45,1.4,1.58,50.02
"9995",2012-10-23,"2012",2013,23,19.19,1.1,1.49,51.51
"9996",2012-10-24,"2012",2013,24,18.98,1,1.49,53
"9997",2012-10-25,"2012",2013,25,19.09,0.6,1.46,54.46
"9998",2012-10-26,"2012",2013,26,18.96,0.6,1.38,55.84
"9999",2012-10-27,"2012",2013,27,19.52,0.5,1.34,57.18
"10000",2012-10-28,"2012",2013,28,20.18,0.7,1.31,58.49
"10001",2012-10-29,"2012",2013,29,20.67,1.2,1.31,59.8
"10002",2012-10-30,"2012",2013,30,20.81,1.6,1.29,61.09
"10003",2012-10-31,"2012",2013,31,20.34,2.3,1.27,62.36
"10004",2012-11-01,"2012",2013,32,19.84,3,1.17,63.53
"10005",2012-11-02,"2012",2013,33,20.05,3.1,1.12,64.65
"10006",2012-11-03,"2012",2013,34,20.28,2.9,1.05,65.7
"10007",2012-11-04,"2012",2013,35,20.49,2.6,1.03,66.73
"10008",2012-11-05,"2012",2013,36,20.39,2.3,1.03,67.76
"10009",2012-11-06,"2012",2013,37,19.94,1.9,1.03,68.79
"10010",2012-11-07,"2012",2013,38,19.53,1.3,0.98,69.77
"10011",2012-11-08,"2012",2013,39,19.47,1,0.92,70.69
"10012",2012-11-09,"2012",2013,40,19.45,0.9,0.94,71.63
"10013",2012-11-10,"2012",2013,41,19.18,0.3,0.87,72.5
"10014",2012-11-11,"2012",2013,42,19.27,0.2,0.8,73.3
"10015",2012-11-12,"2012",2013,43,19.88,0.3,0.73,74.03
"10016",2012-11-13,"2012",2013,44,20.72,0.6,0.69,74.72
"10017",2012-11-14,"2012",2013,45,21.1,0.8,0.69,75.41
"10018",2012-11-15,"2012",2013,46,21.27,1.1,0.7,76.11
"10019",2012-11-16,"2012",2013,47,21.58,1.1,0.68,76.79
"10020",2012-11-17,"2012",2013,48,21.39,1.3,0.7,77.49
"10021",2012-11-18,"2012",2013,49,21.39,1.4,0.7,78.19
"10022",2012-11-19,"2012",2013,50,21.65,1.2,0.74,78.93
"10023",2012-11-20,"2012",2013,51,21.98,1.2,0.74,79.67
"10024",2012-11-21,"2012",2013,52,21.89,1.4,0.71,80.38
"10025",2012-11-22,"2012",2013,53,21.88,1.3,0.7,81.08
"10026",2012-11-23,"2012",2013,54,22.21,1.2,0.69,81.77
"10027",2012-11-24,"2012",2013,55,22.21,1.4,0.67,82.44
"10028",2012-11-25,"2012",2013,56,22.63,1.4,0.63,83.07
"10029",2012-11-26,"2012",2013,57,23.07,0.9,0.61,83.68
"10030",2012-11-27,"2012",2013,58,23.53,0.7,0.58,84.26
"10031",2012-11-28,"2012",2013,59,23.95,0.8,0.58,84.84
"10032",2012-11-29,"2012",2013,60,23.47,1,0.57,85.41
"10033",2012-11-30,"2012",2013,61,23.24,0.9,0.57,85.98
"10034",2012-12-01,"2012",2013,62,23.4,0.9,0.58,86.56
"10035",2012-12-02,"2012",2013,63,23.36,0.4,0.56,87.12
"10036",2012-12-03,"2012",2013,64,23.6,0.3,0.56,87.68
"10037",2012-12-04,"2012",2013,65,23.78,0.2,0.55,88.23
"10038",2012-12-05,"2012",2013,66,23.59,0.4,0.55,88.78
"10039",2012-12-06,"2012",2013,67,23.07,0.3,0.55,89.33
"10040",2012-12-07,"2012",2013,68,23.36,0.1,0.55,89.88
"10041",2012-12-08,"2012",2013,69,23.39,0,0.55,90.43
"10042",2012-12-09,"2012",2013,70,23.41,0.1,0.55,90.98
"10043",2012-12-10,"2012",2013,71,23.52,0,0.54,91.52
"10044",2012-12-11,"2012",2013,72,23.82,0.2,0.53,92.05
"10045",2012-12-12,"2012",2013,73,24.03,0.3,0.53,92.58
"10046",2012-12-13,"2012",2013,74,24.56,0.4,0.52,93.1
"10047",2012-12-14,"2012",2013,75,24.54,0.5,0.52,93.62
"10048",2012-12-15,"2012",2013,76,24.74,0.4,0.51,94.13
"10049",2012-12-16,"2012",2013,77,25.24,0.4,0.51,94.64
"10050",2012-12-17,"2012",2013,78,25.73,0.4,0.5,95.14
"10051",2012-12-18,"2012",2013,79,26.5,0.4,0.49,95.63
"10052",2012-12-19,"2012",2013,80,26.46,0.4,0.49,96.12
"10053",2012-12-20,"2012",2013,81,24.73,0.3,0.48,96.6
"10054",2012-12-21,"2012",2013,82,24.21,0.4,0.48,97.08
"10055",2012-12-22,"2012",2013,83,24.95,0.5,0.47,97.55
"10056",2012-12-23,"2012",2013,84,25.77,0.5,0.47,98.02
"10057",2012-12-24,"2012",2013,85,28.17,0.4,0.46,98.48
"10058",2012-12-25,"2012",2013,86,27.64,0.4,0.46,98.94
"10059",2012-12-26,"2012",2013,87,27.42,0.3,0.45,99.39
"10060",2012-12-27,"2012",2013,88,29.45,0.3,0.44,99.83
"10061",2012-12-28,"2012",2013,89,29.71,0.2,0.44,100.27
"10062",2012-12-29,"2012",2013,90,29.7,0.2,0.43,100.7
"10063",2012-12-30,"2012",2013,91,29.57,0.3,0.43,101.13
"10064",2012-12-31,"2012",2013,92,29.44,0.3,0.42,101.55
"10065",2013-01-01,"2013",2013,93,29.31,0.2,0.42,101.97
"10066",2013-01-02,"2013",2013,94,29.18,0.2,0.41,102.38
"10067",2013-01-03,"2013",2013,95,29.05,0.2,0.4,102.78
"10068",2013-01-04,"2013",2013,96,28.92,0.2,0.4,103.18
"10069",2013-01-05,"2013",2013,97,28.79,0.1,0.39,103.57
"10070",2013-01-06,"2013",2013,98,28.66,0.2,0.39,103.96
"10071",2013-01-07,"2013",2013,99,28.53,0.1,0.38,104.34
"10072",2013-01-08,"2013",2013,100,28.4,0,0.38,104.72
"10073",2013-01-09,"2013",2013,101,28.28,0.1,0.37,105.09
"10074",2013-01-10,"2013",2013,102,28.15,0.1,0.37,105.46
"10075",2013-01-11,"2013",2013,103,28.02,0,0.36,105.82
"10076",2013-01-12,"2013",2013,104,27.89,0,0.35,106.17
"10077",2013-01-13,"2013",2013,105,27.76,0,0.35,106.52
"10078",2013-01-14,"2013",2013,106,27.63,0,0.34,106.86
"10079",2013-01-15,"2013",2013,107,27.5,0,0.34,107.2
"10080",2013-01-16,"2013",2013,108,27.37,0,0.33,107.53
"10081",2013-01-17,"2013",2013,109,27.24,0,0.33,107.86
"10082",2013-01-18,"2013",2013,110,27.11,0,0.32,108.18
"10083",2013-01-19,"2013",2013,111,26.98,0,0.31,108.49
"10084",2013-01-20,"2013",2013,112,26.85,0,0.31,108.8
"10085",2013-01-21,"2013",2013,113,26.72,0,0.3,109.1
"10086",2013-01-22,"2013",2013,114,26.59,0,0.3,109.4
"10087",2013-01-23,"2013",2013,115,26.46,0,0.29,109.69
"10088",2013-01-24,"2013",2013,116,26.33,0,0.29,109.98
"10089",2013-01-25,"2013",2013,117,26.2,0,0.28,110.26
"10090",2013-01-26,"2013",2013,118,26.07,0,0.28,110.54
"10091",2013-01-27,"2013",2013,119,25.94,0,0.27,110.81
"10092",2013-01-28,"2013",2013,120,25.82,0,0.26,111.07
"10093",2013-01-29,"2013",2013,121,25.69,0,0.26,111.33
"10094",2013-01-30,"2013",2013,122,25.56,0,0.25,111.58
"10095",2013-01-31,"2013",2013,123,25.43,0,0.25,111.83
"10096",2013-02-01,"2013",2013,124,25.3,0,0.25,112.08
"10097",2013-02-02,"2013",2013,125,25.17,0,0.25,112.33
"10098",2013-02-03,"2013",2013,126,25.04,0,0.25,112.58
"10099",2013-02-04,"2013",2013,127,24.91,0,0.25,112.83
"10100",2013-02-05,"2013",2013,128,24.78,0,0.25,113.08
"10101",2013-02-06,"2013",2013,129,24.65,0,0.25,113.33
"10102",2013-02-07,"2013",2013,130,24.52,0,0.25,113.58
"10103",2013-02-08,"2013",2013,131,24.39,0,0.25,113.83
"10104",2013-02-09,"2013",2013,132,24.26,0,0.25,114.08
"10105",2013-02-10,"2013",2013,133,24.13,0,0.25,114.33
"10106",2013-02-11,"2013",2013,134,24,0,0.25,114.58
"10107",2013-02-12,"2013",2013,135,23.87,0.1,0.25,114.83
"10108",2013-02-13,"2013",2013,136,23.74,0.1,0.25,115.08
"10109",2013-02-14,"2013",2013,137,23.61,0.1,0.25,115.33
"10110",2013-02-15,"2013",2013,138,23.48,0.1,0.25,115.58
"10111",2013-02-16,"2013",2013,139,23.35,0.1,0.24,115.82
"10112",2013-02-17,"2013",2013,140,23.23,0.1,0.24,116.06
"10113",2013-02-18,"2013",2013,141,23.1,0.1,0.24,116.3
"10114",2013-02-19,"2013",2013,142,22.97,0.1,0.24,116.54
"10115",2013-02-20,"2013",2013,143,22.84,0.1,0.24,116.78
"10116",2013-02-21,"2013",2013,144,22.71,0.1,0.24,117.02
"10117",2013-02-22,"2013",2013,145,22.58,0.1,0.24,117.26
"10118",2013-02-23,"2013",2013,146,22.45,0.1,0.24,117.5
"10119",2013-02-24,"2013",2013,147,22.32,0.1,0.24,117.74
"10120",2013-02-25,"2013",2013,148,22.19,0.1,0.24,117.98
"10121",2013-02-26,"2013",2013,149,22.06,0.1,0.24,118.22
"10122",2013-02-27,"2013",2013,150,21.93,0.1,0.24,118.46
"10123",2013-02-28,"2013",2013,151,21.8,0.1,0.24,118.7
"10124",2013-03-01,"2013",2013,152,21.67,0.1,0.24,118.94
"10125",2013-03-02,"2013",2013,153,21.54,0.1,0.24,119.18
"10126",2013-03-03,"2013",2013,154,21.41,0.1,0.24,119.42
"10127",2013-03-04,"2013",2013,155,21.28,0.1,0.24,119.66
"10128",2013-03-05,"2013",2013,156,21.15,0.1,0.24,119.9
"10129",2013-03-06,"2013",2013,157,21.02,0.1,0.24,120.14
"10130",2013-03-07,"2013",2013,158,20.89,0.1,0.24,120.38
"10131",2013-03-08,"2013",2013,159,20.77,0.1,0.24,120.62
"10132",2013-03-09,"2013",2013,160,20.64,0.1,0.24,120.86
"10133",2013-03-10,"2013",2013,161,20.51,0.1,0.24,121.1
"10134",2013-03-11,"2013",2013,162,20.38,0.1,0.24,121.34
"10135",2013-03-12,"2013",2013,163,20.27,0.1,0.24,121.58
"10136",2013-03-13,"2013",2013,164,20.29,0.1,0.24,121.82
"10137",2013-03-14,"2013",2013,165,20.34,0.1,0.25,122.07
"10138",2013-03-15,"2013",2013,166,20.4,0.1,0.25,122.32
"10139",2013-03-16,"2013",2013,167,20.45,0.1,0.25,122.57
"10140",2013-03-17,"2013",2013,168,20.5,0.1,0.25,122.82
"10141",2013-03-18,"2013",2013,169,20.56,0.1,0.26,123.08
"10142",2013-03-19,"2013",2013,170,20.61,0.1,0.26,123.34
"10143",2013-03-20,"2013",2013,171,20.67,0.1,0.26,123.6
"10144",2013-03-21,"2013",2013,172,20.72,0.1,0.26,123.86
"10145",2013-03-22,"2013",2013,173,20.77,0.1,0.27,124.13
"10146",2013-03-23,"2013",2013,174,20.83,0.1,0.27,124.4
"10147",2013-03-24,"2013",2013,175,20.88,0.1,0.27,124.67
"10148",2013-03-25,"2013",2013,176,20.93,0.1,0.27,124.94
"10149",2013-03-26,"2013",2013,177,20.99,0.1,0.28,125.22
"10150",2013-03-27,"2013",2013,178,21.04,0.1,0.28,125.5
"10151",2013-03-28,"2013",2013,179,21.09,0.1,0.28,125.78
"10152",2013-03-29,"2013",2013,180,21.15,0,0.28,126.06
"10153",2013-03-30,"2013",2013,181,21.2,0,0.29,126.35
"10154",2013-03-31,"2013",2013,182,21.25,0,0.29,126.64
"10155",2013-04-01,"2013",2013,183,21.31,0,0.29,126.93
"10156",2013-04-02,"2013",2013,184,21.36,0.1,0.29,127.22
"10157",2013-04-03,"2013",2013,185,21.41,0.1,0.3,127.52
"10158",2013-04-04,"2013",2013,186,21.47,0.1,0.3,127.82
"10159",2013-04-05,"2013",2013,187,21.52,0,0.3,128.12
"10160",2013-04-06,"2013",2013,188,21.57,0,0.3,128.42
"10161",2013-04-07,"2013",2013,189,21.63,0.1,0.31,128.73
"10162",2013-04-08,"2013",2013,190,21.68,0.1,0.31,129.04
"10163",2013-04-09,"2013",2013,191,21.73,0.1,0.31,129.35
"10164",2013-04-10,"2013",2013,192,21.79,0.1,0.31,129.66
"10165",2013-04-11,"2013",2013,193,21.84,0.1,0.32,129.98
"10166",2013-04-12,"2013",2013,194,21.91,0.1,0.32,130.3
"10167",2013-04-13,"2013",2013,195,22.07,0.1,0.32,130.62
"10168",2013-04-14,"2013",2013,196,22.26,0.1,0.32,130.94
"10169",2013-04-15,"2013",2013,197,22.45,0.1,0.33,131.27
"10170",2013-04-16,"2013",2013,198,22.64,0.1,0.33,131.6
"10171",2013-04-17,"2013",2013,199,22.83,0.1,0.33,131.93
"10172",2013-04-18,"2013",2013,200,23.02,0.1,0.33,132.26
"10173",2013-04-19,"2013",2013,201,23.21,0.1,0.34,132.6
"10174",2013-04-20,"2013",2013,202,23.4,0.1,0.34,132.94
"10175",2013-04-21,"2013",2013,203,23.59,0,0.34,133.28
"10176",2013-04-22,"2013",2013,204,23.78,0,0.34,133.62
"10177",2013-04-23,"2013",2013,205,23.97,0,0.35,133.97
"10178",2013-04-24,"2013",2013,206,24.18,0,0.35,134.32
"10179",2013-04-25,"2013",2013,207,24.38,0,0.35,134.67
"10180",2013-04-26,"2013",2013,208,24.58,0,0.35,135.02
"10181",2013-04-27,"2013",2013,209,24.78,0,0.36,135.38
"10182",2013-04-28,"2013",2013,210,24.98,0,0.36,135.74
"10183",2013-04-29,"2013",2013,211,25.18,0,0.36,136.1
"10184",2013-04-30,"2013",2013,212,25.38,0,0.36,136.46
"10185",2013-05-01,"2013",2013,213,25.58,0.1,0.37,136.83
"10186",2013-05-02,"2013",2013,214,25.79,0.1,0.37,137.2
"10187",2013-05-03,"2013",2013,215,25.99,0.1,0.37,137.57
"10188",2013-05-04,"2013",2013,216,26.19,0.1,0.37,137.94
"10189",2013-05-05,"2013",2013,217,26.39,0.1,0.42,138.36
"10190",2013-05-06,"2013",2013,218,26.59,0.1,0.5,138.86
"10191",2013-05-07,"2013",2013,219,26.67,0.1,0.5,139.36
"10192",2013-05-08,"2013",2013,220,25.88,0.1,0.43,139.79
"10193",2013-05-09,"2013",2013,221,24.92,0.2,0.43,140.22
"10194",2013-05-10,"2013",2013,222,23.96,0.1,0.53,140.75
"10195",2013-05-11,"2013",2013,223,22.97,0.1,1.04,141.79
"10196",2013-05-12,"2013",2013,224,21.53,0.1,2.14,143.93
"10197",2013-05-13,"2013",2013,225,19.33,0.2,2.95,146.88
"10198",2013-05-14,"2013",2013,226,16.88,0.3,6.96,153.84
"10199",2013-05-15,"2013",2013,227,18.33,0.2,21.3,175.14
"10200",2013-05-16,"2013",2013,228,17.15,0.3,22.4,197.54
"10201",2013-05-17,"2013",2013,229,16.27,0.5,18,215.54
"10202",2013-05-18,"2013",2013,230,16.08,0.4,11.3,226.84
"10203",2013-05-19,"2013",2013,231,17.16,0.5,8.45,235.29
"10204",2013-05-20,"2013",2013,232,17.07,0.5,6.41,241.7
"10205",2013-05-21,"2013",2013,233,17.58,0.8,5.96,247.66
"10206",2013-05-22,"2013",2013,234,17.29,1.7,10.8,258.46
"10207",2013-05-23,"2013",2013,235,16.26,1.9,19.4,277.86
"10208",2013-05-24,"2013",2013,236,14.84,1.7,20.1,297.96
"10209",2013-05-25,"2013",2013,237,14.36,1.9,18.9,316.86
"10210",2013-05-26,"2013",2013,238,14.33,1.9,16.6,333.46
"10211",2013-05-27,"2013",2013,239,14.64,1.8,14.9,348.36
"10212",2013-05-28,"2013",2013,240,14.83,2.3,13.3,361.66
"10213",2013-05-29,"2013",2013,241,14.76,1.7,9.48,371.14
"10214",2013-05-30,"2013",2013,242,15.08,1.1,6.54,377.68
"10215",2013-05-31,"2013",2013,243,15.27,1.2,5.25,382.93
"10216",2013-06-01,"2013",2013,244,15.33,1.7,7.58,390.51
"10217",2013-06-02,"2013",2013,245,15.55,3.9,13.8,404.31
"10218",2013-06-03,"2013",2013,246,14.79,3.7,16.9,421.21
"10219",2013-06-04,"2013",2013,247,14.8,4,21.4,442.61
"10220",2013-06-05,"2013",2013,248,14.82,4.8,19.6,462.21
"10221",2013-06-06,"2013",2013,249,14.52,4.5,18.7,480.91
"10222",2013-06-07,"2013",2013,250,14.86,5,30.3,511.21
"10223",2013-06-08,"2013",2013,251,14.53,5.3,33.3,544.51
"10224",2013-06-09,"2013",2013,252,14.69,5.5,38.2,582.71
"10225",2013-06-10,"2013",2013,253,14.69,5.7,41.4,624.11
"10226",2013-06-11,"2013",2013,254,14.55,5.8,36.1,660.21
"10227",2013-06-12,"2013",2013,255,14.31,6.1,33.9,694.11
"10228",2013-06-13,"2013",2013,256,14.15,6.5,34.8,728.91
"10229",2013-06-14,"2013",2013,257,13.99,6.9,29.1,758.01
"10230",2013-06-15,"2013",2013,258,13.87,6.9,22.2,780.21
"10231",2013-06-16,"2013",2013,259,13.89,6.7,19.9,800.11
"10232",2013-06-17,"2013",2013,260,13.9,6.6,18.3,818.41
"10233",2013-06-18,"2013",2013,261,14.04,7.1,19.8,838.21
"10234",2013-06-19,"2013",2013,262,14.1,8.6,20,858.21
"10235",2013-06-20,"2013",2013,263,14,8.4,19,877.21
"10236",2013-06-21,"2013",2013,264,13.98,9.1,18.4,895.61
"10237",2013-06-22,"2013",2013,265,13.87,9.3,17.1,912.71
"10238",2013-06-23,"2013",2013,266,13.74,9.1,16.8,929.51
"10239",2013-06-24,"2013",2013,267,13.62,9.4,15.2,944.71
"10240",2013-06-25,"2013",2013,268,13.5,8.8,16.1,960.81
"10241",2013-06-26,"2013",2013,269,13.47,9.7,18.5,979.31
"10242",2013-06-27,"2013",2013,270,13.39,10.8,19.5,998.81
"10243",2013-06-28,"2013",2013,271,13.28,11.6,20.5,1019.31
"10244",2013-06-29,"2013",2013,272,13.01,10.9,17.3,1036.61
"10245",2013-06-30,"2013",2013,273,12.77,10.2,17,1053.61
"10246",2013-07-01,"2013",2013,274,12.66,9.9,15.7,1069.31
"10247",2013-07-02,"2013",2013,275,12.57,9.8,15.3,1084.61
"10248",2013-07-03,"2013",2013,276,12.55,9.9,15.4,1100.01
"10249",2013-07-04,"2013",2013,277,12.57,10.2,18.6,1118.61
"10250",2013-07-05,"2013",2013,278,12.37,10.3,36.7,1155.31
"10251",2013-07-06,"2013",2013,279,12.17,9.6,28.4,1183.71
"10252",2013-07-07,"2013",2013,280,12.43,9.6,22.6,1206.31
"10253",2013-07-08,"2013",2013,281,12.64,10.1,21.6,1227.91
"10254",2013-07-09,"2013",2013,282,12.69,10.4,17.6,1245.51
"10255",2013-07-10,"2013",2013,283,12.83,10.7,15.8,1261.31
"10256",2013-07-11,"2013",2013,284,13.03,11.9,16.1,1277.41
"10257",2013-07-12,"2013",2013,285,12.88,11.5,17.1,1294.51
"10258",2013-07-13,"2013",2013,286,12.7,11.7,22.6,1317.11
"10259",2013-07-14,"2013",2013,287,12.47,10.8,18.4,1335.51
"10260",2013-07-15,"2013",2013,288,12.72,10.3,15.6,1351.11
"10261",2013-07-16,"2013",2013,289,12.97,11.4,14.8,1365.91
"10262",2013-07-17,"2013",2013,290,13.1,12.4,14.4,1380.31
"10263",2013-07-18,"2013",2013,291,12.99,12.1,14,1394.31
"10264",2013-07-19,"2013",2013,292,12.84,11.6,13.6,1407.91
"10265",2013-07-20,"2013",2013,293,12.93,12.3,13.1,1421.01
"10266",2013-07-21,"2013",2013,294,12.95,12.6,12.2,1433.21
"10267",2013-07-22,"2013",2013,295,12.97,12.9,11.4,1444.61
"10268",2013-07-23,"2013",2013,296,13.12,13.3,10.9,1455.51
"10269",2013-07-24,"2013",2013,297,13.13,13.4,11.1,1466.61
"10270",2013-07-25,"2013",2013,298,13.04,12.4,11.8,1478.41
"10271",2013-07-26,"2013",2013,299,12.89,11.8,11.1,1489.51
"10272",2013-07-27,"2013",2013,300,12.93,12.1,11,1500.51
"10273",2013-07-28,"2013",2013,301,12.82,11.6,10.9,1511.41
"10274",2013-07-29,"2013",2013,302,12.81,10.8,12.4,1523.81
"10275",2013-07-30,"2013",2013,303,12.94,11.1,12.2,1536.01
"10276",2013-07-31,"2013",2013,304,13.09,12.1,11.5,1547.51
"10277",2013-08-01,"2013",2013,305,13.29,12.2,10.5,1558.01
"10278",2013-08-02,"2013",2013,306,13.44,11.9,10.9,1568.91
"10279",2013-08-03,"2013",2013,307,13.62,12.9,10.2,1579.11
"10280",2013-08-04,"2013",2013,308,13.73,12.6,9.67,1588.78
"10281",2013-08-05,"2013",2013,309,13.47,11.9,9.15,1597.93
"10282",2013-08-06,"2013",2013,310,13.64,11.2,8.37,1606.3
"10283",2013-08-07,"2013",2013,311,13.74,10.5,7.15,1613.45
"10284",2013-08-08,"2013",2013,312,13.74,9.9,6.34,1619.79
"10285",2013-08-09,"2013",2013,313,13.37,10,5.87,1625.66
"10286",2013-08-10,"2013",2013,314,13.46,10.7,5.87,1631.53
"10287",2013-08-11,"2013",2013,315,13.52,11.4,5.87,1637.4
"10288",2013-08-12,"2013",2013,316,13.61,11.5,6.48,1643.88
"10289",2013-08-13,"2013",2013,317,13.48,10.8,7,1650.88
"10290",2013-08-14,"2013",2013,318,13.54,10.8,7.03,1657.91
"10291",2013-08-15,"2013",2013,319,13.88,11.5,6.8,1664.71
"10292",2013-08-16,"2013",2013,320,14.08,12.1,6.45,1671.16
"10293",2013-08-17,"2013",2013,321,14.13,12.4,6.29,1677.45
"10294",2013-08-18,"2013",2013,322,14.26,12.4,6.18,1683.63
"10295",2013-08-19,"2013",2013,323,14.39,12.8,6.26,1689.89
"10296",2013-08-20,"2013",2013,324,14.44,13,6.35,1696.24
"10297",2013-08-21,"2013",2013,325,14.5,13.5,6.48,1702.72
"10298",2013-08-22,"2013",2013,326,14.42,13.8,6.35,1709.07
"10299",2013-08-23,"2013",2013,327,14.25,13.3,6.41,1715.48
"10300",2013-08-24,"2013",2013,328,14.11,12.9,6.8,1722.28
"10301",2013-08-25,"2013",2013,329,14.04,13.2,6.85,1729.13
"10302",2013-08-26,"2013",2013,330,13.89,13.6,7.19,1736.32
"10303",2013-08-27,"2013",2013,331,13.87,13.7,7.3,1743.62
"10304",2013-08-28,"2013",2013,332,13.87,13.2,6.9,1750.52
"10305",2013-08-29,"2013",2013,333,13.97,12.7,7.01,1757.53
"10306",2013-08-30,"2013",2013,334,13.97,13.1,7.29,1764.82
"10307",2013-08-31,"2013",2013,335,14.01,12.7,9,1773.82
"10308",2013-09-01,"2013",2013,336,14.16,12.4,9.05,1782.87
"10309",2013-09-02,"2013",2013,337,14.75,12.9,8.79,1791.66
"10310",2013-09-03,"2013",2013,338,15.09,13.4,8.55,1800.21
"10311",2013-09-04,"2013",2013,339,15.28,13.5,8.79,1809
"10312",2013-09-05,"2013",2013,340,15.5,13.2,8.79,1817.79
"10313",2013-09-06,"2013",2013,341,15.79,12.7,9.03,1826.82
"10314",2013-09-07,"2013",2013,342,16.01,12.3,8.86,1835.68
"10315",2013-09-08,"2013",2013,343,16.3,12.4,8.47,1844.15
"10316",2013-09-09,"2013",2013,344,16.47,11.4,9.04,1853.19
"10317",2013-09-10,"2013",2013,345,16.58,10.7,16.7,1869.89
"10318",2013-09-11,"2013",2013,346,17.37,9.5,94.5,1964.39
"10319",2013-09-12,"2013",2013,347,16.87,7,75.2,2039.59
"10320",2013-09-13,"2013",2013,348,17.58,6.6,36.6,2076.19
"10321",2013-09-14,"2013",2013,349,18.33,6.8,25.8,2101.99
"10322",2013-09-15,"2013",2013,350,18.59,6.6,27.4,2129.39
"10323",2013-09-16,"2013",2013,351,18.65,6.5,17.7,2147.09
"10324",2013-09-17,"2013",2013,352,19.15,7.3,15.1,2162.19
"10325",2013-09-18,"2013",2013,353,19.2,7.4,15.7,2177.89
"10326",2013-09-19,"2013",2013,354,19.27,6.6,12.7,2190.59
"10327",2013-09-20,"2013",2013,355,19.68,6.4,9.97,2200.56
"10328",2013-09-21,"2013",2013,356,20.15,6.5,9.59,2210.15
"10329",2013-09-22,"2013",2013,357,20.2,6.5,11.6,2221.75
"10330",2013-09-23,"2013",2013,358,19.99,4,9.84,2231.59
"10331",2013-09-24,"2013",2013,359,20.18,3,8.82,2240.41
"10332",2013-09-25,"2013",2013,360,20.31,4.2,7.79,2248.2
"10333",2013-09-26,"2013",2013,361,20.49,5.4,7.46,2255.66
"10334",2013-09-27,"2013",2013,362,20.45,4.6,6.36,2262.02
"10335",2013-09-28,"2013",2013,363,20.45,1.5,6.13,2268.15
"10336",2013-09-29,"2013",2013,364,20.48,1.7,5.66,2273.81
"10337",2013-09-30,"2013",2013,365,20.62,2.4,5.19,2279
"10338",2013-10-01,"2013",2014,1,20.63,3.1,4.79,4.79
"10339",2013-10-02,"2013",2014,2,20.68,3.3,4.38,9.17
"10340",2013-10-03,"2013",2014,3,20.74,3.1,4.38,13.55
"10341",2013-10-04,"2013",2014,4,20.79,1.2,3.65,17.2
"10342",2013-10-05,"2013",2014,5,20.84,0,3.54,20.74
"10343",2013-10-06,"2013",2014,6,20.9,0.7,3.34,24.08
"10344",2013-10-07,"2013",2014,7,20.95,1.7,3.13,27.21
"10345",2013-10-08,"2013",2014,8,21.04,2.3,2.96,30.17
"10346",2013-10-09,"2013",2014,9,21.1,3.2,2.88,33.05
"10347",2013-10-10,"2013",2014,10,21.02,3.4,2.37,35.42
"10348",2013-10-11,"2013",2014,11,20.78,0.2,2.46,37.88
"10349",2013-10-12,"2013",2014,12,20.88,0.5,2.45,40.33
"10350",2013-10-13,"2013",2014,13,21.08,1.7,2.56,42.89
"10351",2013-10-14,"2013",2014,14,20.91,2.1,2.5,45.39
"10352",2013-10-15,"2013",2014,15,21.25,2.1,2.38,47.77
"10353",2013-10-16,"2013",2014,16,21.63,2,2.26,50.03
"10354",2013-10-17,"2013",2014,17,22.06,2.3,2.23,52.26
"10355",2013-10-18,"2013",2014,18,22.13,2.5,2.08,54.34
"10356",2013-10-19,"2013",2014,19,21.93,2.5,2.06,56.4
"10357",2013-10-20,"2013",2014,20,22.06,2.9,2.04,58.44
"10358",2013-10-21,"2013",2014,21,22.65,2.7,1.96,60.4
"10359",2013-10-22,"2013",2014,22,22.51,2.9,1.98,62.38
"10360",2013-10-23,"2013",2014,23,22.45,3.5,2.04,64.42
"10361",2013-10-24,"2013",2014,24,22.36,3.8,2.15,66.57
"10362",2013-10-25,"2013",2014,25,22.24,3.9,2.23,68.8
"10363",2013-10-26,"2013",2014,26,21.95,3.9,2.21,71.01
"10364",2013-10-27,"2013",2014,27,21.96,3.5,2.2,73.21
"10365",2013-10-28,"2013",2014,28,21.97,3.7,2.12,75.33
"10366",2013-10-29,"2013",2014,29,21.98,3.4,2.12,77.45
"10367",2013-10-30,"2013",2014,30,21.99,2.7,1.91,79.36
"10368",2013-10-31,"2013",2014,31,22.01,1.6,1.85,81.21
"10369",2013-11-01,"2013",2014,32,22.02,1.4,1.68,82.89
"10370",2013-11-02,"2013",2014,33,22.03,1.3,1.59,84.48
"10371",2013-11-03,"2013",2014,34,22.04,1.4,1.6,86.08
"10372",2013-11-04,"2013",2014,35,22.05,1.4,1.54,87.62
"10373",2013-11-05,"2013",2014,36,22.06,1.3,1.39,89.01
"10374",2013-11-06,"2013",2014,37,22.07,0.9,1.33,90.34
"10375",2013-11-07,"2013",2014,38,22.08,1.6,1.31,91.65
"10376",2013-11-08,"2013",2014,39,22.09,2.1,1.3,92.95
"10377",2013-11-09,"2013",2014,40,22.1,2.5,1.33,94.28
"10378",2013-11-10,"2013",2014,41,22.11,2.9,1.32,95.6
"10379",2013-11-11,"2013",2014,42,22.13,2.8,1.29,96.89
"10380",2013-11-12,"2013",2014,43,22.14,3,1.22,98.11
"10381",2013-11-13,"2013",2014,44,22.15,2.6,1.14,99.25
"10382",2013-11-14,"2013",2014,45,22.16,2.6,1.2,100.45
"10383",2013-11-15,"2013",2014,46,22.17,2.5,1.14,101.59
"10384",2013-11-16,"2013",2014,47,22.18,1.2,1.07,102.66
"10385",2013-11-17,"2013",2014,48,22.19,0.9,1,103.66
"10386",2013-11-18,"2013",2014,49,22.2,1.5,1.01,104.67
"10387",2013-11-19,"2013",2014,50,22.21,1.8,1.03,105.7
"10388",2013-11-20,"2013",2014,51,22.22,2,1.05,106.75
"10389",2013-11-21,"2013",2014,52,22.23,1.8,1.06,107.81
"10390",2013-11-22,"2013",2014,53,22.25,1.6,1.08,108.89
"10391",2013-11-23,"2013",2014,54,22.26,1.6,1.09,109.98
"10392",2013-11-24,"2013",2014,55,22.27,1.6,1.11,111.09
"10393",2013-11-25,"2013",2014,56,22.28,1.5,1.08,112.17
"10394",2013-11-26,"2013",2014,57,22.29,1,1.04,113.21
"10395",2013-11-27,"2013",2014,58,22.3,0.7,1.01,114.22
"10396",2013-11-28,"2013",2014,59,22.31,1.1,0.98,115.2
"10397",2013-11-29,"2013",2014,60,22.32,0.6,0.95,116.15
"10398",2013-11-30,"2013",2014,61,22.33,0.7,0.91,117.06
"10399",2013-12-01,"2013",2014,62,22.34,0.7,0.88,117.94
"10400",2013-12-02,"2013",2014,63,22.35,0.6,0.85,118.79
"10401",2013-12-03,"2013",2014,64,22.36,0.6,0.82,119.61
"10402",2013-12-04,"2013",2014,65,22.38,0.6,0.78,120.39
"10403",2013-12-05,"2013",2014,66,22.39,0.5,0.75,121.14
"10404",2013-12-06,"2013",2014,67,22.4,0.5,0.72,121.86
"10405",2013-12-07,"2013",2014,68,22.41,0.5,0.69,122.55
"10406",2013-12-08,"2013",2014,69,22.42,0.5,0.66,123.21
"10407",2013-12-09,"2013",2014,70,22.43,0.4,0.65,123.86
"10408",2013-12-10,"2013",2014,71,22.44,0.5,0.64,124.5
"10409",2013-12-11,"2013",2014,72,22.45,0.5,0.64,125.14
"10410",2013-12-12,"2013",2014,73,22.46,0.6,0.63,125.77
"10411",2013-12-13,"2013",2014,74,22.47,0.6,0.63,126.4
"10412",2013-12-14,"2013",2014,75,22.48,0.5,0.62,127.02
"10413",2013-12-15,"2013",2014,76,22.5,0.7,0.62,127.64
"10414",2013-12-16,"2013",2014,77,22.51,0.7,0.61,128.25
"10415",2013-12-17,"2013",2014,78,22.52,0.7,0.61,128.86
"10416",2013-12-18,"2013",2014,79,22.53,0.8,0.6,129.46
"10417",2013-12-19,"2013",2014,80,22.54,0.8,0.6,130.06
"10418",2013-12-20,"2013",2014,81,22.55,0.7,0.59,130.65
"10419",2013-12-21,"2013",2014,82,22.56,0.5,0.58,131.23
"10420",2013-12-22,"2013",2014,83,22.57,0.5,0.58,131.81
"10421",2013-12-23,"2013",2014,84,22.58,0.4,0.57,132.38
"10422",2013-12-24,"2013",2014,85,22.59,0.3,0.57,132.95
"10423",2013-12-25,"2013",2014,86,22.6,0.3,0.56,133.51
"10424",2013-12-26,"2013",2014,87,22.62,0.4,0.56,134.07
"10425",2013-12-27,"2013",2014,88,22.63,0.5,0.55,134.62
"10426",2013-12-28,"2013",2014,89,22.64,0.4,0.55,135.17
"10427",2013-12-29,"2013",2014,90,22.65,0.4,0.54,135.71
"10428",2013-12-30,"2013",2014,91,22.66,0.3,0.54,136.25
"10429",2013-12-31,"2013",2014,92,22.67,0.3,0.53,136.78
"10430",2014-01-01,"2014",2014,93,22.68,0.3,0.52,137.3
"10431",2014-01-02,"2014",2014,94,22.69,0.3,0.52,137.82
"10432",2014-01-03,"2014",2014,95,22.7,0.3,0.51,138.33
"10433",2014-01-04,"2014",2014,96,22.71,0.2,0.51,138.84
"10434",2014-01-05,"2014",2014,97,22.72,0.2,0.5,139.34
"10435",2014-01-06,"2014",2014,98,22.74,0.1,0.49,139.83
"10436",2014-01-07,"2014",2014,99,22.75,0.2,0.49,140.32
"10437",2014-01-08,"2014",2014,100,22.76,0.3,0.48,140.8
"10438",2014-01-09,"2014",2014,101,22.77,0.3,0.47,141.27
"10439",2014-01-10,"2014",2014,102,22.78,0.3,0.47,141.74
"10440",2014-01-11,"2014",2014,103,22.79,0.3,0.46,142.2
"10441",2014-01-12,"2014",2014,104,22.8,0.2,0.45,142.65
"10442",2014-01-13,"2014",2014,105,22.81,0.2,0.45,143.1
"10443",2014-01-14,"2014",2014,106,22.82,0.2,0.45,143.55
"10444",2014-01-15,"2014",2014,107,22.83,0.2,0.44,143.99
"10445",2014-01-16,"2014",2014,108,22.84,0.2,0.44,144.43
"10446",2014-01-17,"2014",2014,109,22.86,0.2,0.44,144.87
"10447",2014-01-18,"2014",2014,110,22.87,0.2,0.44,145.31
"10448",2014-01-19,"2014",2014,111,22.88,0.3,0.44,145.75
"10449",2014-01-20,"2014",2014,112,22.89,0.3,0.44,146.19
"10450",2014-01-21,"2014",2014,113,22.9,0.2,0.44,146.63
"10451",2014-01-22,"2014",2014,114,NA,0.3,0.44,147.07
"10452",2014-01-23,"2014",2014,115,NA,0.3,0.43,147.5
"10453",2014-01-24,"2014",2014,116,NA,0.2,0.43,147.93
"10454",2014-01-25,"2014",2014,117,NA,0.2,0.43,148.36
"10455",2014-01-26,"2014",2014,118,NA,0.3,0.43,148.79
"10456",2014-01-27,"2014",2014,119,NA,0.3,0.43,149.22
"10457",2014-01-28,"2014",2014,120,NA,0.2,0.43,149.65
"10458",2014-01-29,"2014",2014,121,NA,0.2,0.43,150.08
"10459",2014-01-30,"2014",2014,122,NA,0.2,0.43,150.51
"10460",2014-01-31,"2014",2014,123,NA,0.2,0.42,150.93
"10461",2014-02-01,"2014",2014,124,NA,0.2,0.41,151.34
"10462",2014-02-02,"2014",2014,125,NA,0.2,0.41,151.75
"10463",2014-02-03,"2014",2014,126,23.42,0.2,0.4,152.15
"10464",2014-02-04,"2014",2014,127,NA,0.2,0.39,152.54
"10465",2014-02-05,"2014",2014,128,NA,0.2,0.38,152.92
"10466",2014-02-06,"2014",2014,129,NA,0.2,0.37,153.29
"10467",2014-02-07,"2014",2014,130,NA,0.2,0.36,153.65
"10468",2014-02-08,"2014",2014,131,NA,0.1,0.35,154
"10469",2014-02-09,"2014",2014,132,NA,0.1,0.34,154.34
"10470",2014-02-10,"2014",2014,133,NA,0.1,0.33,154.67
"10471",2014-02-11,"2014",2014,134,NA,0.1,0.32,154.99
"10472",2014-02-12,"2014",2014,135,NA,0.1,0.31,155.3
"10473",2014-02-13,"2014",2014,136,NA,0.1,0.3,155.6
"10474",2014-02-14,"2014",2014,137,NA,0.1,0.29,155.89
"10475",2014-02-15,"2014",2014,138,NA,0.1,0.27,156.16
"10476",2014-02-16,"2014",2014,139,NA,0.1,0.27,156.43
"10477",2014-02-17,"2014",2014,140,NA,0.1,0.26,156.69
"10478",2014-02-18,"2014",2014,141,24.02,0.1,0.25,156.94
"10479",2014-02-19,"2014",2014,142,24.06,0.1,0.25,157.19
"10480",2014-02-20,"2014",2014,143,24.1,0.1,0.24,157.43
"10481",2014-02-21,"2014",2014,144,NA,0.1,0.23,157.66
"10482",2014-02-22,"2014",2014,145,NA,0.1,0.22,157.88
"10483",2014-02-23,"2014",2014,146,NA,0.1,0.22,158.1
"10484",2014-02-24,"2014",2014,147,NA,0.1,0.21,158.31
"10485",2014-02-25,"2014",2014,148,NA,0.1,0.21,158.52
"10486",2014-02-26,"2014",2014,149,NA,0.1,0.21,158.73
"10487",2014-02-27,"2014",2014,150,24.38,0.1,0.2,158.93
"10488",2014-02-28,"2014",2014,151,24.42,0.1,0.2,159.13
"10489",2014-03-01,"2014",2014,152,NA,0.1,0.19,159.32
"10490",2014-03-02,"2014",2014,153,NA,0.1,0.19,159.51
"10491",2014-03-03,"2014",2014,154,24.54,0.1,0.18,159.69
"10492",2014-03-04,"2014",2014,155,24.58,0.1,0.18,159.87
"10493",2014-03-05,"2014",2014,156,24.62,0.1,0.17,160.04
"10494",2014-03-06,"2014",2014,157,24.66,0.1,0.17,160.21
"10495",2014-03-07,"2014",2014,158,24.7,0.2,0.16,160.37
"10496",2014-03-08,"2014",2014,159,24.74,0.2,0.16,160.53
"10497",2014-03-09,"2014",2014,160,24.78,0.2,0.15,160.68
"10498",2014-03-10,"2014",2014,161,24.82,0.1,0.14,160.82
"10499",2014-03-11,"2014",2014,162,24.86,0.1,0.14,160.96
"10500",2014-03-12,"2014",2014,163,24.9,0.2,0.13,161.09
"10501",2014-03-13,"2014",2014,164,24.94,0.2,0.13,161.22
"10502",2014-03-14,"2014",2014,165,24.98,0.2,0.13,161.35
"10503",2014-03-15,"2014",2014,166,25.02,0.3,0.13,161.48
"10504",2014-03-16,"2014",2014,167,25.06,0.2,0.13,161.61
"10505",2014-03-17,"2014",2014,168,25.1,0.3,0.13,161.74
"10506",2014-03-18,"2014",2014,169,25.14,0.3,0.13,161.87
"10507",2014-03-19,"2014",2014,170,25.18,0.3,0.13,162
"10508",2014-03-20,"2014",2014,171,25.22,0.3,0.13,162.13
"10509",2014-03-21,"2014",2014,172,25.26,0.4,0.13,162.26
"10510",2014-03-22,"2014",2014,173,25.3,0.4,0.12,162.38
"10511",2014-03-23,"2014",2014,174,25.34,0.3,0.12,162.5
"10512",2014-03-24,"2014",2014,175,25.38,0.3,0.12,162.62
"10513",2014-03-25,"2014",2014,176,25.42,0.3,0.12,162.74
"10514",2014-03-26,"2014",2014,177,25.46,0.4,0.11,162.85
"10515",2014-03-27,"2014",2014,178,25.5,0.5,0.11,162.96
"10516",2014-03-28,"2014",2014,179,25.54,0.4,0.11,163.07
"10517",2014-03-29,"2014",2014,180,25.58,0.3,0.11,163.18
"10518",2014-03-30,"2014",2014,181,25.62,0.4,0.1,163.28
"10519",2014-03-31,"2014",2014,182,25.66,0.4,0.1,163.38
"10520",2014-04-01,"2014",2014,183,25.7,0.4,0.1,163.48
"10521",2014-04-02,"2014",2014,184,25.74,0.3,0.1,163.58
"10522",2014-04-03,"2014",2014,185,25.78,0.3,0.09,163.67
"10523",2014-04-04,"2014",2014,186,25.82,0.2,0.09,163.76
"10524",2014-04-05,"2014",2014,187,25.86,0.2,0.08,163.84
"10525",2014-04-06,"2014",2014,188,25.9,0.2,0.08,163.92
"10526",2014-04-07,"2014",2014,189,25.94,0.2,0.07,163.99
"10527",2014-04-08,"2014",2014,190,25.98,0.2,0.07,164.06
"10528",2014-04-09,"2014",2014,191,26.02,0.2,0.08,164.14
"10529",2014-04-10,"2014",2014,192,26.06,0.3,0.1,164.24
"10530",2014-04-11,"2014",2014,193,26.1,0.7,0.13,164.37
"10531",2014-04-12,"2014",2014,194,26.14,1.1,0.19,164.56
"10532",2014-04-13,"2014",2014,195,26.18,1.5,0.21,164.77
"10533",2014-04-14,"2014",2014,196,26.22,1.3,0.22,164.99
"10534",2014-04-15,"2014",2014,197,26.26,1.1,0.22,165.21
"10535",2014-04-16,"2014",2014,198,26.3,1.7,0.22,165.43
"10536",2014-04-17,"2014",2014,199,26.34,2.1,0.22,165.65
"10537",2014-04-18,"2014",2014,200,26.38,2.2,0.24,165.89
"10538",2014-04-19,"2014",2014,201,26.42,2.3,0.29,166.18
"10539",2014-04-20,"2014",2014,202,26.46,2.4,0.42,166.6
"10540",2014-04-21,"2014",2014,203,26.5,2.6,0.63,167.23
"10541",2014-04-22,"2014",2014,204,26.54,2.7,1.32,168.55
"10542",2014-04-23,"2014",2014,205,26.58,2.2,1.65,170.2
"10543",2014-04-24,"2014",2014,206,26.62,1,1.67,171.87
"10544",2014-04-25,"2014",2014,207,26.66,1,1.93,173.8
"10545",2014-04-26,"2014",2014,208,26.7,2,2.1,175.9
"10546",2014-04-27,"2014",2014,209,26.74,1.3,1.68,177.58
"10547",2014-04-28,"2014",2014,210,26.78,0.5,1.42,179
"10548",2014-04-29,"2014",2014,211,26.82,0.8,1.09,180.09
"10549",2014-04-30,"2014",2014,212,26.86,1,0.74,180.83
"10550",2014-05-01,"2014",2014,213,26.9,1.2,0.6,181.43
"10551",2014-05-02,"2014",2014,214,26.94,1.6,0.63,182.06
"10552",2014-05-03,"2014",2014,215,26.98,2.1,1.08,183.14
"10553",2014-05-04,"2014",2014,216,27.02,2.9,1.87,185.01
"10554",2014-05-05,"2014",2014,217,27.06,2.4,2.33,187.34
"10555",2014-05-06,"2014",2014,218,27.05,1.7,2.56,189.9
"10556",2014-05-07,"2014",2014,219,26.85,2.1,2.6,192.5
"10557",2014-05-08,"2014",2014,220,26.53,2,2.06,194.56
"10558",2014-05-09,"2014",2014,221,26.17,0.9,1.81,196.37
"10559",2014-05-10,"2014",2014,222,26.12,0.9,1.72,198.09
"10560",2014-05-11,"2014",2014,223,26.22,1.4,1.52,199.61
"10561",2014-05-12,"2014",2014,224,26.3,1.6,1.21,200.82
"10562",2014-05-13,"2014",2014,225,26.48,1.8,0.99,201.81
"10563",2014-05-14,"2014",2014,226,26.62,2.1,0.88,202.69
"10564",2014-05-15,"2014",2014,227,26.76,2.5,0.81,203.5
"10565",2014-05-16,"2014",2014,228,26.91,2.8,1.08,204.58
"10566",2014-05-17,"2014",2014,229,27.05,3.4,2.21,206.79
"10567",2014-05-18,"2014",2014,230,27.2,3.6,5.6,212.39
"10568",2014-05-19,"2014",2014,231,27.04,2.7,8.01,220.4
"10569",2014-05-20,"2014",2014,232,26.22,4,10.8,231.2
"10570",2014-05-21,"2014",2014,233,24.41,4.2,11.9,243.1
"10571",2014-05-22,"2014",2014,234,22.99,4.2,12.2,255.3
"10572",2014-05-23,"2014",2014,235,21.45,3.6,14.3,269.6
"10573",2014-05-24,"2014",2014,236,19.9,3.2,28.7,298.3
"10574",2014-05-25,"2014",2014,237,18.79,1.8,16.7,315
"10575",2014-05-26,"2014",2014,238,18.05,2.2,20.1,335.1
"10576",2014-05-27,"2014",2014,239,16.63,3.5,26.5,361.6
"10577",2014-05-28,"2014",2014,240,15.81,4,28.6,390.2
"10578",2014-05-29,"2014",2014,241,15.22,3.6,37.9,428.1
"10579",2014-05-30,"2014",2014,242,15.11,2.8,44.4,472.5
"10580",2014-05-31,"2014",2014,243,15.09,2.8,34.3,506.8
"10581",2014-06-01,"2014",2014,244,14.85,3.5,24.4,531.2
"10582",2014-06-02,"2014",2014,245,14.73,4.5,25.8,557
"10583",2014-06-03,"2014",2014,246,14.36,5,25.5,582.5
"10584",2014-06-04,"2014",2014,247,14,5.1,23,605.5
"10585",2014-06-05,"2014",2014,248,13.95,5,19.4,624.9
"10586",2014-06-06,"2014",2014,249,14.19,4.5,18.1,643
"10587",2014-06-07,"2014",2014,250,14.29,4.7,19.6,662.6
"10588",2014-06-08,"2014",2014,251,14.04,4.6,17.1,679.7
"10589",2014-06-09,"2014",2014,252,14.16,4.6,16.4,696.1
"10590",2014-06-10,"2014",2014,253,14.05,5.3,18.7,714.8
"10591",2014-06-11,"2014",2014,254,13.76,4.9,20.6,735.4
"10592",2014-06-12,"2014",2014,255,13.61,5.4,25.9,761.3
"10593",2014-06-13,"2014",2014,256,13.14,6,25.5,786.8
"10594",2014-06-14,"2014",2014,257,13.02,5.7,18.3,805.1
"10595",2014-06-15,"2014",2014,258,13.24,4.5,14.7,819.8
"10596",2014-06-16,"2014",2014,259,13.48,5.4,16.8,836.6
"10597",2014-06-17,"2014",2014,260,13.34,6.4,19.2,855.8
"10598",2014-06-18,"2014",2014,261,13.05,6.6,18.8,874.6
"10599",2014-06-19,"2014",2014,262,12.91,6.1,18.7,893.3
"10600",2014-06-20,"2014",2014,263,12.93,7.2,19.8,913.1
"10601",2014-06-21,"2014",2014,264,12.74,7.6,18.8,931.9
"10602",2014-06-22,"2014",2014,265,12.73,7.3,19.7,951.6
"10603",2014-06-23,"2014",2014,266,12.68,7.7,22,973.6
"10604",2014-06-24,"2014",2014,267,12.51,8,23.3,996.9
"10605",2014-06-25,"2014",2014,268,12.27,8.2,23.8,1020.7
"10606",2014-06-26,"2014",2014,269,12.24,8.5,24.7,1045.4
"10607",2014-06-27,"2014",2014,270,12.03,8.3,23,1068.4
"10608",2014-06-28,"2014",2014,271,11.82,7.7,21.3,1089.7
"10609",2014-06-29,"2014",2014,272,11.75,8,23.6,1113.3
"10610",2014-06-30,"2014",2014,273,11.57,8.8,21.9,1135.2
"10611",2014-07-01,"2014",2014,274,11.49,8.4,20.5,1155.7
"10612",2014-07-02,"2014",2014,275,11.46,9.3,20.8,1176.5
"10613",2014-07-03,"2014",2014,276,11.34,10.2,20.5,1197
"10614",2014-07-04,"2014",2014,277,11.25,9,21.7,1218.7
"10615",2014-07-05,"2014",2014,278,11.16,9.2,21.6,1240.3
"10616",2014-07-06,"2014",2014,279,10.96,9.3,20.5,1260.8
"10617",2014-07-07,"2014",2014,280,10.86,9.8,23.9,1284.7
"10618",2014-07-08,"2014",2014,281,10.66,9.9,23.5,1308.2
"10619",2014-07-09,"2014",2014,282,10.47,10.2,22.9,1331.1
"10620",2014-07-10,"2014",2014,283,10.3,10.4,23.4,1354.5
"10621",2014-07-11,"2014",2014,284,10.07,10,24,1378.5
"10622",2014-07-12,"2014",2014,285,9.84,9.4,21.7,1400.2
"10623",2014-07-13,"2014",2014,286,9.7,9.5,18.5,1418.7
"10624",2014-07-14,"2014",2014,287,9.82,10,17.3,1436
"10625",2014-07-15,"2014",2014,288,9.74,10.7,18.8,1454.8
"10626",2014-07-16,"2014",2014,289,9.84,10,17.7,1472.5
"10627",2014-07-17,"2014",2014,290,10.11,8.8,15.5,1488
"10628",2014-07-18,"2014",2014,291,10.19,9.4,14.9,1502.9
"10629",2014-07-19,"2014",2014,292,10.1,10.9,14.4,1517.3
"10630",2014-07-20,"2014",2014,293,10,11,15,1532.3
"10631",2014-07-21,"2014",2014,294,10.02,10.5,14.8,1547.1
"10632",2014-07-22,"2014",2014,295,9.95,11.7,15.1,1562.2
"10633",2014-07-23,"2014",2014,296,9.76,12.2,15.4,1577.6
"10634",2014-07-24,"2014",2014,297,9.46,11.7,16.9,1594.5
"10635",2014-07-25,"2014",2014,298,9.27,11.8,16.4,1610.9
"10636",2014-07-26,"2014",2014,299,9.33,10.9,15.8,1626.7
"10637",2014-07-27,"2014",2014,300,9.26,10.6,15.7,1642.4
"10638",2014-07-28,"2014",2014,301,9.36,11.1,15.3,1657.7
"10639",2014-07-29,"2014",2014,302,9.54,10.1,59.5,1717.2
"10640",2014-07-30,"2014",2014,303,10.36,7.9,60.3,1777.5
"10641",2014-07-31,"2014",2014,304,11.36,6.2,25.6,1803.1
"10642",2014-08-01,"2014",2014,305,11.86,6.8,17.7,1820.8
"10643",2014-08-02,"2014",2014,306,12.2,8.1,15.4,1836.2
"10644",2014-08-03,"2014",2014,307,12.17,9.5,14.2,1850.4
"10645",2014-08-04,"2014",2014,308,12.09,10,14,1864.4
"10646",2014-08-05,"2014",2014,309,11.82,9.8,14,1878.4
"10647",2014-08-06,"2014",2014,310,11.65,10.1,13,1891.4
"10648",2014-08-07,"2014",2014,311,11.62,10.3,12,1903.4
"10649",2014-08-08,"2014",2014,312,11.55,10.4,11.3,1914.7
"10650",2014-08-09,"2014",2014,313,11.54,10.4,11.3,1926
"10651",2014-08-10,"2014",2014,314,11.58,10.5,10.7,1936.7
"10652",2014-08-11,"2014",2014,315,11.58,10.8,10.6,1947.3
"10653",2014-08-12,"2014",2014,316,11.61,11.5,10.4,1957.7
"10654",2014-08-13,"2014",2014,317,11.7,11.6,10.6,1968.3
"10655",2014-08-14,"2014",2014,318,11.7,11.6,11.6,1979.9
"10656",2014-08-15,"2014",2014,319,11.56,11,13.9,1993.8
"10657",2014-08-16,"2014",2014,320,11.44,11.2,12.4,2006.2
"10658",2014-08-17,"2014",2014,321,11.39,11.5,10.9,2017.1
"10659",2014-08-18,"2014",2014,322,11.44,12,9.71,2026.81
"10660",2014-08-19,"2014",2014,323,11.5,11.7,9.31,2036.12
"10661",2014-08-20,"2014",2014,324,11.52,11.5,9.05,2045.17
"10662",2014-08-21,"2014",2014,325,11.51,10.7,8.85,2054.02
"10663",2014-08-22,"2014",2014,326,11.61,10.5,8.77,2062.79
"10664",2014-08-23,"2014",2014,327,11.51,9.3,8.52,2071.31
"10665",2014-08-24,"2014",2014,328,11.49,7.7,8.36,2079.67
"10666",2014-08-25,"2014",2014,329,11.67,9,8.23,2087.9
"10667",2014-08-26,"2014",2014,330,11.88,10.1,8.42,2096.32
"10668",2014-08-27,"2014",2014,331,12.1,10.5,8.69,2105.01
"10669",2014-08-28,"2014",2014,332,12.25,8.7,8.67,2113.68
"10670",2014-08-29,"2014",2014,333,12.48,8.3,8.71,2122.39
"10671",2014-08-30,"2014",2014,334,12.61,8.9,9.39,2131.78
"10672",2014-08-31,"2014",2014,335,12.67,8.4,9.21,2140.99
"10673",2014-09-01,"2014",2014,336,12.87,7.7,8.28,2149.27
"10674",2014-09-02,"2014",2014,337,13.17,8.1,7.89,2157.16
"10675",2014-09-03,"2014",2014,338,13.48,9.3,7.55,2164.71
"10676",2014-09-04,"2014",2014,339,13.67,9.3,7.75,2172.46
"10677",2014-09-05,"2014",2014,340,13.64,9.4,7.76,2180.22
"10678",2014-09-06,"2014",2014,341,13.54,10,7.28,2187.5
"10679",2014-09-07,"2014",2014,342,13.56,10.1,6.55,2194.05
"10680",2014-09-08,"2014",2014,343,13.63,8.9,7.35,2201.4
"10681",2014-09-09,"2014",2014,344,13.48,8.7,15.9,2217.3
"10682",2014-09-10,"2014",2014,345,13.82,7.9,13.8,2231.1
"10683",2014-09-11,"2014",2014,346,14.58,7,11.3,2242.4
"10684",2014-09-12,"2014",2014,347,14.89,6.7,9.01,2251.41
"10685",2014-09-13,"2014",2014,348,15.25,6.2,8.07,2259.48
"10686",2014-09-14,"2014",2014,349,15.43,7,7.26,2266.74
"10687",2014-09-15,"2014",2014,350,15.58,7.5,6.7,2273.44
"10688",2014-09-16,"2014",2014,351,15.66,8.4,6.33,2279.77
"10689",2014-09-17,"2014",2014,352,15.77,9.1,6.01,2285.78
"10690",2014-09-18,"2014",2014,353,15.78,9.7,5.68,2291.46
"10691",2014-09-19,"2014",2014,354,15.8,10.3,5.56,2297.02
"10692",2014-09-20,"2014",2014,355,15.78,10.9,5.55,2302.57
"10693",2014-09-21,"2014",2014,356,15.78,11,6.02,2308.59
"10694",2014-09-22,"2014",2014,357,15.48,9.6,7.56,2316.15
"10695",2014-09-23,"2014",2014,358,15.35,8,8.39,2324.54
"10696",2014-09-24,"2014",2014,359,15.77,8.3,8.06,2332.6
"10697",2014-09-25,"2014",2014,360,15.97,9.6,7.37,2339.97
"10698",2014-09-26,"2014",2014,361,16.24,10.2,6.83,2346.8
"10699",2014-09-27,"2014",2014,362,16.48,10.5,6.57,2353.37
"10700",2014-09-28,"2014",2014,363,16.55,9.4,7.44,2360.81
"10701",2014-09-29,"2014",2014,364,16.46,7.7,9.1,2369.91
"10702",2014-09-30,"2014",2014,365,16.42,4,8.98,2378.89
"10703",2014-10-01,"2014",2015,1,16.73,2.7,8.18,8.18
"10704",2014-10-02,"2014",2015,2,17.01,1.6,6.8,14.98
"10705",2014-10-03,"2014",2015,3,17.27,1.3,5.91,20.89
"10706",2014-10-04,"2014",2015,4,17.5,1.3,5.64,26.53
"10707",2014-10-05,"2014",2015,5,17.58,2.2,5.21,31.74
"10708",2014-10-06,"2014",2015,6,17.6,3.1,4.82,36.56
"10709",2014-10-07,"2014",2015,7,17.69,3.7,4.69,41.25
"10710",2014-10-08,"2014",2015,8,17.69,4.8,4.68,45.93
"10711",2014-10-09,"2014",2015,9,17.66,4.7,4.99,50.92
"10712",2014-10-10,"2014",2015,10,17.66,4.2,5.21,56.13
"10713",2014-10-11,"2014",2015,11,17.63,4.5,4.93,61.06
"10714",2014-10-12,"2014",2015,12,17.69,3.3,4.44,65.5
"10715",2014-10-13,"2014",2015,13,17.85,2,3.87,69.37
"10716",2014-10-14,"2014",2015,14,18.08,1.5,3.7,73.07
"10717",2014-10-15,"2014",2015,15,18.22,2.2,3.32,76.39
"10718",2014-10-16,"2014",2015,16,17.74,2.4,3.31,79.7
"10719",2014-10-17,"2014",2015,17,17.84,3,3.21,82.91
"10720",2014-10-18,"2014",2015,18,17.99,3.3,3.02,85.93
"10721",2014-10-19,"2014",2015,19,18.13,3.9,2.83,88.76
"10722",2014-10-20,"2014",2015,20,18.28,4,2.72,91.48
"10723",2014-10-21,"2014",2015,21,18.42,4.1,2.54,94.02
"10724",2014-10-22,"2014",2015,22,18.57,3.3,2.17,96.19
"10725",2014-10-23,"2014",2015,23,18.71,2.7,2.05,98.24
"10726",2014-10-24,"2014",2015,24,18.86,2.7,1.99,100.23
"10727",2014-10-25,"2014",2015,25,19.01,2.7,1.85,102.08
"10728",2014-10-26,"2014",2015,26,19.15,2.8,1.85,103.93
"10729",2014-10-27,"2014",2015,27,19.3,0.6,1.71,105.64
"10730",2014-10-28,"2014",2015,28,19.44,0,1.71,107.35
"10731",2014-10-29,"2014",2015,29,19.59,0,1.66,109.01
"10732",2014-10-30,"2014",2015,30,19.73,0.3,1.61,110.62
"10733",2014-10-31,"2014",2015,31,19.88,1.1,1.57,112.19
"10734",2014-11-01,"2014",2015,32,20.02,1.6,1.52,113.71
"10735",2014-11-02,"2014",2015,33,20.17,1.1,1.47,115.18
"10736",2014-11-03,"2014",2015,34,20.31,0.2,1.43,116.61
"10737",2014-11-04,"2014",2015,35,20.46,0,1.38,117.99
"10738",2014-11-05,"2014",2015,36,20.61,-0.1,1.34,119.33
"10739",2014-11-06,"2014",2015,37,20.75,0.5,1.29,120.62
"10740",2014-11-07,"2014",2015,38,20.9,0.3,1.24,121.86
"10741",2014-11-08,"2014",2015,39,21.04,0,1.16,123.02
"10742",2014-11-09,"2014",2015,40,21.19,0.3,1.19,124.21
"10743",2014-11-10,"2014",2015,41,21.33,0,1.16,125.37
"10744",2014-11-11,"2014",2015,42,21.48,0,1.12,126.49
"10745",2014-11-12,"2014",2015,43,21.62,0,1.09,127.58
"10746",2014-11-13,"2014",2015,44,21.77,0,1.06,128.64
"10747",2014-11-14,"2014",2015,45,21.91,0,1.05,129.69
"10748",2014-11-15,"2014",2015,46,22.06,0,0.98,130.67
"10749",2014-11-16,"2014",2015,47,22.21,0,0.89,131.56
"10750",2014-11-17,"2014",2015,48,22.35,0,0.78,132.34
"10751",2014-11-18,"2014",2015,49,22.5,0,0.77,133.11
"10752",2014-11-19,"2014",2015,50,22.64,0,0.7,133.81
"10753",2014-11-20,"2014",2015,51,22.79,0,0.65,134.46
"10754",2014-11-21,"2014",2015,52,22.93,0,0.57,135.03
"10755",2014-11-22,"2014",2015,53,23.08,0,0.55,135.58
"10756",2014-11-23,"2014",2015,54,23.22,-0.1,0.53,136.11
"10757",2014-11-24,"2014",2015,55,23.37,-0.1,0.51,136.62
"10758",2014-11-25,"2014",2015,56,23.51,-0.1,0.5,137.12
"10759",2014-11-26,"2014",2015,57,23.66,-0.1,0.48,137.6
"10760",2014-11-27,"2014",2015,58,23.81,-0.1,0.46,138.06
"10761",2014-11-28,"2014",2015,59,23.95,-0.1,0.44,138.5
"10762",2014-11-29,"2014",2015,60,24.1,-0.1,0.42,138.92
"10763",2014-11-30,"2014",2015,61,24.24,-0.1,0.4,139.32
"10764",2014-12-01,"2014",2015,62,NA,-0.1,0.4,139.72
"10765",2014-12-02,"2014",2015,63,NA,-0.1,0.4,140.12
"10766",2014-12-03,"2014",2015,64,24.67,-0.1,0.4,140.52
"10767",2014-12-04,"2014",2015,65,24.71,-0.1,0.4,140.92
"10768",2014-12-05,"2014",2015,66,24.72,-0.1,0.4,141.32
"10769",2014-12-06,"2014",2015,67,24.73,-0.1,0.39,141.71
"10770",2014-12-07,"2014",2015,68,24.74,-0.1,0.39,142.1
"10771",2014-12-08,"2014",2015,69,24.74,0,0.39,142.49
"10772",2014-12-09,"2014",2015,70,24.75,0,0.39,142.88
"10773",2014-12-10,"2014",2015,71,24.76,0,0.39,143.27
"10774",2014-12-11,"2014",2015,72,24.77,0,0.39,143.66
"10775",2014-12-12,"2014",2015,73,24.78,0,0.39,144.05
"10776",2014-12-13,"2014",2015,74,24.79,0,0.39,144.44
"10777",2014-12-14,"2014",2015,75,24.8,0,0.39,144.83
"10778",2014-12-15,"2014",2015,76,24.81,0,0.39,145.22
"10779",2014-12-16,"2014",2015,77,24.82,0,0.39,145.61
"10780",2014-12-17,"2014",2015,78,24.83,0,0.39,146
"10781",2014-12-18,"2014",2015,79,24.84,0,0.39,146.39
"10782",2014-12-19,"2014",2015,80,24.84,0,0.39,146.78
"10783",2014-12-20,"2014",2015,81,24.85,0,0.39,147.17
"10784",2014-12-21,"2014",2015,82,24.86,0,0.38,147.55
"10785",2014-12-22,"2014",2015,83,24.87,0.1,0.38,147.93
"10786",2014-12-23,"2014",2015,84,24.88,0.1,0.38,148.31
"10787",2014-12-24,"2014",2015,85,24.89,0.1,0.38,148.69
"10788",2014-12-25,"2014",2015,86,24.9,0.1,0.38,149.07
"10789",2014-12-26,"2014",2015,87,24.91,0.1,0.38,149.45
"10790",2014-12-27,"2014",2015,88,24.92,0.1,0.38,149.83
"10791",2014-12-28,"2014",2015,89,24.93,0.1,0.38,150.21
"10792",2014-12-29,"2014",2015,90,24.94,0.1,0.38,150.59
"10793",2014-12-30,"2014",2015,91,24.94,0.1,0.38,150.97
"10794",2014-12-31,"2014",2015,92,24.95,0.1,0.38,151.35
"10795",2015-01-01,"2015",2015,93,24.96,0.1,0.38,151.73
"10796",2015-01-02,"2015",2015,94,24.97,0.1,0.38,152.11
"10797",2015-01-03,"2015",2015,95,24.98,0.1,0.38,152.49
"10798",2015-01-04,"2015",2015,96,24.99,0.1,0.38,152.87
"10799",2015-01-05,"2015",2015,97,25,0.2,0.37,153.24
"10800",2015-01-06,"2015",2015,98,25.01,0.2,0.37,153.61
"10801",2015-01-07,"2015",2015,99,25.02,0.2,0.37,153.98
"10802",2015-01-08,"2015",2015,100,25.03,0.2,0.37,154.35
"10803",2015-01-09,"2015",2015,101,25.04,0.2,0.37,154.72
"10804",2015-01-10,"2015",2015,102,25.04,0.2,0.37,155.09
"10805",2015-01-11,"2015",2015,103,25.05,0.2,0.37,155.46
"10806",2015-01-12,"2015",2015,104,25.06,0.2,0.37,155.83
"10807",2015-01-13,"2015",2015,105,25.07,0.2,0.37,156.2
"10808",2015-01-14,"2015",2015,106,25.08,0.2,0.37,156.57
"10809",2015-01-15,"2015",2015,107,25.09,0.2,0.37,156.94
"10810",2015-01-16,"2015",2015,108,25.1,0.2,0.37,157.31
"10811",2015-01-17,"2015",2015,109,25.11,0.2,0.37,157.68
"10812",2015-01-18,"2015",2015,110,25.12,0.3,0.37,158.05
"10813",2015-01-19,"2015",2015,111,25.13,0.3,0.37,158.42
"10814",2015-01-20,"2015",2015,112,25.14,0.2,0.36,158.78
"10815",2015-01-21,"2015",2015,113,25.14,0.2,0.36,159.14
"10816",2015-01-22,"2015",2015,114,25.15,0.2,0.36,159.5
"10817",2015-01-23,"2015",2015,115,25.16,0.2,0.36,159.86
"10818",2015-01-24,"2015",2015,116,25.17,0.1,0.36,160.22
"10819",2015-01-25,"2015",2015,117,25.18,0.1,0.36,160.58
"10820",2015-01-26,"2015",2015,118,25.19,0.2,0.36,160.94
"10821",2015-01-27,"2015",2015,119,NA,0.2,0.36,161.3
"10822",2015-01-28,"2015",2015,120,NA,0.2,0.36,161.66
"10823",2015-01-29,"2015",2015,121,NA,0.2,0.36,162.02
"10824",2015-01-30,"2015",2015,122,NA,0.3,0.36,162.38
"10825",2015-01-31,"2015",2015,123,NA,0.3,0.36,162.74
"10826",2015-02-01,"2015",2015,124,NA,0.2,0.36,163.1
"10827",2015-02-02,"2015",2015,125,NA,0.1,0.36,163.46
"10828",2015-02-03,"2015",2015,126,NA,0.1,0.36,163.82
"10829",2015-02-04,"2015",2015,127,NA,0.1,0.35,164.17
"10830",2015-02-05,"2015",2015,128,NA,0.1,0.35,164.52
"10831",2015-02-06,"2015",2015,129,NA,0.1,0.35,164.87
"10832",2015-02-07,"2015",2015,130,NA,0.1,0.35,165.22
"10833",2015-02-08,"2015",2015,131,NA,0.2,0.35,165.57
"10834",2015-02-09,"2015",2015,132,NA,0.3,0.36,165.93
"10835",2015-02-10,"2015",2015,133,NA,0.4,0.35,166.28
"10836",2015-02-11,"2015",2015,134,NA,0.3,0.35,166.63
"10837",2015-02-12,"2015",2015,135,NA,0.3,0.33,166.96
"10838",2015-02-13,"2015",2015,136,NA,0.3,0.33,167.29
"10839",2015-02-14,"2015",2015,137,NA,0.4,0.33,167.62
"10840",2015-02-15,"2015",2015,138,NA,0.4,0.33,167.95
"10841",2015-02-16,"2015",2015,139,NA,0.3,0.33,168.28
"10842",2015-02-17,"2015",2015,140,NA,0.2,0.32,168.6
"10843",2015-02-18,"2015",2015,141,NA,0.1,0.32,168.92
"10844",2015-02-19,"2015",2015,142,NA,0.3,0.31,169.23
"10845",2015-02-20,"2015",2015,143,NA,0.4,0.31,169.54
"10846",2015-02-21,"2015",2015,144,NA,0.4,0.31,169.85
"10847",2015-02-22,"2015",2015,145,NA,0.3,0.3,170.15
"10848",2015-02-23,"2015",2015,146,NA,0.2,0.29,170.44
"10849",2015-02-24,"2015",2015,147,NA,0.2,0.28,170.72
"10850",2015-02-25,"2015",2015,148,NA,0.1,0.27,170.99
"10851",2015-02-26,"2015",2015,149,NA,0.1,0.27,171.26
"10852",2015-02-27,"2015",2015,150,NA,0.1,0.25,171.51
"10853",2015-02-28,"2015",2015,151,NA,0.1,0.24,171.75
"10854",2015-03-01,"2015",2015,152,NA,0.1,0.23,171.98
"10855",2015-03-02,"2015",2015,153,NA,0.1,0.22,172.2
"10856",2015-03-03,"2015",2015,154,NA,0,0.21,172.41
"10857",2015-03-04,"2015",2015,155,NA,-0.1,0.2,172.61
"10858",2015-03-05,"2015",2015,156,NA,-0.1,0.19,172.8
"10859",2015-03-06,"2015",2015,157,NA,-0.1,0.18,172.98
"10860",2015-03-07,"2015",2015,158,NA,0,0.17,173.15
"10861",2015-03-08,"2015",2015,159,NA,0,0.17,173.32
"10862",2015-03-09,"2015",2015,160,NA,-0.1,0.16,173.48
"10863",2015-03-10,"2015",2015,161,NA,0,0.16,173.64
"10864",2015-03-11,"2015",2015,162,NA,0.1,0.16,173.8
"10865",2015-03-12,"2015",2015,163,NA,0.2,0.16,173.96
"10866",2015-03-13,"2015",2015,164,NA,0.1,0.17,174.13
"10867",2015-03-14,"2015",2015,165,NA,0.1,0.18,174.31
"10868",2015-03-15,"2015",2015,166,NA,0.3,0.21,174.52
"10869",2015-03-16,"2015",2015,167,NA,0.5,0.27,174.79
"10870",2015-03-17,"2015",2015,168,NA,0.8,0.33,175.12
"10871",2015-03-18,"2015",2015,169,NA,1.2,0.36,175.48
"10872",2015-03-19,"2015",2015,170,NA,1.4,0.35,175.83
"10873",2015-03-20,"2015",2015,171,NA,1.1,0.32,176.15
"10874",2015-03-21,"2015",2015,172,NA,1,0.34,176.49
"10875",2015-03-22,"2015",2015,173,NA,1.2,0.36,176.85
"10876",2015-03-23,"2015",2015,174,NA,1.4,0.4,177.25
"10877",2015-03-24,"2015",2015,175,NA,0.9,0.4,177.65
"10878",2015-03-25,"2015",2015,176,NA,0.8,0.37,178.02
"10879",2015-03-26,"2015",2015,177,NA,0,0.36,178.38
"10880",2015-03-27,"2015",2015,178,NA,1,0.36,178.74
"10881",2015-03-28,"2015",2015,179,NA,1.6,0.38,179.12
"10882",2015-03-29,"2015",2015,180,NA,1.7,0.42,179.54
"10883",2015-03-30,"2015",2015,181,NA,1.9,0.5,180.04
"10884",2015-03-31,"2015",2015,182,NA,2,0.62,180.66
"10885",2015-04-01,"2015",2015,183,NA,1.8,0.79,181.45
"10886",2015-04-02,"2015",2015,184,NA,1.1,0.7,182.15
"10887",2015-04-03,"2015",2015,185,NA,0.2,0.61,182.76
"10888",2015-04-04,"2015",2015,186,NA,0.3,0.52,183.28
"10889",2015-04-05,"2015",2015,187,NA,1.7,0.51,183.79
"10890",2015-04-06,"2015",2015,188,NA,1.8,0.52,184.31
"10891",2015-04-07,"2015",2015,189,16.55,2.4,0.55,184.86
"10892",2015-04-08,"2015",2015,190,16.24,3.1,0.58,185.44
"10893",2015-04-09,"2015",2015,191,15.93,2.7,0.73,186.17
"10894",2015-04-10,"2015",2015,192,15.99,3.1,1.15,187.32
"10895",2015-04-11,"2015",2015,193,16.09,3.3,1.37,188.69
"10896",2015-04-12,"2015",2015,194,16.81,2.8,1.27,189.96
"10897",2015-04-13,"2015",2015,195,17.11,3.1,1.29,191.25
"10898",2015-04-14,"2015",2015,196,17.16,3.7,1.5,192.75
"10899",2015-04-15,"2015",2015,197,17.08,2.9,1.57,194.32
"10900",2015-04-16,"2015",2015,198,16.86,2.4,1.83,196.15
"10901",2015-04-17,"2015",2015,199,16.88,2,1.66,197.81
"10902",2015-04-18,"2015",2015,200,17.17,1.8,1.37,199.18
"10903",2015-04-19,"2015",2015,201,17.53,1.5,1.1,200.28
"10904",2015-04-20,"2015",2015,202,18.14,1.2,0.92,201.2
"10905",2015-04-21,"2015",2015,203,18.57,1.5,0.78,201.98
"10906",2015-04-22,"2015",2015,204,18.9,1.3,0.71,202.69
"10907",2015-04-23,"2015",2015,205,19.48,1.6,0.71,203.4
"10908",2015-04-24,"2015",2015,206,19.46,1.4,0.7,204.1
"10909",2015-04-25,"2015",2015,207,19.45,1.6,0.76,204.86
"10910",2015-04-26,"2015",2015,208,19.32,1.5,0.74,205.6
"10911",2015-04-27,"2015",2015,209,19.17,1.5,0.73,206.33
"10912",2015-04-28,"2015",2015,210,18.71,1.7,0.97,207.3
"10913",2015-04-29,"2015",2015,211,18.24,1.9,1.84,209.14
"10914",2015-04-30,"2015",2015,212,18.81,2.1,3.63,212.77
"10915",2015-05-01,"2015",2015,213,17.47,2,5.46,218.23
"10916",2015-05-02,"2015",2015,214,16.32,2,5.3,223.53
"10917",2015-05-03,"2015",2015,215,16.33,2,4.74,228.27
"10918",2015-05-04,"2015",2015,216,16.51,2.1,4.81,233.08
"10919",2015-05-05,"2015",2015,217,16.25,1.8,5.66,238.74
"10920",2015-05-06,"2015",2015,218,16.62,1.9,7.61,246.35
"10921",2015-05-07,"2015",2015,219,16.47,1.7,6.54,252.89
"10922",2015-05-08,"2015",2015,220,16.65,2.1,5.74,258.63
"10923",2015-05-09,"2015",2015,221,16.81,1.9,4.49,263.12
"10924",2015-05-10,"2015",2015,222,17.21,1.9,3.49,266.61
"10925",2015-05-11,"2015",2015,223,17.5,2.7,3.06,269.67
"10926",2015-05-12,"2015",2015,224,18.08,3.7,3.15,272.82
"10927",2015-05-13,"2015",2015,225,18.63,3.8,3.51,276.33
"10928",2015-05-14,"2015",2015,226,18.03,3.7,4.28,280.61
"10929",2015-05-15,"2015",2015,227,17.35,3.5,4.15,284.76
"10930",2015-05-16,"2015",2015,228,17.25,2.4,4.02,288.78
"10931",2015-05-17,"2015",2015,229,16.86,2.4,3.61,292.39
"10932",2015-05-18,"2015",2015,230,16.84,2.8,3.46,295.85
"10933",2015-05-19,"2015",2015,231,17.14,2.4,3.19,299.04
"10934",2015-05-20,"2015",2015,232,17.3,2.8,3.18,302.22
"10935",2015-05-21,"2015",2015,233,17.05,3.7,3.75,305.97
"10936",2015-05-22,"2015",2015,234,17.27,3.6,4.03,310
"10937",2015-05-23,"2015",2015,235,17.09,2.9,4.31,314.31
"10938",2015-05-24,"2015",2015,236,17.34,3.6,4.93,319.24
"10939",2015-05-25,"2015",2015,237,17.28,4.4,5.53,324.77
"10940",2015-05-26,"2015",2015,238,17.3,4.4,7.6,332.37
"10941",2015-05-27,"2015",2015,239,17.08,4.4,10.7,343.07
"10942",2015-05-28,"2015",2015,240,16.88,4,9.88,352.95
"10943",2015-05-29,"2015",2015,241,16.85,4,9.53,362.48
"10944",2015-05-30,"2015",2015,242,16.92,5.1,20,382.48
"10945",2015-05-31,"2015",2015,243,16.47,5.2,31.7,414.18
"10946",2015-06-01,"2015",2015,244,16.01,3.5,34.4,448.58
"10947",2015-06-02,"2015",2015,245,15.87,3.6,34.3,482.88
"10948",2015-06-03,"2015",2015,246,15.73,3.9,39.1,521.98
"10949",2015-06-04,"2015",2015,247,15.47,4.2,36.6,558.58
"10950",2015-06-05,"2015",2015,248,15.29,3.4,33.9,592.48
"10951",2015-06-06,"2015",2015,249,15.16,3.7,32.5,624.98
"10952",2015-06-07,"2015",2015,250,14.86,4.3,32.5,657.48
"10953",2015-06-08,"2015",2015,251,14.55,4.9,37.2,694.68
"10954",2015-06-09,"2015",2015,252,14,5,40.7,735.38
"10955",2015-06-10,"2015",2015,253,13.72,3.6,51.6,786.98
"10956",2015-06-11,"2015",2015,254,13.39,3.6,53.7,840.68
"10957",2015-06-12,"2015",2015,255,12.77,4.3,47.8,888.48
"10958",2015-06-13,"2015",2015,256,12.53,4.8,35.7,924.18
"10959",2015-06-14,"2015",2015,257,12.5,4.7,31.6,955.78
"10960",2015-06-15,"2015",2015,258,12.58,5,39.6,995.38
"10961",2015-06-16,"2015",2015,259,12.58,4.8,41.1,1036.48
"10962",2015-06-17,"2015",2015,260,12.91,5.3,38.2,1074.68
"10963",2015-06-18,"2015",2015,261,13.03,5.8,42.2,1116.88
"10964",2015-06-19,"2015",2015,262,12.73,6.9,38.7,1155.58
"10965",2015-06-20,"2015",2015,263,12.44,7.2,34.1,1189.68
"10966",2015-06-21,"2015",2015,264,12.19,7.3,34.7,1224.38
"10967",2015-06-22,"2015",2015,265,11.95,7.6,31.3,1255.68
"10968",2015-06-23,"2015",2015,266,11.7,8.2,26.4,1282.08
"10969",2015-06-24,"2015",2015,267,11.54,7.4,21.6,1303.68
"10970",2015-06-25,"2015",2015,268,11.59,7.9,24.9,1328.58
"10971",2015-06-26,"2015",2015,269,11.39,8,23,1351.58
"10972",2015-06-27,"2015",2015,270,11.29,8.4,20.4,1371.98
"10973",2015-06-28,"2015",2015,271,11.2,8.5,19.5,1391.48
"10974",2015-06-29,"2015",2015,272,11.24,8.9,22.3,1413.78
"10975",2015-06-30,"2015",2015,273,11.09,9.7,24.1,1437.88
"10976",2015-07-01,"2015",2015,274,10.86,9,22.3,1460.18
"10977",2015-07-02,"2015",2015,275,10.81,9.3,21.3,1481.48
"10978",2015-07-03,"2015",2015,276,10.7,9.7,20.8,1502.28
"10979",2015-07-04,"2015",2015,277,10.61,10.4,21.2,1523.48
"10980",2015-07-05,"2015",2015,278,10.46,10.5,23.9,1547.38
"10981",2015-07-06,"2015",2015,279,10.14,9.3,23.5,1570.88
"10982",2015-07-07,"2015",2015,280,10.08,8.1,37.8,1608.68
"10983",2015-07-08,"2015",2015,281,10.24,7.3,42.9,1651.58
"10984",2015-07-09,"2015",2015,282,10.57,7,24.5,1676.08
"10985",2015-07-10,"2015",2015,283,10.79,8.2,19.7,1695.78
"10986",2015-07-11,"2015",2015,284,10.9,8.7,18.1,1713.88
"10987",2015-07-12,"2015",2015,285,10.79,9.4,18.2,1732.08
"10988",2015-07-13,"2015",2015,286,10.69,9.5,16.2,1748.28
"10989",2015-07-14,"2015",2015,287,10.66,9.1,15.6,1763.88
"10990",2015-07-15,"2015",2015,288,10.59,9.2,14.8,1778.68
"10991",2015-07-16,"2015",2015,289,10.52,9,14,1792.68
"10992",2015-07-17,"2015",2015,290,10.52,9.6,13.5,1806.18
"10993",2015-07-18,"2015",2015,291,10.58,10.5,12.4,1818.58
"10994",2015-07-19,"2015",2015,292,10.63,10,11.6,1830.18
"10995",2015-07-20,"2015",2015,293,10.7,10,11.4,1841.58
"10996",2015-07-21,"2015",2015,294,10.74,10.3,11.6,1853.18
"10997",2015-07-22,"2015",2015,295,10.82,10.7,12.3,1865.48
"10998",2015-07-23,"2015",2015,296,10.78,11.4,12.1,1877.58
"10999",2015-07-24,"2015",2015,297,10.8,11.5,11.1,1888.68
"11000",2015-07-25,"2015",2015,298,10.83,11.7,11.4,1900.08
"11001",2015-07-26,"2015",2015,299,10.82,12.6,10.8,1910.88
"11002",2015-07-27,"2015",2015,300,10.83,12.4,10.8,1921.68
"11003",2015-07-28,"2015",2015,301,10.68,11.3,10.4,1932.08
"11004",2015-07-29,"2015",2015,302,10.78,12.5,9.71,1941.79
"11005",2015-07-30,"2015",2015,303,10.84,13.1,9.29,1951.08
"11006",2015-07-31,"2015",2015,304,10.91,13.6,9.04,1960.12
"11007",2015-08-01,"2015",2015,305,10.97,13.7,9.14,1969.26
"11008",2015-08-02,"2015",2015,306,11.03,13.3,9.25,1978.51
"11009",2015-08-03,"2015",2015,307,11.02,12.6,8.04,1986.55
"11010",2015-08-04,"2015",2015,308,11.03,11,7.8,1994.35
"11011",2015-08-05,"2015",2015,309,11.1,11.5,7.86,2002.21
"11012",2015-08-06,"2015",2015,310,11.1,11.8,7.89,2010.1
"11013",2015-08-07,"2015",2015,311,11.18,11.8,7.03,2017.13
"11014",2015-08-08,"2015",2015,312,11.19,11.1,6.64,2023.77
"11015",2015-08-09,"2015",2015,313,11.28,11.4,6.52,2030.29
"11016",2015-08-10,"2015",2015,314,11.27,11.7,6.26,2036.55
"11017",2015-08-11,"2015",2015,315,11.3,11.9,6.18,2042.73
"11018",2015-08-12,"2015",2015,316,11.36,12.3,6.81,2049.54
"11019",2015-08-13,"2015",2015,317,11.42,12.7,7.67,2057.21
"11020",2015-08-14,"2015",2015,318,11.43,13,8.24,2065.45
"11021",2015-08-15,"2015",2015,319,11.33,12.9,9.19,2074.64
"11022",2015-08-16,"2015",2015,320,11.3,13.2,8.99,2083.63
"11023",2015-08-17,"2015",2015,321,11.26,13,7.74,2091.37
"11024",2015-08-18,"2015",2015,322,11.08,11.8,6.73,2098.1
"11025",2015-08-19,"2015",2015,323,10.55,11.5,5.73,2103.83
"11026",2015-08-20,"2015",2015,324,10.47,11.4,5.28,2109.11
"11027",2015-08-21,"2015",2015,325,10.55,11.3,5.09,2114.2
"11028",2015-08-22,"2015",2015,326,10.63,11.3,5.25,2119.45
"11029",2015-08-23,"2015",2015,327,10.7,11.8,5.21,2124.66
"11030",2015-08-24,"2015",2015,328,10.84,12,5.17,2129.83
"11031",2015-08-25,"2015",2015,329,10.94,12.8,5.24,2135.07
"11032",2015-08-26,"2015",2015,330,11.09,13.1,5.8,2140.87
"11033",2015-08-27,"2015",2015,331,11.11,12,6.88,2147.75
"11034",2015-08-28,"2015",2015,332,11.02,11.7,6.94,2154.69
"11035",2015-08-29,"2015",2015,333,11.09,12.8,6.33,2161.02
"11036",2015-08-30,"2015",2015,334,11.02,12.6,5.92,2166.94
"11037",2015-08-31,"2015",2015,335,11.04,11.6,5.33,2172.27
"11038",2015-09-01,"2015",2015,336,11.07,11,4.71,2176.98
"11039",2015-09-02,"2015",2015,337,11.14,11.1,4.84,2181.82
"11040",2015-09-03,"2015",2015,338,11.24,11,4.8,2186.62
"11041",2015-09-04,"2015",2015,339,11.24,9.7,4.75,2191.37
"11042",2015-09-05,"2015",2015,340,11.26,9.9,4.53,2195.9
"11043",2015-09-06,"2015",2015,341,11.31,9.5,4.49,2200.39
"11044",2015-09-07,"2015",2015,342,11.36,9.1,4.32,2204.71
"11045",2015-09-08,"2015",2015,343,11.4,8.8,3.87,2208.58
"11046",2015-09-09,"2015",2015,344,11.62,8.8,3.6,2212.18
"11047",2015-09-10,"2015",2015,345,11.82,9.3,3.52,2215.7
"11048",2015-09-11,"2015",2015,346,12.09,10.1,3.52,2219.22
"11049",2015-09-12,"2015",2015,347,12.28,11.1,3.37,2222.59
"11050",2015-09-13,"2015",2015,348,12.46,11.2,3.11,2225.7
"11051",2015-09-14,"2015",2015,349,12.52,10.3,2.75,2228.45
"11052",2015-09-15,"2015",2015,350,12.39,8.7,2.71,2231.16
"11053",2015-09-16,"2015",2015,351,12.38,8.6,2.67,2233.83
"11054",2015-09-17,"2015",2015,352,12.49,8.2,2.62,2236.45
"11055",2015-09-18,"2015",2015,353,12.57,8.5,2.58,2239.03
"11056",2015-09-19,"2015",2015,354,12.74,8.3,2.54,2241.57
"11057",2015-09-20,"2015",2015,355,12.95,7.6,2.5,2244.07
"11058",2015-09-21,"2015",2015,356,13.15,7.9,2.46,2246.53
"11059",2015-09-22,"2015",2015,357,13.26,8.5,2.43,2248.96
"11060",2015-09-23,"2015",2015,358,13.44,9.1,2.39,2251.35
"11061",2015-09-24,"2015",2015,359,13.61,9.6,2.39,2253.74
"11062",2015-09-25,"2015",2015,360,13.68,10.2,2.43,2256.17
"11063",2015-09-26,"2015",2015,361,13.83,11,2.48,2258.65
"11064",2015-09-27,"2015",2015,362,13.96,11.7,2.32,2260.97
"11065",2015-09-28,"2015",2015,363,14.04,10.8,2.32,2263.29
"11066",2015-09-29,"2015",2015,364,14.1,10.6,2.12,2265.41
"11067",2015-09-30,"2015",2015,365,14.18,9.5,NA,NA
"11068",2015-10-01,"2015",2016,1,14.22,9.1,1.87,1.87
"11069",2015-10-02,"2015",2016,2,14.25,9.1,1.86,3.73
"11070",2015-10-03,"2015",2016,3,14.35,8.4,1.86,5.59
"11071",2015-10-04,"2015",2016,4,14.37,8.8,1.91,7.5
"11072",2015-10-05,"2015",2016,5,14.58,8.4,1.84,9.34
"11073",2015-10-06,"2015",2016,6,14.49,7.6,1.8,11.14
"11074",2015-10-07,"2015",2016,7,14.38,7.4,1.82,12.96
"11075",2015-10-08,"2015",2016,8,14.6,7.3,1.8,14.76
"11076",2015-10-09,"2015",2016,9,14.61,7.6,1.74,16.5
"11077",2015-10-10,"2015",2016,10,14.86,6.8,1.56,18.06
"11078",2015-10-11,"2015",2016,11,14.95,6.5,1.39,19.45
"11079",2015-10-12,"2015",2016,12,15.05,4.9,1.24,20.69
"11080",2015-10-13,"2015",2016,13,15.14,4.5,1.28,21.97
"11081",2015-10-14,"2015",2016,14,15.24,4.5,1.34,23.31
"11082",2015-10-15,"2015",2016,15,15.33,4.7,1.42,24.73
"11083",2015-10-16,"2015",2016,16,15.42,5.4,1.5,26.23
"11084",2015-10-17,"2015",2016,17,15.52,5.7,1.58,27.81
"11085",2015-10-18,"2015",2016,18,15.61,5.9,1.62,29.43
"11086",2015-10-19,"2015",2016,19,15.71,5.4,1.61,31.04
"11087",2015-10-20,"2015",2016,20,15.8,4.6,1.52,32.56
"11088",2015-10-21,"2015",2016,21,15.9,3.5,1.52,34.08
"11089",2015-10-22,"2015",2016,22,15.99,2.4,1.52,35.6
"11090",2015-10-23,"2015",2016,23,16.08,2.2,1.46,37.06
"11091",2015-10-24,"2015",2016,24,16.18,1.8,1.33,38.39
"11092",2015-10-25,"2015",2016,25,16.27,1.9,1.29,39.68
"11093",2015-10-26,"2015",2016,26,16.37,2,1.32,41
"11094",2015-10-27,"2015",2016,27,16.46,0.8,1.29,42.29
"11095",2015-10-28,"2015",2016,28,16.55,0,1.14,43.43
"11096",2015-10-29,"2015",2016,29,16.65,0.2,1.09,44.52
"11097",2015-10-30,"2015",2016,30,16.74,0.2,1.16,45.68
"11098",2015-10-31,"2015",2016,31,16.84,0.4,1.14,46.82
"11099",2015-11-01,"2015",2016,32,16.93,0.8,1.12,47.94
"11100",2015-11-02,"2015",2016,33,17.02,1.2,1.12,49.06
"11101",2015-11-03,"2015",2016,34,17.18,2.1,1.16,50.22
"11102",2015-11-04,"2015",2016,35,17.21,2.5,1.19,51.41
"11103",2015-11-05,"2015",2016,36,17.18,1.6,1.24,52.65
"11104",2015-11-06,"2015",2016,37,17.25,1.8,1.14,53.79
"11105",2015-11-07,"2015",2016,38,17.9,1.8,1.1,54.89
"11106",2015-11-08,"2015",2016,39,18.32,2.6,1.11,56
"11107",2015-11-09,"2015",2016,40,18.51,2.3,1.04,57.04
"11108",2015-11-10,"2015",2016,41,18.75,2.7,1.02,58.06
"11109",2015-11-11,"2015",2016,42,18.81,1.2,0.99,59.05
"11110",2015-11-12,"2015",2016,43,19.16,1.4,0.86,59.91
"11111",2015-11-13,"2015",2016,44,19.72,2,0.85,60.76
"11112",2015-11-14,"2015",2016,45,19.82,2.4,0.85,61.61
"11113",2015-11-15,"2015",2016,46,19.94,2.1,0.78,62.39
"11114",2015-11-16,"2015",2016,47,20.14,2.5,0.81,63.2
"11115",2015-11-17,"2015",2016,48,20.39,1.7,0.77,63.97
"11116",2015-11-18,"2015",2016,49,20.9,0.6,0.7,64.67
"11117",2015-11-19,"2015",2016,50,21.57,1.1,0.67,65.34
"11118",2015-11-20,"2015",2016,51,21.75,1.2,0.63,65.97
"11119",2015-11-21,"2015",2016,52,21.46,0.6,0.53,66.5
"11120",2015-11-22,"2015",2016,53,21.46,1.1,0.46,66.96
"11121",2015-11-23,"2015",2016,54,21.71,1.4,0.45,67.41
"11122",2015-11-24,"2015",2016,55,21.73,1.5,0.44,67.85
"11123",2015-11-25,"2015",2016,56,21.73,1.7,0.47,68.32
"11124",2015-11-26,"2015",2016,57,21.74,1.7,0.52,68.84
"11125",2015-11-27,"2015",2016,58,22.84,1.3,0.52,69.36
"11126",2015-11-28,"2015",2016,59,23.49,0.9,0.43,69.79
"11127",2015-11-29,"2015",2016,60,23.57,0.8,0.3,70.09
"11128",2015-11-30,"2015",2016,61,22.96,0.3,0.24,70.33
"11129",2015-12-01,"2015",2016,62,21.99,0.6,0.25,70.58
"11130",2015-12-02,"2015",2016,63,21.91,1.1,0.27,70.85
"11131",2015-12-03,"2015",2016,64,22.26,1.2,0.26,71.11
"11132",2015-12-04,"2015",2016,65,22.33,1.3,0.26,71.37
"11133",2015-12-05,"2015",2016,66,22.46,1.3,0.24,71.61
"11134",2015-12-06,"2015",2016,67,22.87,1.2,0.24,71.85
"11135",2015-12-07,"2015",2016,68,22.82,1.3,0.25,72.1
"11136",2015-12-08,"2015",2016,69,22.77,1.2,0.25,72.35
"11137",2015-12-09,"2015",2016,70,23.02,1.3,0.25,72.6
"11138",2015-12-10,"2015",2016,71,22.96,1.5,0.25,72.85
"11139",2015-12-11,"2015",2016,72,23.47,1.3,0.26,73.11
"11140",2015-12-12,"2015",2016,73,24.79,1,0.24,73.35
"11141",2015-12-13,"2015",2016,74,24.89,0.7,0.23,73.58
"11142",2015-12-14,"2015",2016,75,24.56,0.6,0.22,73.8
"11143",2015-12-15,"2015",2016,76,23.96,0.6,0.21,74.01
"11144",2015-12-16,"2015",2016,77,23.55,0.3,0.24,74.25
"11145",2015-12-17,"2015",2016,78,23.32,0.4,0.25,74.5
"11146",2015-12-18,"2015",2016,79,23.74,0.5,0.25,74.75
"11147",2015-12-19,"2015",2016,80,24.51,0.5,0.29,75.04
"11148",2015-12-20,"2015",2016,81,24.36,0.5,0.29,75.33
"11149",2015-12-21,"2015",2016,82,24.47,0.5,0.24,75.57
"11150",2015-12-22,"2015",2016,83,24.97,0.4,0.23,75.8
"11151",2015-12-23,"2015",2016,84,25.36,0.4,0.28,76.08
"11152",2015-12-24,"2015",2016,85,24.75,0.3,0.32,76.4
"11153",2015-12-25,"2015",2016,86,24.93,0.3,0.36,76.76
"11154",2015-12-26,"2015",2016,87,24.42,0.3,0.37,77.13
"11155",2015-12-27,"2015",2016,88,24.24,0.3,0.32,77.45
"11156",2015-12-28,"2015",2016,89,24.55,0.2,0.27,77.72
"11157",2015-12-29,"2015",2016,90,25.04,0.3,0.24,77.96
"11158",2015-12-30,"2015",2016,91,25.44,0.3,0.2,78.16
"11159",2015-12-31,"2015",2016,92,25.92,0.3,0.17,78.33
"11160",2016-01-01,"2016",2016,93,26.35,0.3,0.15,78.48
"11161",2016-01-02,"2016",2016,94,27,0.3,0.15,78.63
"11162",2016-01-03,"2016",2016,95,27.7,0.2,0.15,78.78
"11163",2016-01-04,"2016",2016,96,28.38,0.2,0.15,78.93
"11164",2016-01-05,"2016",2016,97,28.67,0.2,0.16,79.09
"11165",2016-01-06,"2016",2016,98,28.63,0.2,0.17,79.26
"11166",2016-01-07,"2016",2016,99,29.38,0.2,0.18,79.44
"11167",2016-01-08,"2016",2016,100,28.87,0.2,0.18,79.62
"11168",2016-01-09,"2016",2016,101,28.07,0.1,0.19,79.81
"11169",2016-01-10,"2016",2016,102,27.33,0.1,0.19,80
"11170",2016-01-11,"2016",2016,103,27.45,0.1,0.2,80.2
"11171",2016-01-12,"2016",2016,104,27.83,0.1,0.21,80.41
"11172",2016-01-13,"2016",2016,105,28.32,0,0.2,80.61
"11173",2016-01-14,"2016",2016,106,29.94,0,0.18,80.79
"11174",2016-01-15,"2016",2016,107,29.72,0,0.21,81
"11175",2016-01-16,"2016",2016,108,29.4,0,0.22,81.22
"11176",2016-01-17,"2016",2016,109,29.21,0,0.23,81.45
"11177",2016-01-18,"2016",2016,110,28.95,0,0.24,81.69
"11178",2016-01-19,"2016",2016,111,28.83,0,0.22,81.91
"11179",2016-01-20,"2016",2016,112,28.77,0,0.21,82.12
"11180",2016-01-21,"2016",2016,113,28.63,0,0.21,82.33
"11181",2016-01-22,"2016",2016,114,28.72,0,0.21,82.54
"11182",2016-01-23,"2016",2016,115,28.75,0,0.24,82.78
"11183",2016-01-24,"2016",2016,116,28.13,0,0.23,83.01
"11184",2016-01-25,"2016",2016,117,28.07,0,0.24,83.25
"11185",2016-01-26,"2016",2016,118,28.24,0,0.23,83.48
"11186",2016-01-27,"2016",2016,119,28.54,0,0.22,83.7
"11187",2016-01-28,"2016",2016,120,28.19,0,0.22,83.92
"11188",2016-01-29,"2016",2016,121,28.08,0,0.23,84.15
"11189",2016-01-30,"2016",2016,122,28.45,0,0.24,84.39
"11190",2016-01-31,"2016",2016,123,27.7,0,0.25,84.64
"11191",2016-02-01,"2016",2016,124,28.81,0,0.28,84.92
"11192",2016-02-02,"2016",2016,125,26.92,0,0.3,85.22
"11193",2016-02-03,"2016",2016,126,26.53,0,0.29,85.51
"11194",2016-02-04,"2016",2016,127,27.43,0,0.25,85.76
"11195",2016-02-05,"2016",2016,128,28.58,0,0.21,85.97
"11196",2016-02-06,"2016",2016,129,28.3,0,0.2,86.17
"11197",2016-02-07,"2016",2016,130,27.21,0,0.17,86.34
"11198",2016-02-08,"2016",2016,131,26.71,0,0.16,86.5
"11199",2016-02-09,"2016",2016,132,27.02,-0.1,0.15,86.65
"11200",2016-02-10,"2016",2016,133,26.91,0,0.15,86.8
"11201",2016-02-11,"2016",2016,134,26.55,0,0.15,86.95
"11202",2016-02-12,"2016",2016,135,26.29,0,0.14,87.09
"11203",2016-02-13,"2016",2016,136,24.9,0,0.14,87.23
"11204",2016-02-14,"2016",2016,137,24.29,0,0.15,87.38
"11205",2016-02-15,"2016",2016,138,24.28,-0.1,0.17,87.55
"11206",2016-02-16,"2016",2016,139,24.16,0,0.18,87.73
"11207",2016-02-17,"2016",2016,140,24.73,0,0.17,87.9
"11208",2016-02-18,"2016",2016,141,24.76,0,0.16,88.06
"11209",2016-02-19,"2016",2016,142,24.38,0,0.17,88.23
"11210",2016-02-20,"2016",2016,143,24.2,0,0.16,88.39
"11211",2016-02-21,"2016",2016,144,24.19,0,0.15,88.54
"11212",2016-02-22,"2016",2016,145,24.18,0,0.15,88.69
"11213",2016-02-23,"2016",2016,146,24.37,0,0.16,88.85
"11214",2016-02-24,"2016",2016,147,24.67,0,0.15,89
"11215",2016-02-25,"2016",2016,148,24.81,0,0.13,89.13
"11216",2016-02-26,"2016",2016,149,24.81,0,0.12,89.25
"11217",2016-02-27,"2016",2016,150,24.87,0,0.13,89.38
"11218",2016-02-28,"2016",2016,151,24.7,0,0.13,89.51
"11219",2016-02-29,"2016",2016,152,24.52,0.1,0.13,89.64
"11220",2016-03-01,"2016",2016,153,23.83,0,0.13,89.77
"11221",2016-03-02,"2016",2016,154,23.48,0,0.13,89.9
"11222",2016-03-03,"2016",2016,155,21.97,0,0.12,90.02
"11223",2016-03-04,"2016",2016,156,23.15,0,0.12,90.14
"11224",2016-03-05,"2016",2016,157,22.85,0.1,0.11,90.25
"11225",2016-03-06,"2016",2016,158,22.81,0.1,0.12,90.37
"11226",2016-03-07,"2016",2016,159,23.14,0.1,0.12,90.49
"11227",2016-03-08,"2016",2016,160,21.93,0.1,0.11,90.6
"11228",2016-03-09,"2016",2016,161,21.54,0,0.1,90.7
"11229",2016-03-10,"2016",2016,162,21.98,0,0.09,90.79
"11230",2016-03-11,"2016",2016,163,21.77,0.1,0.1,90.89
"11231",2016-03-12,"2016",2016,164,22.99,0.2,0.1,90.99
"11232",2016-03-13,"2016",2016,165,23.29,0.2,0.09,91.08
"11233",2016-03-14,"2016",2016,166,21.25,0.2,0.1,91.18
"11234",2016-03-15,"2016",2016,167,20.1,0.2,0.1,91.28
"11235",2016-03-16,"2016",2016,168,18.85,0.1,0.11,91.39
"11236",2016-03-17,"2016",2016,169,18.58,0.1,0.11,91.5
"11237",2016-03-18,"2016",2016,170,18.36,0.1,0.1,91.6
"11238",2016-03-19,"2016",2016,171,18.8,0.1,0.09,91.69
"11239",2016-03-20,"2016",2016,172,19.31,0.1,0.07,91.76
"11240",2016-03-21,"2016",2016,173,20.49,0.1,0.06,91.82
"11241",2016-03-22,"2016",2016,174,20.98,0.1,0.06,91.88
"11242",2016-03-23,"2016",2016,175,21.25,0.2,0.06,91.94
"11243",2016-03-24,"2016",2016,176,21.24,0.2,0.06,92
"11244",2016-03-25,"2016",2016,177,21.37,0.2,0.06,92.06
"11245",2016-03-26,"2016",2016,178,21.62,0.2,0.06,92.12
"11246",2016-03-27,"2016",2016,179,21.99,0.2,0.06,92.18
"11247",2016-03-28,"2016",2016,180,21.5,0.2,0.06,92.24
"11248",2016-03-29,"2016",2016,181,21.45,0.2,0.06,92.3
"11249",2016-03-30,"2016",2016,182,21.2,0.3,0.05,92.35
"11250",2016-03-31,"2016",2016,183,20.48,0.2,0.05,92.4
"11251",2016-04-01,"2016",2016,184,21.11,0.2,0.06,92.46
"11252",2016-04-02,"2016",2016,185,20.94,0.2,0.05,92.51
"11253",2016-04-03,"2016",2016,186,20.98,0.2,0.05,92.56
"11254",2016-04-04,"2016",2016,187,20.88,0.3,0.05,92.61
"11255",2016-04-05,"2016",2016,188,20.53,0.3,0.06,92.67
"11256",2016-04-06,"2016",2016,189,20.07,0.3,0.06,92.73
"11257",2016-04-07,"2016",2016,190,19.94,0.4,0.06,92.79
"11258",2016-04-08,"2016",2016,191,19.91,0.6,0.07,92.86
"11259",2016-04-09,"2016",2016,192,19.62,0.7,0.1,92.96
"11260",2016-04-10,"2016",2016,193,19.46,1,0.14,93.1
"11261",2016-04-11,"2016",2016,194,18.72,1.3,0.17,93.27
"11262",2016-04-12,"2016",2016,195,17.81,1.4,0.19,93.46
"11263",2016-04-13,"2016",2016,196,17.37,1.7,0.27,93.73
"11264",2016-04-14,"2016",2016,197,16.63,1.9,0.46,94.19
"11265",2016-04-15,"2016",2016,198,15.64,0.8,0.8,94.99
"11266",2016-04-16,"2016",2016,199,15.39,0.8,1.19,96.18
"11267",2016-04-17,"2016",2016,200,15.87,0.9,1.48,97.66
"11268",2016-04-18,"2016",2016,201,16.89,0.7,1.34,99
"11269",2016-04-19,"2016",2016,202,17.52,0.7,1.18,100.18
"11270",2016-04-20,"2016",2016,203,17.99,0.8,1.06,101.24
"11271",2016-04-21,"2016",2016,204,18.08,0.9,0.95,102.19
"11272",2016-04-22,"2016",2016,205,17.96,1.2,1.04,103.23
"11273",2016-04-23,"2016",2016,206,17.36,1.9,1.6,104.83
"11274",2016-04-24,"2016",2016,207,17,1.8,1.79,106.62
"11275",2016-04-25,"2016",2016,208,16.58,1.7,1.58,108.2
"11276",2016-04-26,"2016",2016,209,16.05,1.8,1.6,109.8
"11277",2016-04-27,"2016",2016,210,16.11,1.5,1.48,111.28
"11278",2016-04-28,"2016",2016,211,16.06,1.3,1.22,112.5
"11279",2016-04-29,"2016",2016,212,16.11,1.1,1.09,113.59
"11280",2016-04-30,"2016",2016,213,16.09,1,0.96,114.55
"11281",2016-05-01,"2016",2016,214,16.48,0.7,0.82,115.37
"11282",2016-05-02,"2016",2016,215,16.95,0.9,0.71,116.08
"11283",2016-05-03,"2016",2016,216,17.24,1,0.64,116.72
"11284",2016-05-04,"2016",2016,217,17.59,1.2,0.7,117.42
"11285",2016-05-05,"2016",2016,218,17.48,1.8,1.44,118.86
"11286",2016-05-06,"2016",2016,219,16.43,2.1,2.83,121.69
"11287",2016-05-07,"2016",2016,220,14.66,1.4,5.17,126.86
"11288",2016-05-08,"2016",2016,221,14.31,1.1,4.19,131.05
"11289",2016-05-09,"2016",2016,222,15.51,1.1,3.24,134.29
"11290",2016-05-10,"2016",2016,223,15.68,1.1,2.66,136.95
"11291",2016-05-11,"2016",2016,224,15.63,1.2,2.14,139.09
"11292",2016-05-12,"2016",2016,225,15.87,1.7,1.86,140.95
"11293",2016-05-13,"2016",2016,226,15.92,2.2,2.02,142.97
"11294",2016-05-14,"2016",2016,227,15.79,2.6,2.94,145.91
"11295",2016-05-15,"2016",2016,228,14.94,2.5,5.13,151.04
"11296",2016-05-16,"2016",2016,229,13.73,1.8,6.84,157.88
"11297",2016-05-17,"2016",2016,230,14.57,1.3,5.44,163.32
"11298",2016-05-18,"2016",2016,231,15.39,1.5,4.1,167.42
"11299",2016-05-19,"2016",2016,232,15.96,2.3,5.5,172.92
"11300",2016-05-20,"2016",2016,233,14.94,2.1,9.45,182.37
"11301",2016-05-21,"2016",2016,234,14.51,2.4,13.2,195.57
"11302",2016-05-22,"2016",2016,235,14.6,2.4,15.3,210.87
"11303",2016-05-23,"2016",2016,236,14.35,1.7,12.9,223.77
"11304",2016-05-24,"2016",2016,237,14.38,2.5,9.85,233.62
"11305",2016-05-25,"2016",2016,238,14.58,2.4,10.3,243.92
"11306",2016-05-26,"2016",2016,239,14.49,2.6,9.14,253.06
"11307",2016-05-27,"2016",2016,240,14.94,2.7,7.08,260.14
"11308",2016-05-28,"2016",2016,241,14.89,2.9,6.03,266.17
"11309",2016-05-29,"2016",2016,242,14.86,3.4,6.8,272.97
"11310",2016-05-30,"2016",2016,243,14.43,3.3,9.2,282.17
"11311",2016-05-31,"2016",2016,244,14.11,3.2,10.5,292.67
"11312",2016-06-01,"2016",2016,245,13.95,4.9,14.7,307.37
"11313",2016-06-02,"2016",2016,246,13.77,5,19.2,326.57
"11314",2016-06-03,"2016",2016,247,13.72,5,25,351.57
"11315",2016-06-04,"2016",2016,248,13.53,4.9,30.1,381.67
"11316",2016-06-05,"2016",2016,249,13.58,4.7,32.1,413.77
"11317",2016-06-06,"2016",2016,250,13.57,4.5,31.3,445.07
"11318",2016-06-07,"2016",2016,251,13.32,4.2,31.8,476.87
"11319",2016-06-08,"2016",2016,252,13.26,4.5,29.7,506.57
"11320",2016-06-09,"2016",2016,253,12.87,5.6,36.5,543.07
"11321",2016-06-10,"2016",2016,254,12.39,5.8,39,582.07
"11322",2016-06-11,"2016",2016,255,12.18,5.7,37.5,619.57
"11323",2016-06-12,"2016",2016,256,11.77,5.9,41.4,660.97
"11324",2016-06-13,"2016",2016,257,11.86,5.5,34.4,695.37
"11325",2016-06-14,"2016",2016,258,11.88,5,29.9,725.27
"11326",2016-06-15,"2016",2016,259,12.07,6.5,24.6,749.87
"11327",2016-06-16,"2016",2016,260,11.96,7,24.7,774.57
"11328",2016-06-17,"2016",2016,261,11.92,7.8,24,798.57
"11329",2016-06-18,"2016",2016,262,11.79,8.9,26.7,825.27
"11330",2016-06-19,"2016",2016,263,11.71,8.4,26.5,851.77
"11331",2016-06-20,"2016",2016,264,11.52,8.6,29.1,880.87
"11332",2016-06-21,"2016",2016,265,11.3,9.5,31.9,912.77
"11333",2016-06-22,"2016",2016,266,11.16,8.4,30.5,943.27
"11334",2016-06-23,"2016",2016,267,11.21,8.1,28.6,971.87
"11335",2016-06-24,"2016",2016,268,11.24,8.8,30.8,1002.67
"11336",2016-06-25,"2016",2016,269,10.86,9.1,28,1030.67
"11337",2016-06-26,"2016",2016,270,10.87,9.9,25.7,1056.37
"11338",2016-06-27,"2016",2016,271,10.69,10.5,21.7,1078.07
"11339",2016-06-28,"2016",2016,272,10.67,10.9,20.1,1098.17
"11340",2016-06-29,"2016",2016,273,10.71,10.5,19.9,1118.07
"11341",2016-06-30,"2016",2016,274,10.66,9.3,19.5,1137.57
"11342",2016-07-01,"2016",2016,275,10.56,8.6,19.4,1156.97
"11343",2016-07-02,"2016",2016,276,10.58,8.6,22.4,1179.37
"11344",2016-07-03,"2016",2016,277,10.86,8.6,21,1200.37
"11345",2016-07-04,"2016",2016,278,11.03,9,20,1220.37
"11346",2016-07-05,"2016",2016,279,11.03,8.9,19.9,1240.27
"11347",2016-07-06,"2016",2016,280,10.91,9.5,18.1,1258.37
"11348",2016-07-07,"2016",2016,281,10.86,9.6,17.2,1275.57
"11349",2016-07-08,"2016",2016,282,10.79,10.8,15.8,1291.37
"11350",2016-07-09,"2016",2016,283,10.65,11.4,15.1,1306.47
"11351",2016-07-10,"2016",2016,284,10.64,11.3,15.2,1321.67
"11352",2016-07-11,"2016",2016,285,10.7,10.5,14.7,1336.37
"11353",2016-07-12,"2016",2016,286,10.53,10.5,13.2,1349.57
"11354",2016-07-13,"2016",2016,287,10.38,11.1,11.9,1361.47
"11355",2016-07-14,"2016",2016,288,10.51,12.1,11.4,1372.87
"11356",2016-07-15,"2016",2016,289,10.57,12.3,10.9,1383.77
"11357",2016-07-16,"2016",2016,290,10.54,12.2,10.3,1394.07
"11358",2016-07-17,"2016",2016,291,10.63,13,10.3,1404.37
"11359",2016-07-18,"2016",2016,292,10.65,13.2,10.7,1415.07
"11360",2016-07-19,"2016",2016,293,10.51,12.7,10.9,1425.97
"11361",2016-07-20,"2016",2016,294,10.32,13.2,12.4,1438.37
"11362",2016-07-21,"2016",2016,295,10.16,12.7,13.7,1452.07
"11363",2016-07-22,"2016",2016,296,10.03,12.9,13.3,1465.37
"11364",2016-07-23,"2016",2016,297,9.89,13.1,13.3,1478.67
"11365",2016-07-24,"2016",2016,298,9.84,12.7,12.5,1491.17
"11366",2016-07-25,"2016",2016,299,9.8,12.5,10.5,1501.67
"11367",2016-07-26,"2016",2016,300,9.88,12,9.66,1511.33
"11368",2016-07-27,"2016",2016,301,9.93,11.9,8.64,1519.97
"11369",2016-07-28,"2016",2016,302,10.04,13.2,8.81,1528.78
"11370",2016-07-29,"2016",2016,303,10.09,13.4,9.06,1537.84
"11371",2016-07-30,"2016",2016,304,10.1,13.6,9.17,1547.01
"11372",2016-07-31,"2016",2016,305,10.09,13.1,8.8,1555.81
"11373",2016-08-01,"2016",2016,306,10.1,13.1,8.88,1564.69
"11374",2016-08-02,"2016",2016,307,10.21,13.4,9.11,1573.8
"11375",2016-08-03,"2016",2016,308,10.18,13.2,8.46,1582.26
"11376",2016-08-04,"2016",2016,309,10.28,12.7,8.28,1590.54
"11377",2016-08-05,"2016",2016,310,10.18,11.1,7.71,1598.25
"11378",2016-08-06,"2016",2016,311,10.2,10.7,6.99,1605.24
"11379",2016-08-07,"2016",2016,312,10.36,11.6,7.1,1612.34
"11380",2016-08-08,"2016",2016,313,10.35,12.6,7.57,1619.91
"11381",2016-08-09,"2016",2016,314,10.45,13,7.83,1627.74
"11382",2016-08-10,"2016",2016,315,10.43,12.4,7.71,1635.45
"11383",2016-08-11,"2016",2016,316,10.49,11.9,7.31,1642.76
"11384",2016-08-12,"2016",2016,317,10.62,12.1,6.69,1649.45
"11385",2016-08-13,"2016",2016,318,10.66,12.5,6.06,1655.51
"11386",2016-08-14,"2016",2016,319,10.77,12.8,5.59,1661.1
"11387",2016-08-15,"2016",2016,320,10.97,12.7,5.12,1666.22
"11388",2016-08-16,"2016",2016,321,11.11,12.5,4.65,1670.87
"11389",2016-08-17,"2016",2016,322,11.07,12.6,4.58,1675.45
"11390",2016-08-18,"2016",2016,323,11.4,12,4.66,1680.11
"11391",2016-08-19,"2016",2016,324,11.45,11.5,4.62,1684.73
"11392",2016-08-20,"2016",2016,325,11.52,11.8,4.47,1689.2
"11393",2016-08-21,"2016",2016,326,NA,12.7,4.39,1693.59
"11394",2016-08-22,"2016",2016,327,NA,12.3,4.18,1697.77
"11395",2016-08-23,"2016",2016,328,NA,10.4,3.75,1701.52
"11396",2016-08-24,"2016",2016,329,NA,10.1,3.53,1705.05
"11397",2016-08-25,"2016",2016,330,NA,9.5,3.35,1708.4
"11398",2016-08-26,"2016",2016,331,NA,9.6,3.39,1711.79
"11399",2016-08-27,"2016",2016,332,NA,9.7,3.02,1714.81
"11400",2016-08-28,"2016",2016,333,11.64,10.2,3.17,1717.98
"11401",2016-08-29,"2016",2016,334,12.17,9.9,3.03,1721.01
"11402",2016-08-30,"2016",2016,335,NA,10,3.34,1724.35
"11403",2016-08-31,"2016",2016,336,NA,10.8,3.56,1727.91
"11404",2016-09-01,"2016",2016,337,NA,12.1,3.78,1731.69
"11405",2016-09-02,"2016",2016,338,NA,11.3,4,1735.69
"11406",2016-09-03,"2016",2016,339,12.51,11,4.27,1739.96
"11407",2016-09-04,"2016",2016,340,12.56,10.9,4.53,1744.49
"11408",2016-09-05,"2016",2016,341,12.65,10.7,4.57,1749.06
"11409",2016-09-06,"2016",2016,342,12.86,11.5,4.35,1753.41
"11410",2016-09-07,"2016",2016,343,13.2,10.7,3.81,1757.22
"11411",2016-09-08,"2016",2016,344,13.22,10.1,3.36,1760.58
"11412",2016-09-09,"2016",2016,345,13.45,9.4,3.18,1763.76
"11413",2016-09-10,"2016",2016,346,13.53,8.9,3,1766.76
"11414",2016-09-11,"2016",2016,347,13.56,8.1,2.56,1769.32
"11415",2016-09-12,"2016",2016,348,13.74,8.5,2.47,1771.79
"11416",2016-09-13,"2016",2016,349,13.99,9.5,2.42,1774.21
"11417",2016-09-14,"2016",2016,350,14.27,9.8,2.42,1776.63
"11418",2016-09-15,"2016",2016,351,14.6,7.8,2.32,1778.95
"11419",2016-09-16,"2016",2016,352,14.53,7.2,2.23,1781.18
"11420",2016-09-17,"2016",2016,353,14.67,7.6,1.99,1783.17
"11421",2016-09-18,"2016",2016,354,14.76,6.8,1.36,1784.53
"11422",2016-09-19,"2016",2016,355,14.43,8.1,1.5,1786.03
"11423",2016-09-20,"2016",2016,356,14.51,8.6,1.63,1787.66
"11424",2016-09-21,"2016",2016,357,NA,8.4,1.66,1789.32
"11425",2016-09-22,"2016",2016,358,15.21,8.7,1.66,1790.98
"11426",2016-09-23,"2016",2016,359,15.37,8.7,1.55,1792.53
"11427",2016-09-24,"2016",2016,360,15.42,4.9,1.37,1793.9
"11428",2016-09-25,"2016",2016,361,15.21,5.1,1.4,1795.3
"11429",2016-09-26,"2016",2016,362,15.14,6.4,1.49,1796.79
"11430",2016-09-27,"2016",2016,363,15.12,7.6,1.54,1798.33
"11431",2016-09-28,"2016",2016,364,15.17,8.6,1.56,1799.89
"11432",2016-09-29,"2016",2016,365,NA,8.7,1.51,1801.4
"11433",2016-09-30,"2016",2016,366,15.25,8.4,1.59,1802.99
"11434",2016-10-01,"2016",2017,1,15.4,8.5,1.65,1.65
"11435",2016-10-02,"2016",2017,2,15.35,8.4,1.57,3.22
"11436",2016-10-03,"2016",2017,3,15.44,6.3,1.45,4.67
"11437",2016-10-04,"2016",2017,4,15.55,1.8,0.9,5.57
"11438",2016-10-05,"2016",2017,5,15.82,0.5,0.88,6.45
"11439",2016-10-06,"2016",2017,6,15.8,0.7,1.03,7.48
"11440",2016-10-07,"2016",2017,7,15.91,1.4,1.12,8.6
"11441",2016-10-08,"2016",2017,8,16.08,2.7,1.18,9.78
"11442",2016-10-09,"2016",2017,9,15.94,4.1,1.26,11.04
"11443",2016-10-10,"2016",2017,10,16.08,3.9,1.32,12.36
"11444",2016-10-11,"2016",2017,11,15.87,3,1.43,13.79
"11445",2016-10-12,"2016",2017,12,15.73,2.1,1.51,15.3
"11446",2016-10-13,"2016",2017,13,15.89,2.6,1.44,16.74
"11447",2016-10-14,"2016",2017,14,16.12,2.9,1.25,17.99
"11448",2016-10-15,"2016",2017,15,16.31,3,1.35,19.34
"11449",2016-10-16,"2016",2017,16,16.46,3.3,1.34,20.68
"11450",2016-10-17,"2016",2017,17,16.65,2.6,1.28,21.96
"11451",2016-10-18,"2016",2017,18,16.79,1.4,1.15,23.11
"11452",2016-10-19,"2016",2017,19,16.8,0.8,1.15,24.26
"11453",2016-10-20,"2016",2017,20,17.43,0.3,0.98,25.24
"11454",2016-10-21,"2016",2017,21,17.64,0.5,1,26.24
"11455",2016-10-22,"2016",2017,22,17.63,0.9,0.98,27.22
"11456",2016-10-23,"2016",2017,23,17.58,1.2,0.98,28.2
"11457",2016-10-24,"2016",2017,24,17.46,1.9,0.99,29.19
"11458",2016-10-25,"2016",2017,25,17.41,2.2,1.01,30.2
"11459",2016-10-26,"2016",2017,26,17.5,2,0.97,31.17
"11460",2016-10-27,"2016",2017,27,17.58,2.3,0.96,32.13
"11461",2016-10-28,"2016",2017,28,17.58,2.9,0.91,33.04
"11462",2016-10-29,"2016",2017,29,17.48,3.2,0.91,33.95
"11463",2016-10-30,"2016",2017,30,17.49,3.1,0.91,34.86
"11464",2016-10-31,"2016",2017,31,17.6,2.5,0.85,35.71
"11465",2016-11-01,"2016",2017,32,17.69,1.9,0.82,36.53
"11466",2016-11-02,"2016",2017,33,17.65,2.1,0.83,37.36
"11467",2016-11-03,"2016",2017,34,18.03,1.9,0.8,38.16
"11468",2016-11-04,"2016",2017,35,18.35,2,0.78,38.94
"11469",2016-11-05,"2016",2017,36,18.44,2.7,0.81,39.75
"11470",2016-11-06,"2016",2017,37,18.39,2,0.79,40.54
"11471",2016-11-07,"2016",2017,38,18.44,1,0.71,41.25
"11472",2016-11-08,"2016",2017,39,18.82,1,0.64,41.89
"11473",2016-11-09,"2016",2017,40,19.24,1.4,0.62,42.51
"11474",2016-11-10,"2016",2017,41,19.27,1.8,0.59,43.1
"11475",2016-11-11,"2016",2017,42,19.55,1.6,0.54,43.64
"11476",2016-11-12,"2016",2017,43,19.53,1.8,0.54,44.18
"11477",2016-11-13,"2016",2017,44,19.33,0.8,0.51,44.69
"11478",2016-11-14,"2016",2017,45,19.59,0.1,0.4,45.09
"11479",2016-11-15,"2016",2017,46,19.72,0.1,0.4,45.49
"11480",2016-11-16,"2016",2017,47,19.88,0.1,0.42,45.91
"11481",2016-11-17,"2016",2017,48,20.21,-0.1,0.44,46.35
"11482",2016-11-18,"2016",2017,49,20.14,-0.1,0.45,46.8
"11483",2016-11-19,"2016",2017,50,20.3,0,0.37,47.17
"11484",2016-11-20,"2016",2017,51,20.63,0.2,0.4,47.57
"11485",2016-11-21,"2016",2017,52,20.75,0.5,0.41,47.98
"11486",2016-11-22,"2016",2017,53,20.96,0.5,0.43,48.41
"11487",2016-11-23,"2016",2017,54,20.96,0.3,0.39,48.8
"11488",2016-11-24,"2016",2017,55,20.91,0.3,0.37,49.17
"11489",2016-11-25,"2016",2017,56,21.17,0.5,0.31,49.48
"11490",2016-11-26,"2016",2017,57,21.53,0.7,0.29,49.77
"11491",2016-11-27,"2016",2017,58,21.93,0.7,0.32,50.09
"11492",2016-11-28,"2016",2017,59,22.5,0.4,0.32,50.41
"11493",2016-11-29,"2016",2017,60,23.18,0.7,0.33,50.74
"11494",2016-11-30,"2016",2017,61,23.98,0.4,0.32,51.06
"11495",2016-12-01,"2016",2017,62,24.16,0.3,0.32,51.38
"11496",2016-12-02,"2016",2017,63,24.23,0.3,0.34,51.72
"11497",2016-12-03,"2016",2017,64,24.29,0.3,0.4,52.12
"11498",2016-12-04,"2016",2017,65,24.36,0.3,0.42,52.54
"11499",2016-12-05,"2016",2017,66,24.42,0.3,0.38,52.92
"11500",2016-12-06,"2016",2017,67,24.49,0.3,0.39,53.31
"11501",2016-12-07,"2016",2017,68,24.56,0.3,0.4,53.71
"11502",2016-12-08,"2016",2017,69,24.62,0.3,0.39,54.1
"11503",2016-12-09,"2016",2017,70,24.69,0.3,0.31,54.41
"11504",2016-12-10,"2016",2017,71,24.75,0.3,0.37,54.78
"11505",2016-12-11,"2016",2017,72,24.82,0.3,0.39,55.17
"11506",2016-12-12,"2016",2017,73,24.89,0.2,0.41,55.58
"11507",2016-12-13,"2016",2017,74,24.95,0.2,0.38,55.96
"11508",2016-12-14,"2016",2017,75,25.02,0.2,0.38,56.34
"11509",2016-12-15,"2016",2017,76,25.08,0.2,0.46,56.8
"11510",2016-12-16,"2016",2017,77,25.15,0.2,0.44,57.24
"11511",2016-12-17,"2016",2017,78,25.22,0.2,0.47,57.71
"11512",2016-12-18,"2016",2017,79,25.28,0.2,0.38,58.09
"11513",2016-12-19,"2016",2017,80,25.35,0.2,0.27,58.36
"11514",2016-12-20,"2016",2017,81,25.41,0.2,0.21,58.57
"11515",2016-12-21,"2016",2017,82,25.48,0.2,0.19,58.76
"11516",2016-12-22,"2016",2017,83,25.55,0.2,0.18,58.94
"11517",2016-12-23,"2016",2017,84,25.61,0.2,0.19,59.13
"11518",2016-12-24,"2016",2017,85,25.68,0.2,0.18,59.31
"11519",2016-12-25,"2016",2017,86,25.74,0.2,0.2,59.51
"11520",2016-12-26,"2016",2017,87,25.81,0.2,0.19,59.7
"11521",2016-12-27,"2016",2017,88,25.88,0.1,0.18,59.88
"11522",2016-12-28,"2016",2017,89,25.94,0.1,0.19,60.07
"11523",2016-12-29,"2016",2017,90,26.01,0.1,0.2,60.27
"11524",2016-12-30,"2016",2017,91,26.07,0.1,0.2,60.47
"11525",2016-12-31,"2016",2017,92,26.14,0.1,0.21,60.68
"11526",2017-01-01,"2017",2017,93,26.21,0.1,0.25,60.93
"11527",2017-01-02,"2017",2017,94,26.27,0.1,0.2,61.13
"11528",2017-01-03,"2017",2017,95,26.34,0.1,0.22,61.35
"11529",2017-01-04,"2017",2017,96,26.4,0.1,0.23,61.58
"11530",2017-01-05,"2017",2017,97,26.47,0.1,0.27,61.85
"11531",2017-01-06,"2017",2017,98,26.54,0.1,0.27,62.12
"11532",2017-01-07,"2017",2017,99,26.6,0.1,0.25,62.37
"11533",2017-01-08,"2017",2017,100,26.67,0.1,0.24,62.61
"11534",2017-01-09,"2017",2017,101,26.73,0.1,0.28,62.89
"11535",2017-01-10,"2017",2017,102,26.8,0,0.3,63.19
"11536",2017-01-11,"2017",2017,103,26.87,0,0.3,63.49
"11537",2017-01-12,"2017",2017,104,26.93,0,0.28,63.77
"11538",2017-01-13,"2017",2017,105,27,0,0.25,64.02
"11539",2017-01-14,"2017",2017,106,27.06,0,0.2,64.22
"11540",2017-01-15,"2017",2017,107,27.13,0,0.17,64.39
"11541",2017-01-16,"2017",2017,108,27.2,0,0.15,64.54
"11542",2017-01-17,"2017",2017,109,27.26,0,0.12,64.66
"11543",2017-01-18,"2017",2017,110,27.33,0,0.11,64.77
"11544",2017-01-19,"2017",2017,111,27.42,0,0.11,64.88
"11545",2017-01-20,"2017",2017,112,27.64,0,0.09,64.97
"11546",2017-01-21,"2017",2017,113,27.77,0,0.08,65.05
"11547",2017-01-22,"2017",2017,114,27.79,0,0.06,65.11
"11548",2017-01-23,"2017",2017,115,28.17,0,0.06,65.17
"11549",2017-01-24,"2017",2017,116,28.05,-0.1,0.06,65.23
"11550",2017-01-25,"2017",2017,117,28.23,-0.1,0.06,65.29
"11551",2017-01-26,"2017",2017,118,28.69,-0.1,0.05,65.34
"11552",2017-01-27,"2017",2017,119,28.84,-0.1,0.05,65.39
"11553",2017-01-28,"2017",2017,120,28.88,-0.1,0.05,65.44
"11554",2017-01-29,"2017",2017,121,29.15,-0.1,0.05,65.49
"11555",2017-01-30,"2017",2017,122,29.58,-0.1,0.04,65.53
"11556",2017-01-31,"2017",2017,123,30.1,-0.1,0.04,65.57
"11557",2017-02-01,"2017",2017,124,NA,0.1,0.04,65.61
"11558",2017-02-02,"2017",2017,125,30.63,0.1,0.04,65.65
"11559",2017-02-03,"2017",2017,126,30.3,0.1,0.04,65.69
"11560",2017-02-04,"2017",2017,127,NA,0.1,0.04,65.73
"11561",2017-02-05,"2017",2017,128,NA,0.1,0.04,65.77
"11562",2017-02-06,"2017",2017,129,NA,0.1,0.04,65.8100000000001
"11563",2017-02-07,"2017",2017,130,29.95,0.1,0.04,65.8500000000001
"11564",2017-02-08,"2017",2017,131,30.03,0.1,0.04,65.8900000000001
"11565",2017-02-09,"2017",2017,132,29.42,0.1,0.04,65.9300000000001
"11566",2017-02-10,"2017",2017,133,28.95,0.1,0.04,65.9700000000001
"11567",2017-02-11,"2017",2017,134,28.54,0.1,0.04,66.0100000000001
"11568",2017-02-12,"2017",2017,135,28.38,0.1,0.04,66.0500000000001
"11569",2017-02-13,"2017",2017,136,27.96,0.1,0.04,66.0900000000001
"11570",2017-02-14,"2017",2017,137,27.15,0.1,0.03,66.1200000000001
"11571",2017-02-15,"2017",2017,138,NA,0.1,0.02,66.1400000000001
"11572",2017-02-16,"2017",2017,139,26.75,0.1,0.02,66.1600000000001
"11573",2017-02-17,"2017",2017,140,27.32,0.2,0.04,66.2000000000001
"11574",2017-02-18,"2017",2017,141,27.54,0.2,0.04,66.2400000000001
"11575",2017-02-19,"2017",2017,142,27.6,0.2,0.03,66.2700000000001
"11576",2017-02-20,"2017",2017,143,NA,0.1,0.03,66.3000000000001
"11577",2017-02-21,"2017",2017,144,28.1,0.2,0.03,66.3300000000001
"11578",2017-02-22,"2017",2017,145,NA,0.2,0.04,66.3700000000001
"11579",2017-02-23,"2017",2017,146,NA,0.1,0.02,66.3900000000001
"11580",2017-02-24,"2017",2017,147,NA,0.1,0.02,66.4100000000001
"11581",2017-02-25,"2017",2017,148,27.23,0.1,0.02,66.4300000000001
"11582",2017-02-26,"2017",2017,149,27.07,0.1,0.03,66.4600000000001
"11583",2017-02-27,"2017",2017,150,27.79,0.1,0.03,66.4900000000001
"11584",2017-02-28,"2017",2017,151,27.6,0,0.03,66.5200000000001
"11585",2017-03-01,"2017",2017,152,28.05,0,0.03,66.5500000000001
"11586",2017-03-02,"2017",2017,153,NA,0,0.03,66.5800000000001
"11587",2017-03-03,"2017",2017,154,28.06,0,0.03,66.6100000000001
"11588",2017-03-04,"2017",2017,155,28.14,0,0.02,66.6300000000001
"11589",2017-03-05,"2017",2017,156,27.54,0,0.02,66.6500000000001
"11590",2017-03-06,"2017",2017,157,27.16,0.1,0.02,66.6700000000001
"11591",2017-03-07,"2017",2017,158,26.62,0,0.02,66.6900000000001
"11592",2017-03-08,"2017",2017,159,26.63,0,0.02,66.7100000000001
"11593",2017-03-09,"2017",2017,160,NA,0,0.02,66.7300000000001
"11594",2017-03-10,"2017",2017,161,25.72,0.1,0.02,66.7500000000001
"11595",2017-03-11,"2017",2017,162,25.28,0.1,0.02,66.7700000000001
"11596",2017-03-12,"2017",2017,163,NA,0.1,0.02,66.7900000000001
"11597",2017-03-13,"2017",2017,164,NA,0.1,0.02,66.8100000000001
"11598",2017-03-14,"2017",2017,165,23.77,0.1,0.02,66.8300000000001
"11599",2017-03-15,"2017",2017,166,23.09,0.2,0.02,66.8500000000001
"11600",2017-03-16,"2017",2017,167,22.88,0.4,0.03,66.8800000000001
"11601",2017-03-17,"2017",2017,168,22.58,0.5,0.03,66.9100000000001
"11602",2017-03-18,"2017",2017,169,21.94,0.7,0.03,66.9400000000001
"11603",2017-03-19,"2017",2017,170,21.43,1,0.04,66.9800000000001
"11604",2017-03-20,"2017",2017,171,20.96,1.2,0.05,67.0300000000001
"11605",2017-03-21,"2017",2017,172,20.58,1.5,0.06,67.0900000000001
"11606",2017-03-22,"2017",2017,173,19.92,1.7,0.09,67.1800000000001
"11607",2017-03-23,"2017",2017,174,19.5,1.9,0.14,67.3200000000001
"11608",2017-03-24,"2017",2017,175,18.83,1.9,0.23,67.5500000000001
"11609",2017-03-25,"2017",2017,176,17.79,1.4,0.44,67.9900000000001
"11610",2017-03-26,"2017",2017,177,18.03,1.7,0.7,68.6900000000001
"11611",2017-03-27,"2017",2017,178,18.24,1.1,0.75,69.4400000000001
"11612",2017-03-28,"2017",2017,179,18.89,0.9,0.74,70.1800000000001
"11613",2017-03-29,"2017",2017,180,18.6,0.8,0.58,70.7600000000001
"11614",2017-03-30,"2017",2017,181,19.05,0.6,0.46,71.2200000000001
"11615",2017-03-31,"2017",2017,182,19.48,0.6,0.42,71.6400000000001
"11616",2017-04-01,"2017",2017,183,19.18,0.6,0.39,72.0300000000001
"11617",2017-04-02,"2017",2017,184,19,0.6,0.33,72.3600000000001
"11618",2017-04-03,"2017",2017,185,19.15,0.6,0.28,72.6400000000001
"11619",2017-04-04,"2017",2017,186,19.1,0.5,0.27,72.9100000000001
"11620",2017-04-05,"2017",2017,187,18.91,0.5,0.25,73.1600000000001
"11621",2017-04-06,"2017",2017,188,19.11,0.7,0.18,73.3400000000001
"11622",2017-04-07,"2017",2017,189,19.09,0.9,0.16,73.5000000000001
"11623",2017-04-08,"2017",2017,190,19.19,1.2,0.19,73.6900000000001
"11624",2017-04-09,"2017",2017,191,19.09,1,0.23,73.9200000000001
"11625",2017-04-10,"2017",2017,192,18.71,1.3,0.21,74.1300000000001
"11626",2017-04-11,"2017",2017,193,18.24,1.9,0.19,74.3200000000001
"11627",2017-04-12,"2017",2017,194,17.85,2.4,0.19,74.5100000000001
"11628",2017-04-13,"2017",2017,195,17.85,2.8,0.32,74.83
"11629",2017-04-14,"2017",2017,196,17.45,3,0.75,75.58
"11630",2017-04-15,"2017",2017,197,16.83,3.2,1.08,76.66
"11631",2017-04-16,"2017",2017,198,15.81,3.4,1.2,77.8600000000001
"11632",2017-04-17,"2017",2017,199,14.88,3.4,1.48,79.3400000000001
"11633",2017-04-18,"2017",2017,200,14.23,2.7,1.77,81.1100000000001
"11634",2017-04-19,"2017",2017,201,13.62,1.4,2.52,83.63
"11635",2017-04-20,"2017",2017,202,13.66,1.3,2.2,85.83
"11636",2017-04-21,"2017",2017,203,14.1,1.8,1.89,87.72
"11637",2017-04-22,"2017",2017,204,14.28,2,1.58,89.3
"11638",2017-04-23,"2017",2017,205,14.45,2.3,1.34,90.6400000000001
"11639",2017-04-24,"2017",2017,206,14.56,2.1,1.29,91.9300000000001
"11640",2017-04-25,"2017",2017,207,14.25,1.3,1.29,93.2200000000001
"11641",2017-04-26,"2017",2017,208,14.4,1.7,1.18,94.4000000000001
"11642",2017-04-27,"2017",2017,209,14.37,1.3,1.1,95.5000000000001
"11643",2017-04-28,"2017",2017,210,14.82,1.1,0.99,96.4900000000001
"11644",2017-04-29,"2017",2017,211,15.13,1.2,0.93,97.4200000000001
"11645",2017-04-30,"2017",2017,212,15.86,1.1,0.79,98.2100000000001
"11646",2017-05-01,"2017",2017,213,15.94,0.9,0.71,98.9200000000001
"11647",2017-05-02,"2017",2017,214,16.44,1,0.62,99.5400000000001
"11648",2017-05-03,"2017",2017,215,16.97,1.2,0.57,100.11
"11649",2017-05-04,"2017",2017,216,17.23,1.4,0.52,100.63
"11650",2017-05-05,"2017",2017,217,17.61,1.8,0.88,101.51
"11651",2017-05-06,"2017",2017,218,16.81,2.8,2.26,103.77
"11652",2017-05-07,"2017",2017,219,15.51,2.6,5.86,109.63
"11653",2017-05-08,"2017",2017,220,14.08,2.4,5.91,115.54
"11654",2017-05-09,"2017",2017,221,14.22,2.6,7.12,122.66
"11655",2017-05-10,"2017",2017,222,13.83,1.9,7.81,130.47
"11656",2017-05-11,"2017",2017,223,14.03,2.4,6.9,137.37
"11657",2017-05-12,"2017",2017,224,15.18,3.3,8.98,146.35
"11658",2017-05-13,"2017",2017,225,14.33,2.8,12.5,158.85
"11659",2017-05-14,"2017",2017,226,13.62,2.8,13.4,172.25
"11660",2017-05-15,"2017",2017,227,14.05,3,12.1,184.35
"11661",2017-05-16,"2017",2017,228,13.87,2.7,10.8,195.15
"11662",2017-05-17,"2017",2017,229,NA,2.5,8.76,203.91
"11663",2017-05-18,"2017",2017,230,14.27,1.6,8.49,212.4
"11664",2017-05-19,"2017",2017,231,15.8,1.2,6.59,218.99
"11665",2017-05-20,"2017",2017,232,16.47,1.4,5.01,224
"11666",2017-05-21,"2017",2017,233,16.25,2.1,4.14,228.14
"11667",2017-05-22,"2017",2017,234,15.59,2.8,3.83,231.97
"11668",2017-05-23,"2017",2017,235,15.75,3.7,3.71,235.68
"11669",2017-05-24,"2017",2017,236,16.07,4.6,3.74,239.42
"11670",2017-05-25,"2017",2017,237,14.55,3,10,249.42
"11671",2017-05-26,"2017",2017,238,14.57,3.4,14.7,264.12
"11672",2017-05-27,"2017",2017,239,14.78,3.4,14.4,278.52
"11673",2017-05-28,"2017",2017,240,15.26,3.7,9.53,288.05
"11674",2017-05-29,"2017",2017,241,15.86,4.4,9.24,297.29
"11675",2017-05-30,"2017",2017,242,15.92,5.5,10.7,307.99
"11676",2017-05-31,"2017",2017,243,15.72,5.8,14.5,322.49
"11677",2017-06-01,"2017",2017,244,15.29,5.1,18.2,340.69
"11678",2017-06-02,"2017",2017,245,14.81,4.2,29.1,369.79
"11679",2017-06-03,"2017",2017,246,14.45,3.2,29.3,399.09
"11680",2017-06-04,"2017",2017,247,14.77,4.2,29.6,428.69
"11681",2017-06-05,"2017",2017,248,14.56,3.9,33.4,462.09
"11682",2017-06-06,"2017",2017,249,14.49,3.3,32.4,494.49
"11683",2017-06-07,"2017",2017,250,15.36,3.7,30.4,524.89
"11684",2017-06-08,"2017",2017,251,15.54,4.1,32.9,557.79
"11685",2017-06-09,"2017",2017,252,15.26,4.1,34.4,592.19
"11686",2017-06-10,"2017",2017,253,14.93,4.5,36.8,628.99
"11687",2017-06-11,"2017",2017,254,14.61,4.5,35.1,664.09
"11688",2017-06-12,"2017",2017,255,14.29,4.9,36.2,700.29
"11689",2017-06-13,"2017",2017,256,14.02,4.2,29.8,730.09
"11690",2017-06-14,"2017",2017,257,14.1,4.5,19.2,749.29
"11691",2017-06-15,"2017",2017,258,13.73,5.7,20.3,769.59
"11692",2017-06-16,"2017",2017,259,13.43,6.5,27.4,796.99
"11693",2017-06-17,"2017",2017,260,13.16,5.5,39.7,836.69
"11694",2017-06-18,"2017",2017,261,12.92,5.7,39.9,876.59
"11695",2017-06-19,"2017",2017,262,12.71,6.4,36.1,912.69
"11696",2017-06-20,"2017",2017,263,12.58,7,35.9,948.59
"11697",2017-06-21,"2017",2017,264,12.36,7.5,37.6,986.19
"11698",2017-06-22,"2017",2017,265,12.02,6.8,35.9,1022.09
"11699",2017-06-23,"2017",2017,266,11.67,6.9,32.6,1054.69
"11700",2017-06-24,"2017",2017,267,11.3,7.6,28.6,1083.29
"11701",2017-06-25,"2017",2017,268,10.32,8,26.1,1109.39
"11702",2017-06-26,"2017",2017,269,10.54,8.1,25.2,1134.59
"11703",2017-06-27,"2017",2017,270,10.29,8.5,25.9,1160.49
"11704",2017-06-28,"2017",2017,271,10.17,8.3,26.1,1186.59
"11705",2017-06-29,"2017",2017,272,10.17,8.1,23.3,1209.89
"11706",2017-06-30,"2017",2017,273,10.21,8.2,21.8,1231.69
"11707",2017-07-01,"2017",2017,274,10.19,9.1,20.8,1252.49
"11708",2017-07-02,"2017",2017,275,10.35,8.8,19.7,1272.19
"11709",2017-07-03,"2017",2017,276,10.25,8.6,19.1,1291.29
"11710",2017-07-04,"2017",2017,277,10.14,8.8,21.4,1312.69
"11711",2017-07-05,"2017",2017,278,10.08,9,20.8,1333.49
"11712",2017-07-06,"2017",2017,279,10.07,9.2,21.2,1354.69
"11713",2017-07-07,"2017",2017,280,9.99,9.1,20.6,1375.29
"11714",2017-07-08,"2017",2017,281,9.97,8.7,19.5,1394.79
"11715",2017-07-09,"2017",2017,282,9.98,8.8,18.1,1412.89
"11716",2017-07-10,"2017",2017,283,10,9.5,19,1431.89
"11717",2017-07-11,"2017",2017,284,9.9,9.6,23.5,1455.39
"11718",2017-07-12,"2017",2017,285,9.67,8.9,25.9,1481.29
"11719",2017-07-13,"2017",2017,286,9.69,9,20.3,1501.59
"11720",2017-07-14,"2017",2017,287,9.69,10.5,20.9,1522.49
"11721",2017-07-15,"2017",2017,288,9.6,11.2,21.9,1544.39
"11722",2017-07-16,"2017",2017,289,9.53,10.9,21.1,1565.49
"11723",2017-07-17,"2017",2017,290,9.63,10.8,18.8,1584.29
"11724",2017-07-18,"2017",2017,291,9.6,10.7,18.7,1602.99
"11725",2017-07-19,"2017",2017,292,9.62,10.9,19.7,1622.69
"11726",2017-07-20,"2017",2017,293,9.8,11.1,24.4,1647.09
"11727",2017-07-21,"2017",2017,294,9.73,10.5,25.1,1672.19
"11728",2017-07-22,"2017",2017,295,9.66,10,23.5,1695.69
"11729",2017-07-23,"2017",2017,296,9.85,10.6,20.1,1715.79
"11730",2017-07-24,"2017",2017,297,9.56,11.3,18.8,1734.59
"11731",2017-07-25,"2017",2017,298,9.58,11.5,19,1753.59
"11732",2017-07-26,"2017",2017,299,9.61,10.7,26.3,1779.89
"11733",2017-07-27,"2017",2017,300,9.77,10.8,26,1805.89
"11734",2017-07-28,"2017",2017,301,9.95,11.2,22.6,1828.49
"11735",2017-07-29,"2017",2017,302,10.1,10.6,20,1848.49
"11736",2017-07-30,"2017",2017,303,10.15,10.1,16.9,1865.39
"11737",2017-07-31,"2017",2017,304,10.19,10.7,15.1,1880.49
"11738",2017-08-01,"2017",2017,305,10.3,11.5,14.8,1895.29
"11739",2017-08-02,"2017",2017,306,10.41,11.4,14.1,1909.39
"11740",2017-08-03,"2017",2017,307,10.35,11.4,13.3,1922.69
"11741",2017-08-04,"2017",2017,308,10.36,11.1,13.3,1935.99
"11742",2017-08-05,"2017",2017,309,10.36,10.4,13.5,1949.49
"11743",2017-08-06,"2017",2017,310,10.39,10.1,13.3,1962.79
"11744",2017-08-07,"2017",2017,311,10.54,9.7,16.4,1979.19
"11745",2017-08-08,"2017",2017,312,11.07,8.1,26.1,2005.29
"11746",2017-08-09,"2017",2017,313,11.94,7.5,28.4,2033.69
"11747",2017-08-10,"2017",2017,314,12.45,7.6,30.7,2064.39
"11748",2017-08-11,"2017",2017,315,12.79,8.4,24.4,2088.79
"11749",2017-08-12,"2017",2017,316,13,8.4,20.8,2109.59
"11750",2017-08-13,"2017",2017,317,13.13,8.2,21.1,2130.69
"11751",2017-08-14,"2017",2017,318,13.27,8.7,18.5,2149.19
"11752",2017-08-15,"2017",2017,319,13.45,8.9,16.7,2165.89
"11753",2017-08-16,"2017",2017,320,13.61,8.3,14.1,2179.99
"11754",2017-08-17,"2017",2017,321,13.45,9,12.4,2192.39
"11755",2017-08-18,"2017",2017,322,13.3,10.1,11.1,2203.49
"11756",2017-08-19,"2017",2017,323,13.37,11.1,10.6,2214.09
"11757",2017-08-20,"2017",2017,324,13.42,11.4,10.3,2224.39
"11758",2017-08-21,"2017",2017,325,13.38,10.9,9.84,2234.23
"11759",2017-08-22,"2017",2017,326,13.35,11.1,9.42,2243.65
"11760",2017-08-23,"2017",2017,327,13.39,11,9.47,2253.12
"11761",2017-08-24,"2017",2017,328,13.29,10.7,9.5,2262.62
"11762",2017-08-25,"2017",2017,329,13.22,10.7,9.07,2271.69
"11763",2017-08-26,"2017",2017,330,13.2,12.1,8.82,2280.51
"11764",2017-08-27,"2017",2017,331,13.25,12.3,8.33,2288.84
"11765",2017-08-28,"2017",2017,332,13.19,12.7,7.91,2296.75
"11766",2017-08-29,"2017",2017,333,13.21,12.8,7.49,2304.24
"11767",2017-08-30,"2017",2017,334,13.2,12.4,7.17,2311.41
"11768",2017-08-31,"2017",2017,335,13.26,12.1,6.74,2318.15
"11769",2017-09-01,"2017",2017,336,13.19,11.7,6.82,2324.97
"11770",2017-09-02,"2017",2017,337,13.19,12.5,6.95,2331.92
"11771",2017-09-03,"2017",2017,338,13.21,13.3,6.9,2338.82
"11772",2017-09-04,"2017",2017,339,13.22,13,6.72,2345.54
"11773",2017-09-05,"2017",2017,340,13.27,12.3,6.44,2351.98
"11774",2017-09-06,"2017",2017,341,13.26,12.1,5.99,2357.97
"11775",2017-09-07,"2017",2017,342,13.25,12.2,5.58,2363.55
"11776",2017-09-08,"2017",2017,343,13.28,11.8,5.27,2368.82
"11777",2017-09-09,"2017",2017,344,13.37,11.6,5.25,2374.07
"11778",2017-09-10,"2017",2017,345,13.39,11.5,5.5,2379.57
"11779",2017-09-11,"2017",2017,346,13.38,11.3,6.04,2385.61
"11780",2017-09-12,"2017",2017,347,13.36,11.5,6.17,2391.78
"11781",2017-09-13,"2017",2017,348,13.34,11.1,6.37,2398.15
"11782",2017-09-14,"2017",2017,349,13.38,10.4,6.04,2404.19
"11783",2017-09-15,"2017",2017,350,13.3,9.2,5.4,2409.59
"11784",2017-09-16,"2017",2017,351,13.39,7.9,5.57,2415.16
"11785",2017-09-17,"2017",2017,352,13.54,7.7,5.25,2420.41
"11786",2017-09-18,"2017",2017,353,13.84,8.2,4.67,2425.08
"11787",2017-09-19,"2017",2017,354,14.11,7.2,3.88,2428.96
"11788",2017-09-20,"2017",2017,355,14.36,7.5,3.69,2432.65
"11789",2017-09-21,"2017",2017,356,14.55,7.6,3.42,2436.07
"11790",2017-09-22,"2017",2017,357,14.76,8,3.36,2439.43
"11791",2017-09-23,"2017",2017,358,14.91,7.4,3.42,2442.85
"11792",2017-09-24,"2017",2017,359,15.01,5.8,3.59,2446.44
"11793",2017-09-25,"2017",2017,360,15.23,4.4,3.6,2450.04
"11794",2017-09-26,"2017",2017,361,15.35,5.6,3.73,2453.77
"11795",2017-09-27,"2017",2017,362,15.73,5.8,3.68,2457.45
"11796",2017-09-28,"2017",2017,363,16,5,3.82,2461.27
"11797",2017-09-29,"2017",2017,364,15.92,5.3,4.12,2465.39
"11798",2017-09-30,"2017",2017,365,16.46,4.9,3.95,2469.34
"11799",2017-10-01,"2017",2018,1,16.75,3.1,4.6,4.6
"11800",2017-10-02,"2017",2018,2,17.05,1.4,5.32,9.92
"11801",2017-10-03,"2017",2018,3,17.57,1.8,5.17,15.09
"11802",2017-10-04,"2017",2018,4,17.5,3.1,5.37,20.46
"11803",2017-10-05,"2017",2018,5,17.38,4.4,6.7,27.16
"11804",2017-10-06,"2017",2018,6,17.52,3.6,7.15,34.31
"11805",2017-10-07,"2017",2018,7,17.76,1.6,5.49,39.8
"11806",2017-10-08,"2017",2018,8,18.05,2,5.25,45.05
"11807",2017-10-09,"2017",2018,9,18.22,1.3,5.55,50.6
"11808",2017-10-10,"2017",2018,10,18.55,0.9,4.95,55.55
"11809",2017-10-11,"2017",2018,11,18.87,1.6,4.58,60.13
"11810",2017-10-12,"2017",2018,12,18.93,2.2,4.17,64.3
"11811",2017-10-13,"2017",2018,13,18.94,2.7,3.99,68.29
"11812",2017-10-14,"2017",2018,14,19.2,1.1,3.28,71.57
"11813",2017-10-15,"2017",2018,15,19.8,0.2,2.86,74.43
"11814",2017-10-16,"2017",2018,16,19.96,0.6,3.01,77.44
"11815",2017-10-17,"2017",2018,17,19.96,0.9,2.84,80.28
"11816",2017-10-18,"2017",2018,18,19.94,0.9,2.63,82.91
"11817",2017-10-19,"2017",2018,19,19.94,1.6,2.53,85.44
"11818",2017-10-20,"2017",2018,20,19.84,2.2,2.45,87.89
"11819",2017-10-21,"2017",2018,21,20.2,0.4,1.97,89.86
"11820",2017-10-22,"2017",2018,22,20.84,0.1,1.95,91.81
"11821",2017-10-23,"2017",2018,23,20.86,0.3,1.9,93.71
"11822",2017-10-24,"2017",2018,24,21.03,0.3,1.85,95.56
"11823",2017-10-25,"2017",2018,25,21.04,0.5,1.88,97.44
"11824",2017-10-26,"2017",2018,26,21.14,0,1.7,99.14
"11825",2017-10-27,"2017",2018,27,21.18,0.1,1.73,100.87
"11826",2017-10-28,"2017",2018,28,21.52,0.4,1.66,102.53
"11827",2017-10-29,"2017",2018,29,21.68,1,1.65,104.18
"11828",2017-10-30,"2017",2018,30,21.76,1.2,1.64,105.82
"11829",2017-10-31,"2017",2018,31,22.25,0.9,1.65,107.47
"11830",2017-11-01,"2017",2018,32,22.66,1.2,1.55,109.02
"11831",2017-11-02,"2017",2018,33,22.49,2.1,1.57,110.59
"11832",2017-11-03,"2017",2018,34,21.99,2.5,1.58,112.17
"11833",2017-11-04,"2017",2018,35,22.25,2.2,1.57,113.74
"11834",2017-11-05,"2017",2018,36,22.27,1.2,1.74,115.48
"11835",2017-11-06,"2017",2018,37,22.68,1.4,1.76,117.24
"11836",2017-11-07,"2017",2018,38,21.76,1.1,1.86,119.1
"11837",2017-11-08,"2017",2018,39,21.79,0.9,1.75,120.85
"11838",2017-11-09,"2017",2018,40,21.54,0.7,1.62,122.47
"11839",2017-11-10,"2017",2018,41,21.46,0.9,1.59,124.06
"11840",2017-11-11,"2017",2018,42,21.6,1,1.52,125.58
"11841",2017-11-12,"2017",2018,43,21.74,1,1.41,126.99
"11842",2017-11-13,"2017",2018,44,21.88,1.1,1.32,128.31
"11843",2017-11-14,"2017",2018,45,22.02,1.1,1.3,129.61
"11844",2017-11-15,"2017",2018,46,22.15,1.2,1.28,130.89
"11845",2017-11-16,"2017",2018,47,22.29,1.2,1.24,132.13
"11846",2017-11-17,"2017",2018,48,22.43,1.3,1.29,133.42
"11847",2017-11-18,"2017",2018,49,22.57,1.3,1.25,134.67
"11848",2017-11-19,"2017",2018,50,22.71,1.4,1.12,135.79
"11849",2017-11-20,"2017",2018,51,22.84,1.5,1.09,136.88
"11850",2017-11-21,"2017",2018,52,22.98,1.5,1.06,137.94
"11851",2017-11-22,"2017",2018,53,23.12,1.6,0.99,138.93
"11852",2017-11-23,"2017",2018,54,23.23,1.6,0.99,139.92
"11853",2017-11-24,"2017",2018,55,23.37,1.5,0.98,140.9
"11854",2017-11-25,"2017",2018,56,23.57,1.1,0.94,141.84
"11855",2017-11-26,"2017",2018,57,23.58,1.5,0.91,142.75
"11856",2017-11-27,"2017",2018,58,23.43,1.4,0.91,143.66
"11857",2017-11-28,"2017",2018,59,23.77,1.4,0.91,144.57
"11858",2017-11-29,"2017",2018,60,23.68,1,0.91,145.48
"11859",2017-11-30,"2017",2018,61,23.8,0.8,0.89,146.37
"11860",2017-12-01,"2017",2018,62,23.92,0.8,0.86,147.23
"11861",2017-12-02,"2017",2018,63,24.5,0.7,0.87,148.1
"11862",2017-12-03,"2017",2018,64,24.52,0.8,0.9,149
"11863",2017-12-04,"2017",2018,65,24.5,0.5,0.94,149.94
"11864",2017-12-05,"2017",2018,66,24.75,0.3,0.92,150.86
"11865",2017-12-06,"2017",2018,67,25.53,0.6,0.89,151.75
"11866",2017-12-07,"2017",2018,68,26.38,0.6,0.94,152.69
"11867",2017-12-08,"2017",2018,69,26.64,0.7,0.9,153.59
"11868",2017-12-09,"2017",2018,70,26.87,0.7,0.9,154.49
"11869",2017-12-10,"2017",2018,71,27.12,0.6,0.87,155.36
"11870",2017-12-11,"2017",2018,72,27.27,0.6,0.84,156.2
"11871",2017-12-12,"2017",2018,73,27.28,0.7,0.83,157.03
"11872",2017-12-13,"2017",2018,74,27.28,0.6,0.82,157.85
"11873",2017-12-14,"2017",2018,75,27.39,0.5,0.82,158.67
"11874",2017-12-15,"2017",2018,76,27.43,0.2,0.82,159.49
"11875",2017-12-16,"2017",2018,77,27.51,0.5,0.8,160.29
"11876",2017-12-17,"2017",2018,78,27.62,0.4,0.76,161.05
"11877",2017-12-18,"2017",2018,79,27.79,0.4,0.77,161.82
"11878",2017-12-19,"2017",2018,80,27.7,0.5,0.75,162.57
"11879",2017-12-20,"2017",2018,81,27.79,0.4,0.72,163.29
"11880",2017-12-21,"2017",2018,82,27.87,0.5,0.73,164.02
"11881",2017-12-22,"2017",2018,83,27.89,0.2,0.76,164.78
"11882",2017-12-23,"2017",2018,84,27.54,0.1,0.77,165.55
"11883",2017-12-24,"2017",2018,85,27.43,0.2,0.81,166.36
"11884",2017-12-25,"2017",2018,86,27.82,0.2,0.84,167.2
"11885",2017-12-26,"2017",2018,87,28.24,0.2,0.91,168.11
"11886",2017-12-27,"2017",2018,88,28.45,0.1,0.85,168.96
"11887",2017-12-28,"2017",2018,89,28.77,0.1,0.89,169.85
"11888",2017-12-29,"2017",2018,90,28.86,0.2,0.86,170.71
"11889",2017-12-30,"2017",2018,91,29.26,0.2,0.8,171.51
"11890",2017-12-31,"2017",2018,92,29.54,0.1,0.81,172.32
"11891",2018-01-01,"2018",2018,93,29.92,0.1,0.79,173.11
"11892",2018-01-02,"2018",2018,94,30.35,0,0.81,173.92
"11893",2018-01-03,"2018",2018,95,30.45,0.1,0.83,174.75
"11894",2018-01-04,"2018",2018,96,30.17,0.1,0.81,175.56
"11895",2018-01-05,"2018",2018,97,29.86,0.1,0.8,176.36
"11896",2018-01-06,"2018",2018,98,29.6,0.1,0.79,177.15
"11897",2018-01-07,"2018",2018,99,29.08,0.1,0.77,177.92
"11898",2018-01-08,"2018",2018,100,28.74,0.1,0.81,178.73
"11899",2018-01-09,"2018",2018,101,28.38,0.1,0.8,179.53
"11900",2018-01-10,"2018",2018,102,28.1,0.2,0.79,180.32
"11901",2018-01-11,"2018",2018,103,27.62,0,0.85,181.17
"11902",2018-01-12,"2018",2018,104,27.83,0.1,0.77,181.94
"11903",2018-01-13,"2018",2018,105,27.96,0,0.82,182.76
"11904",2018-01-14,"2018",2018,106,27.98,0,0.79,183.55
"11905",2018-01-15,"2018",2018,107,28.45,0.1,0.78,184.33
"11906",2018-01-16,"2018",2018,108,28.85,0.1,0.77,185.1
"11907",2018-01-17,"2018",2018,109,29.15,0.1,0.73,185.83
"11908",2018-01-18,"2018",2018,110,29.05,0.1,0.78,186.61
"11909",2018-01-19,"2018",2018,111,28.93,0.1,0.71,187.32
"11910",2018-01-20,"2018",2018,112,28.82,0.2,0.65,187.97
"11911",2018-01-21,"2018",2018,113,28.7,0.2,0.65,188.62
"11912",2018-01-22,"2018",2018,114,28.58,0.1,0.71,189.33
"11913",2018-01-23,"2018",2018,115,28.47,0,0.71,190.04
"11914",2018-01-24,"2018",2018,116,28.35,0.1,0.61,190.65
"11915",2018-01-25,"2018",2018,117,28.24,0.1,0.58,191.23
"11916",2018-01-26,"2018",2018,118,28.12,0.2,0.57,191.8
"11917",2018-01-27,"2018",2018,119,28,0.1,0.53,192.33
"11918",2018-01-28,"2018",2018,120,27.89,0.1,0.52,192.85
"11919",2018-01-29,"2018",2018,121,27.77,0.1,0.54,193.39
"11920",2018-01-30,"2018",2018,122,27.65,0.2,0.54,193.93
"11921",2018-01-31,"2018",2018,123,27.54,0.2,0.5,194.43
"11922",2018-02-01,"2018",2018,124,27.42,0.1,0.51,194.94
"11923",2018-02-02,"2018",2018,125,27.31,0.1,0.51,195.45
"11924",2018-02-03,"2018",2018,126,27.19,0.1,0.51,195.96
"11925",2018-02-04,"2018",2018,127,27.07,0,0.56,196.52
"11926",2018-02-05,"2018",2018,128,26.96,0,0.56,197.08
"11927",2018-02-06,"2018",2018,129,26.84,0,0.57,197.65
"11928",2018-02-07,"2018",2018,130,26.72,0,0.53,198.18
"11929",2018-02-08,"2018",2018,131,26.61,0,0.5,198.68
"11930",2018-02-09,"2018",2018,132,26.49,0,0.51,199.19
"11931",2018-02-10,"2018",2018,133,26.38,0,0.52,199.71
"11932",2018-02-11,"2018",2018,134,26.26,0,0.54,200.25
"11933",2018-02-12,"2018",2018,135,26.14,0.1,0.53,200.78
"11934",2018-02-13,"2018",2018,136,26.03,0.1,0.57,201.35
"11935",2018-02-14,"2018",2018,137,25.91,0,0.58,201.93
"11936",2018-02-15,"2018",2018,138,25.79,0,0.57,202.5
"11937",2018-02-16,"2018",2018,139,25.68,0,0.56,203.06
"11938",2018-02-17,"2018",2018,140,25.56,0,0.53,203.59
"11939",2018-02-18,"2018",2018,141,25.45,0.1,0.5,204.09
"11940",2018-02-19,"2018",2018,142,25.33,0.1,0.5,204.59
"11941",2018-02-20,"2018",2018,143,25.21,0.1,0.53,205.12
"11942",2018-02-21,"2018",2018,144,25.1,0.1,0.54,205.66
"11943",2018-02-22,"2018",2018,145,24.98,0.1,0.54,206.2
"11944",2018-02-23,"2018",2018,146,24.86,0.1,0.55,206.75
"11945",2018-02-24,"2018",2018,147,24.75,0,0.56,207.31
"11946",2018-02-25,"2018",2018,148,24.63,0,0.53,207.84
"11947",2018-02-26,"2018",2018,149,24.52,0,0.49,208.33
"11948",2018-02-27,"2018",2018,150,24.4,0.1,0.49,208.82
"11949",2018-02-28,"2018",2018,151,24.28,0.1,0.51,209.33
"11950",2018-03-01,"2018",2018,152,24.17,0.1,0.52,209.85
"11951",2018-03-02,"2018",2018,153,24.05,0.1,0.52,210.37
"11952",2018-03-03,"2018",2018,154,23.93,0.1,0.53,210.9
"11953",2018-03-04,"2018",2018,155,23.82,0.1,0.53,211.43
"11954",2018-03-05,"2018",2018,156,23.7,0.1,0.51,211.94
"11955",2018-03-06,"2018",2018,157,23.59,0.1,0.51,212.45
"11956",2018-03-07,"2018",2018,158,23.47,0.1,0.5,212.95
"11957",2018-03-08,"2018",2018,159,23.35,0.1,0.5,213.45
"11958",2018-03-09,"2018",2018,160,23.24,0.1,0.49,213.94
"11959",2018-03-10,"2018",2018,161,23.12,0.1,0.5,214.44
"11960",2018-03-11,"2018",2018,162,23,0.1,0.48,214.92
"11961",2018-03-12,"2018",2018,163,22.89,0.1,0.45,215.37
"11962",2018-03-13,"2018",2018,164,22.77,0.1,0.44,215.81
"11963",2018-03-14,"2018",2018,165,22.66,0.1,0.45,216.26
"11964",2018-03-15,"2018",2018,166,22.54,0.1,0.47,216.73
"11965",2018-03-16,"2018",2018,167,22.42,0.1,0.5,217.23
"11966",2018-03-17,"2018",2018,168,22.31,0.2,0.47,217.7
"11967",2018-03-18,"2018",2018,169,22.19,0.2,0.47,218.17
"11968",2018-03-19,"2018",2018,170,22.07,0.2,0.46,218.63
"11969",2018-03-20,"2018",2018,171,21.96,0.1,0.43,219.06
"11970",2018-03-21,"2018",2018,172,21.84,0.1,0.39,219.45
"11971",2018-03-22,"2018",2018,173,21.73,0.1,0.36,219.81
"11972",2018-03-23,"2018",2018,174,21.61,0.2,0.39,220.2
"11973",2018-03-24,"2018",2018,175,21.49,0.3,0.4,220.6
"11974",2018-03-25,"2018",2018,176,21.38,0.3,0.38,220.98
"11975",2018-03-26,"2018",2018,177,21.26,0.3,0.36,221.34
"11976",2018-03-27,"2018",2018,178,21.14,0.4,0.35,221.69
"11977",2018-03-28,"2018",2018,179,21.03,0.3,0.36,222.05
"11978",2018-03-29,"2018",2018,180,20.91,0.2,0.36,222.41
"11979",2018-03-30,"2018",2018,181,20.8,0.2,0.34,222.75
"11980",2018-03-31,"2018",2018,182,20.68,0.2,0.31,223.06
"11981",2018-04-01,"2018",2018,183,20.56,0.3,0.31,223.37
"11982",2018-04-02,"2018",2018,184,20.45,0.3,0.31,223.68
"11983",2018-04-03,"2018",2018,185,20.33,0.5,0.3,223.98
"11984",2018-04-04,"2018",2018,186,20.21,0.5,0.3,224.28
"11985",2018-04-05,"2018",2018,187,20.1,0.5,0.29,224.57
"11986",2018-04-06,"2018",2018,188,19.98,0.5,0.32,224.89
"11987",2018-04-07,"2018",2018,189,19.87,0.5,0.35,225.24
"11988",2018-04-08,"2018",2018,190,19.75,0.4,0.38,225.62
"11989",2018-04-09,"2018",2018,191,19.63,0.4,0.36,225.98
"11990",2018-04-10,"2018",2018,192,19.6,0.3,0.33,226.31
"11991",2018-04-11,"2018",2018,193,19.79,0.2,0.32,226.63
"11992",2018-04-12,"2018",2018,194,NA,0.1,0.32,226.95
"11993",2018-04-13,"2018",2018,195,NA,0.1,0.32,227.27
"11994",2018-04-14,"2018",2018,196,NA,0.2,0.3,227.57
"11995",2018-04-15,"2018",2018,197,NA,0.3,0.3,227.87
"11996",2018-04-16,"2018",2018,198,19.84,0.3,0.29,228.16
"11997",2018-04-17,"2018",2018,199,NA,0.4,0.27,228.43
"11998",2018-04-18,"2018",2018,200,20.06,0.3,0.26,228.69
"11999",2018-04-19,"2018",2018,201,20.17,0.5,0.27,228.96
"12000",2018-04-20,"2018",2018,202,NA,0.7,0.29,229.25
"12001",2018-04-21,"2018",2018,203,20.12,0.7,0.3,229.55
"12002",2018-04-22,"2018",2018,204,19.95,0.5,0.29,229.84
"12003",2018-04-23,"2018",2018,205,20.08,0.6,0.34,230.18
"12004",2018-04-24,"2018",2018,206,NA,1.2,0.44,230.62
"12005",2018-04-25,"2018",2018,207,19.41,0.8,0.49,231.11
"12006",2018-04-26,"2018",2018,208,19.47,1.1,0.6,231.71
"12007",2018-04-27,"2018",2018,209,19.94,2,0.84,232.55
"12008",2018-04-28,"2018",2018,210,19.55,2.5,1.56,234.11
"12009",2018-04-29,"2018",2018,211,17.88,2.8,3.38,237.49
"12010",2018-04-30,"2018",2018,212,16.52,2.3,6.1,243.59
"12011",2018-05-01,"2018",2018,213,16.22,2,5.65,249.24
"12012",2018-05-02,"2018",2018,214,15.84,1.5,4.85,254.09
"12013",2018-05-03,"2018",2018,215,15.68,1,4.13,258.22
"12014",2018-05-04,"2018",2018,216,16.38,1.3,3.43,261.65
"12015",2018-05-05,"2018",2018,217,16.87,2.1,3.33,264.98
"12016",2018-05-06,"2018",2018,218,16.56,2.6,3.85,268.83
"12017",2018-05-07,"2018",2018,219,15.33,2.9,5.6,274.43
"12018",2018-05-08,"2018",2018,220,14.54,2.9,8.25,282.68
"12019",2018-05-09,"2018",2018,221,13.81,2.8,9.85,292.53
"12020",2018-05-10,"2018",2018,222,13.17,2.8,11.9,304.43
"12021",2018-05-11,"2018",2018,223,12.94,2.9,13.5,317.93
"12022",2018-05-12,"2018",2018,224,12.81,3,14.3,332.23
"12023",2018-05-13,"2018",2018,225,13.33,2.2,17.2,349.43
"12024",2018-05-14,"2018",2018,226,13.96,2.8,13.1,362.53
"12025",2018-05-15,"2018",2018,227,14.3,3.6,12,374.53
"12026",2018-05-16,"2018",2018,228,14.2,4.5,14.5,389.03
"12027",2018-05-17,"2018",2018,229,14,4.8,14.4,403.43
"12028",2018-05-18,"2018",2018,230,13.89,4.3,13.2,416.63
"12029",2018-05-19,"2018",2018,231,14.14,3.7,11,427.63
"12030",2018-05-20,"2018",2018,232,14.52,3.8,9.94,437.57
"12031",2018-05-21,"2018",2018,233,15.34,4.9,11.5,449.07
"12032",2018-05-22,"2018",2018,234,15.09,5.3,16,465.07
"12033",2018-05-23,"2018",2018,235,14.65,5,18.9,483.97
"12034",2018-05-24,"2018",2018,236,14.75,5.7,17.9,501.87
"12035",2018-05-25,"2018",2018,237,14.86,6.6,18.8,520.67
"12036",2018-05-26,"2018",2018,238,14.58,6.8,20.6,541.27
"12037",2018-05-27,"2018",2018,239,14.47,6.8,21.5,562.77
"12038",2018-05-28,"2018",2018,240,14.3,6,23.3,586.07
"12039",2018-05-29,"2018",2018,241,14.53,5,19.3,605.37
"12040",2018-05-30,"2018",2018,242,14.79,5.7,17.1,622.47
"12041",2018-05-31,"2018",2018,243,14.74,6.9,18.6,641.07
"12042",2018-06-01,"2018",2018,244,14.58,7,19.1,660.17
"12043",2018-06-02,"2018",2018,245,14.59,6.7,16.6,676.77
"12044",2018-06-03,"2018",2018,246,14.66,7.4,15.8,692.57
"12045",2018-06-04,"2018",2018,247,14.65,7.8,17.8,710.37
"12046",2018-06-05,"2018",2018,248,14.32,8.7,20.3,730.67
"12047",2018-06-06,"2018",2018,249,14.16,9.2,21.2,751.87
"12048",2018-06-07,"2018",2018,250,14.03,9.5,22.2,774.07
"12049",2018-06-08,"2018",2018,251,14,9.6,20.8,794.87
"12050",2018-06-09,"2018",2018,252,13.97,9.7,19.4,814.27
"12051",2018-06-10,"2018",2018,253,13.83,9.4,19,833.27
"12052",2018-06-11,"2018",2018,254,13.73,8.6,17.6,850.87
"12053",2018-06-12,"2018",2018,255,13.75,9,15.9,866.77
"12054",2018-06-13,"2018",2018,256,13.71,10.6,16.7,883.47
"12055",2018-06-14,"2018",2018,257,13.91,10.3,18.9,902.37
"12056",2018-06-15,"2018",2018,258,13.45,10.2,20.4,922.77
"12057",2018-06-16,"2018",2018,259,13.16,10.3,21.4,944.17
"12058",2018-06-17,"2018",2018,260,12.98,9.3,22.8,966.97
"12059",2018-06-18,"2018",2018,261,12.73,9.4,27.9,994.87
"12060",2018-06-19,"2018",2018,262,12.99,9.5,21.6,1016.47
"12061",2018-06-20,"2018",2018,263,12.88,9.6,16.9,1033.37
"12062",2018-06-21,"2018",2018,264,12.92,9.7,15,1048.37
"12063",2018-06-22,"2018",2018,265,12.82,10.2,14.4,1062.77
"12064",2018-06-23,"2018",2018,266,12.79,10.3,13.4,1076.17
"12065",2018-06-24,"2018",2018,267,12.82,9.9,12.9,1089.07
"12066",2018-06-25,"2018",2018,268,12.75,10,11.1,1100.17
"12067",2018-06-26,"2018",2018,269,12.75,11,11,1111.17
"12068",2018-06-27,"2018",2018,270,12.74,12.3,12.1,1123.27
"12069",2018-06-28,"2018",2018,271,12.63,12.9,13.2,1136.47
"12070",2018-06-29,"2018",2018,272,12.47,11.9,13,1149.47
"12071",2018-06-30,"2018",2018,273,12.43,11.5,12.1,1161.57
"12072",2018-07-01,"2018",2018,274,12.24,10.2,10.3,1171.87
"12073",2018-07-02,"2018",2018,275,12.22,11.2,10,1181.87
"12074",2018-07-03,"2018",2018,276,12.25,12,10.1,1191.97
"12075",2018-07-04,"2018",2018,277,12.27,12.5,10.3,1202.27
"12076",2018-07-05,"2018",2018,278,12.15,12.5,10.8,1213.07
"12077",2018-07-06,"2018",2018,279,12.07,12.4,11.4,1224.47
"12078",2018-07-07,"2018",2018,280,12.22,12.1,11.9,1236.37
"12079",2018-07-08,"2018",2018,281,11.98,11.8,12.7,1249.07
"12080",2018-07-09,"2018",2018,282,11.85,12.7,15.7,1264.77
"12081",2018-07-10,"2018",2018,283,11.6,13.4,14.7,1279.47
"12082",2018-07-11,"2018",2018,284,11.63,14,13.3,1292.77
"12083",2018-07-12,"2018",2018,285,11.38,13.3,19,1311.77
"12084",2018-07-13,"2018",2018,286,11.53,11.3,22.1,1333.87
"12085",2018-07-14,"2018",2018,287,11.73,12.1,15.9,1349.77
"12086",2018-07-15,"2018",2018,288,12.16,11.3,14.3,1364.07
"12087",2018-07-16,"2018",2018,289,12.33,10.9,12.5,1376.57
"12088",2018-07-17,"2018",2018,290,12.51,12.1,12.5,1389.07
"12089",2018-07-18,"2018",2018,291,12.7,12.6,12.8,1401.87
"12090",2018-07-19,"2018",2018,292,12.82,13.5,13.2,1415.07
"12091",2018-07-20,"2018",2018,293,12.91,13.5,12.3,1427.37
"12092",2018-07-21,"2018",2018,294,12.94,14,11.5,1438.87
"12093",2018-07-22,"2018",2018,295,12.91,13.3,11.9,1450.77
"12094",2018-07-23,"2018",2018,296,12.65,12.7,12.6,1463.37
"12095",2018-07-24,"2018",2018,297,12.57,13.3,12.9,1476.27
"12096",2018-07-25,"2018",2018,298,12.61,13.2,12.8,1489.07
"12097",2018-07-26,"2018",2018,299,12.63,13.2,12.1,1501.17
"12098",2018-07-27,"2018",2018,300,12.71,13.3,11.8,1512.97
"12099",2018-07-28,"2018",2018,301,12.8,12.6,10.8,1523.77
"12100",2018-07-29,"2018",2018,302,12.83,12.4,10.6,1534.37
"12101",2018-07-30,"2018",2018,303,12.89,13.3,10.6,1544.97
"12102",2018-07-31,"2018",2018,304,NA,0,10.3,1555.27
"12103",2018-08-01,"2018",2018,305,NA,0,9.47,1564.74
"12104",2018-08-02,"2018",2018,306,NA,0,8.83,1573.57
"12105",2018-08-03,"2018",2018,307,12.93,12.1,8.97,1582.54
"12106",2018-08-04,"2018",2018,308,12.98,11.3,9.25,1591.79
"12107",2018-08-05,"2018",2018,309,12.91,11.3,9.98,1601.77
"12108",2018-08-06,"2018",2018,310,12.97,12.6,10.4,1612.17
"12109",2018-08-07,"2018",2018,311,13.05,13.6,10.1,1622.27
"12110",2018-08-08,"2018",2018,312,13.17,13.8,9.72,1631.99
"12111",2018-08-09,"2018",2018,313,13.31,14.1,9.3,1641.29
"12112",2018-08-10,"2018",2018,314,NA,14.7,9.13,1650.42
"12113",2018-08-11,"2018",2018,315,13.54,15,8.81,1659.23
"12114",2018-08-12,"2018",2018,316,13.64,15.2,8.47,1667.7
"12115",2018-08-13,"2018",2018,317,13.73,15,8.4,1676.1
"12116",2018-08-14,"2018",2018,318,NA,14.8,8.39,1684.49
"12117",2018-08-15,"2018",2018,319,NA,14.5,7.88,1692.37
"12118",2018-08-16,"2018",2018,320,NA,14.3,7.39,1699.76
"12119",2018-08-17,"2018",2018,321,13.77,14,7.33,1707.09
"12120",2018-08-18,"2018",2018,322,13.64,12.7,7.53,1714.62
"12121",2018-08-19,"2018",2018,323,13.68,11.4,7.57,1722.19
"12122",2018-08-20,"2018",2018,324,13.81,11.7,6.95,1729.14
"12123",2018-08-21,"2018",2018,325,13.84,11.6,6.78,1735.92
"12124",2018-08-22,"2018",2018,326,13.91,11.2,6.96,1742.88
"12125",2018-08-23,"2018",2018,327,13.85,10.7,7.81,1750.69
"12126",2018-08-24,"2018",2018,328,14.21,10.2,8.6,1759.29
"12127",2018-08-25,"2018",2018,329,14.51,11.5,8.61,1767.9
"12128",2018-08-26,"2018",2018,330,14.94,11.7,8.23,1776.13
"12129",2018-08-27,"2018",2018,331,15.05,11,7.83,1783.96
"12130",2018-08-28,"2018",2018,332,15.23,10.5,7.49,1791.45
"12131",2018-08-29,"2018",2018,333,15.45,10.5,6.97,1798.42
"12132",2018-08-30,"2018",2018,334,15.65,10.8,6.55,1804.97
"12133",2018-08-31,"2018",2018,335,15.8,10.6,6.19,1811.16
"12134",2018-09-01,"2018",2018,336,15.92,11,5.93,1817.09
"12135",2018-09-02,"2018",2018,337,16.02,11,5.73,1822.82
"12136",2018-09-03,"2018",2018,338,16.1,10.6,5.29,1828.11
"12137",2018-09-04,"2018",2018,339,16.31,10.2,4.98,1833.09
"12138",2018-09-05,"2018",2018,340,16.47,10.3,4.69,1837.78
"12139",2018-09-06,"2018",2018,341,16.57,10.4,4.42,1842.2
"12140",2018-09-07,"2018",2018,342,NA,10.6,4.39,1846.59
"12141",2018-09-08,"2018",2018,343,NA,11.5,4.15,1850.74
"12142",2018-09-09,"2018",2018,344,NA,11.3,4.13,1854.87
"12143",2018-09-10,"2018",2018,345,16.54,11.2,4.05,1858.92
"12144",2018-09-11,"2018",2018,346,16.53,11.5,3.98,1862.9
"12145",2018-09-12,"2018",2018,347,16.53,11.6,3.89,1866.79
"12146",2018-09-13,"2018",2018,348,16.55,10.3,3.59,1870.38
"12147",2018-09-14,"2018",2018,349,16.64,9.5,3.36,1873.74
"12148",2018-09-15,"2018",2018,350,16.73,10.6,3.31,1877.05
"12149",2018-09-16,"2018",2018,351,16.71,11.2,3.17,1880.22
"12150",2018-09-17,"2018",2018,352,16.72,11.7,3.22,1883.44
"12151",2018-09-18,"2018",2018,353,16.63,12,3.29,1886.73
"12152",2018-09-19,"2018",2018,354,16.48,10.9,3.29,1890.02
"12153",2018-09-20,"2018",2018,355,16.55,9.9,3.25,1893.27
"12154",2018-09-21,"2018",2018,356,16.63,8.8,2.95,1896.22
"12155",2018-09-22,"2018",2018,357,16.64,8.9,2.73,1898.95
"12156",2018-09-23,"2018",2018,358,16.74,8.8,2.6,1901.55
"12157",2018-09-24,"2018",2018,359,16.79,8,2.59,1904.14
"12158",2018-09-25,"2018",2018,360,16.87,6.4,2.35,1906.49
"12159",2018-09-26,"2018",2018,361,16.94,6.9,2.27,1908.76
"12160",2018-09-27,"2018",2018,362,17.07,5.5,1.9,1910.66
"12161",2018-09-28,"2018",2018,363,17.13,6.3,1.97,1912.63
"12162",2018-09-29,"2018",2018,364,17.23,6.3,1.95,1914.58
"12163",2018-09-30,"2018",2018,365,17.25,6.6,1.91,1916.49
"12164",2018-10-01,"2018",2019,1,17.38,6.8,1.79,1.79
"12165",2018-10-02,"2018",2019,2,17.45,6.9,1.83,3.62
"12166",2018-10-03,"2018",2019,3,17.27,5.8,1.99,5.61
"12167",2018-10-04,"2018",2019,4,17.36,3.6,2.09,7.7
"12168",2018-10-05,"2018",2019,5,17.51,3.3,2.31,10.01
"12169",2018-10-06,"2018",2019,6,17.67,3.6,2.65,12.66
"12170",2018-10-07,"2018",2019,7,18.13,3,2.85,15.51
"12171",2018-10-08,"2018",2019,8,18.7,2.4,3.05,18.56
"12172",2018-10-09,"2018",2019,9,19.32,2.1,3.14,21.7
"12173",2018-10-10,"2018",2019,10,19.8,2.2,3.05,24.75
"12174",2018-10-11,"2018",2019,11,20.37,2.8,2.87,27.62
"12175",2018-10-12,"2018",2019,12,20.16,3.4,2.81,30.43
"12176",2018-10-13,"2018",2019,13,20.54,2.9,2.65,33.08
"12177",2018-10-14,"2018",2019,14,20.79,2.6,2.64,35.72
"12178",2018-10-15,"2018",2019,15,21.86,2.7,2.49,38.21
"12179",2018-10-16,"2018",2019,16,22.43,2.5,2.28,40.49
"12180",2018-10-17,"2018",2019,17,23.05,2.7,2.18,42.67
"12181",2018-10-18,"2018",2019,18,23.26,2.9,2.17,44.84
"12182",2018-10-19,"2018",2019,19,23.21,3.3,2.15,46.99
"12183",2018-10-20,"2018",2019,20,23.13,3.6,2.14,49.13
"12184",2018-10-21,"2018",2019,21,23.01,3.9,2.18,51.31
"12185",2018-10-22,"2018",2019,22,23.07,3.9,2.25,53.56
"12186",2018-10-23,"2018",2019,23,23.16,3.9,2.35,55.91
"12187",2018-10-24,"2018",2019,24,NA,3.4,2.44,58.35
"12188",2018-10-25,"2018",2019,25,NA,3.2,2.4,60.75
"12189",2018-10-26,"2018",2019,26,23.55,2.9,2.32,63.07
"12190",2018-10-27,"2018",2019,27,23.49,2.9,2.29,65.36
"12191",2018-10-28,"2018",2019,28,23.33,2.4,2.24,67.6
"12192",2018-10-29,"2018",2019,29,23.15,1.8,2.16,69.76
"12193",2018-10-30,"2018",2019,30,23.09,1.5,2.19,71.95
"12194",2018-10-31,"2018",2019,31,23.11,1.5,2.24,74.19
"12195",2018-11-01,"2018",2019,32,23.05,1,2.05,76.24
"12196",2018-11-02,"2018",2019,33,22.94,1.5,2.16,78.4
"12197",2018-11-03,"2018",2019,34,23.29,0.4,2.26,80.66
"12198",2018-11-04,"2018",2019,35,23.52,0.8,2.16,82.82
"12199",2018-11-05,"2018",2019,36,23.76,1,2,84.82
"12200",2018-11-06,"2018",2019,37,24.03,0.8,1.91,86.73
"12201",2018-11-07,"2018",2019,38,24.15,0.5,1.83,88.56
"12202",2018-11-08,"2018",2019,39,24.24,0.5,1.64,90.2
"12203",2018-11-09,"2018",2019,40,24.37,0.7,1.4,91.6
"12204",2018-11-10,"2018",2019,41,24.73,0.8,1.32,92.92
"12205",2018-11-11,"2018",2019,42,24.86,0.6,1.32,94.24
"12206",2018-11-12,"2018",2019,43,25.3,0.8,1.32,95.56
"12207",2018-11-13,"2018",2019,44,25.41,0.8,1.26,96.82
"12208",2018-11-14,"2018",2019,45,25.51,0.6,1.29,98.11
"12209",2018-11-15,"2018",2019,46,25.47,0.8,1.22,99.33
"12210",2018-11-16,"2018",2019,47,25.47,0.8,1.21,100.54
"12211",2018-11-17,"2018",2019,48,25.19,0.3,1.25,101.79
"12212",2018-11-18,"2018",2019,49,25.02,0.5,1.29,103.08
"12213",2018-11-19,"2018",2019,50,25.21,0.6,1.23,104.31
"12214",2018-11-20,"2018",2019,51,25.58,0.7,1.2,105.51
"12215",2018-11-21,"2018",2019,52,25.8,0.5,1.16,106.67
"12216",2018-11-22,"2018",2019,53,26,0.3,1.17,107.84
"12217",2018-11-23,"2018",2019,54,NA,0.2,1.2,109.04
"12218",2018-11-24,"2018",2019,55,26.92,0.3,1.36,110.4
"12219",2018-11-25,"2018",2019,56,27.3,0.3,1.43,111.83
"12220",2018-11-26,"2018",2019,57,27.01,0.6,1.32,113.15
"12221",2018-11-27,"2018",2019,58,NA,0.6,1.18,114.33
"12222",2018-11-28,"2018",2019,59,NA,0.5,1.15,115.48
"12223",2018-11-29,"2018",2019,60,NA,0.6,1.21,116.69
"12224",2018-11-30,"2018",2019,61,26.5,0.5,1.23,117.92
"12225",2018-12-01,"2018",2019,62,26.66,0.6,1.2,119.12
"12226",2018-12-02,"2018",2019,63,26.93,0.7,1.16,120.28
"12227",2018-12-03,"2018",2019,64,27.12,0.5,1.15,121.43
"12228",2018-12-04,"2018",2019,65,27.32,0.5,1.28,122.71
"12229",2018-12-05,"2018",2019,66,27.66,0.4,1.32,124.03
"12230",2018-12-06,"2018",2019,67,28.39,0.4,1.38,125.41
"12231",2018-12-07,"2018",2019,68,29.11,0.4,1.41,126.82
"12232",2018-12-08,"2018",2019,69,29.63,0.4,1.47,128.29
"12233",2018-12-09,"2018",2019,70,29.96,0.4,1.47,129.76
"12234",2018-12-10,"2018",2019,71,30.04,0.4,1.55,131.31
"12235",2018-12-11,"2018",2019,72,30.09,0.4,1.59,132.9
"12236",2018-12-12,"2018",2019,73,30,0.4,1.54,134.44
"12237",2018-12-13,"2018",2019,74,29.92,0.4,1.48,135.92
"12238",2018-12-14,"2018",2019,75,30.23,0.4,1.44,137.36
"12239",2018-12-15,"2018",2019,76,30.36,0.4,1.4,138.76
"12240",2018-12-16,"2018",2019,77,30.39,0.4,1.35,140.11
"12241",2018-12-17,"2018",2019,78,NA,0.3,1.34,141.45
"12242",2018-12-18,"2018",2019,79,30.08,0.3,1.33,142.78
"12243",2018-12-19,"2018",2019,80,29.71,0.2,1.32,144.1
"12244",2018-12-20,"2018",2019,81,29.37,0.2,1.29,145.39
"12245",2018-12-21,"2018",2019,82,29.19,0.2,1.22,146.61
"12246",2018-12-22,"2018",2019,83,29.07,0.2,1.2,147.81
"12247",2018-12-23,"2018",2019,84,29.03,0.2,1.2,149.01
"12248",2018-12-24,"2018",2019,85,29.44,0.2,1.16,150.17
"12249",2018-12-25,"2018",2019,86,29.74,0.2,1.13,151.3
"12250",2018-12-26,"2018",2019,87,29.84,0.2,1.13,152.43
"12251",2018-12-27,"2018",2019,88,29.89,0.2,1.13,153.56
"12252",2018-12-28,"2018",2019,89,29.81,0.2,1.11,154.67
"12253",2018-12-29,"2018",2019,90,29.67,0.2,1.12,155.79
"12254",2018-12-30,"2018",2019,91,29.99,0.2,1.07,156.86
"12255",2018-12-31,"2018",2019,92,30.25,0.2,1.04,157.9
"12256",2019-01-01,"2019",2019,93,30.19,0.2,1.04,158.94
"12257",2019-01-02,"2019",2019,94,30.28,0.2,0.98,159.92
"12258",2019-01-03,"2019",2019,95,30.26,0.2,0.94,160.86
"12259",2019-01-04,"2019",2019,96,29.91,0.1,0.88,161.74
"12260",2019-01-05,"2019",2019,97,29.79,0.1,0.85,162.59
"12261",2019-01-06,"2019",2019,98,29.36,0.1,0.82,163.41
"12262",2019-01-07,"2019",2019,99,28.72,0.1,0.84,164.25
"12263",2019-01-08,"2019",2019,100,28.14,0.1,0.79,165.04
"12264",2019-01-09,"2019",2019,101,28.46,0.1,0.75,165.79
"12265",2019-01-10,"2019",2019,102,28.66,0.1,0.75,166.54
"12266",2019-01-11,"2019",2019,103,28.49,0.1,0.75,167.29
"12267",2019-01-12,"2019",2019,104,NA,0.1,0.75,168.04
"12268",2019-01-13,"2019",2019,105,NA,0.1,0.75,168.79
"12269",2019-01-14,"2019",2019,106,27.65,0.1,0.74,169.53
"12270",2019-01-15,"2019",2019,107,27.63,0.1,0.74,170.27
"12271",2019-01-16,"2019",2019,108,27.83,0.1,0.71,170.98
"12272",2019-01-17,"2019",2019,109,27.74,0.1,0.67,171.65
"12273",2019-01-18,"2019",2019,110,27.76,0.1,0.69,172.34
"12274",2019-01-19,"2019",2019,111,NA,0.1,0.68,173.02
"12275",2019-01-20,"2019",2019,112,NA,0.1,0.65,173.67
"12276",2019-01-21,"2019",2019,113,NA,0,0.66,174.33
"12277",2019-01-22,"2019",2019,114,NA,0,0.68,175.01
"12278",2019-01-23,"2019",2019,115,NA,0,0.68,175.69
"12279",2019-01-24,"2019",2019,116,NA,0,0.66,176.35
"12280",2019-01-25,"2019",2019,117,NA,0,0.63,176.98
"12281",2019-01-26,"2019",2019,118,NA,0,0.58,177.56
"12282",2019-01-27,"2019",2019,119,NA,0,0.56,178.12
"12283",2019-01-28,"2019",2019,120,NA,0,0.58,178.7
"12284",2019-01-29,"2019",2019,121,28.76,0,0.61,179.31
"12285",2019-01-30,"2019",2019,122,28.76,0,0.62,179.93
"12286",2019-01-31,"2019",2019,123,29.08,0,0.63,180.56
"12287",2019-02-01,"2019",2019,124,29.11,0,0.64,181.2
"12288",2019-02-02,"2019",2019,125,28.92,0,0.57,181.77
"12289",2019-02-03,"2019",2019,126,28.78,0,0.54,182.31
"12290",2019-02-04,"2019",2019,127,28.55,0,0.59,182.9
"12291",2019-02-05,"2019",2019,128,27.86,0,0.65,183.55
"12292",2019-02-06,"2019",2019,129,27.53,0,0.69,184.24
"12293",2019-02-07,"2019",2019,130,27.6,0,0.7,184.94
"12294",2019-02-08,"2019",2019,131,27.78,0,0.65,185.59
"12295",2019-02-09,"2019",2019,132,28.17,0,0.62,186.21
"12296",2019-02-10,"2019",2019,133,28.27,0,0.64,186.85
"12297",2019-02-11,"2019",2019,134,27.91,0,0.67,187.52
"12298",2019-02-12,"2019",2019,135,27.68,0,0.62,188.14
"12299",2019-02-13,"2019",2019,136,27.68,0,0.59,188.73
"12300",2019-02-14,"2019",2019,137,27.72,0,0.67,189.4
"12301",2019-02-15,"2019",2019,138,27.77,0,0.72,190.12
"12302",2019-02-16,"2019",2019,139,27.9,0,0.74,190.86
"12303",2019-02-17,"2019",2019,140,27.77,0,0.72,191.58
"12304",2019-02-18,"2019",2019,141,27.63,0,0.74,192.32
"12305",2019-02-19,"2019",2019,142,27.31,0,0.7,193.02
"12306",2019-02-20,"2019",2019,143,27.03,0,0.65,193.67
"12307",2019-02-21,"2019",2019,144,27.2,0,0.64,194.31
"12308",2019-02-22,"2019",2019,145,27.37,0,0.63,194.94
"12309",2019-02-23,"2019",2019,146,27.51,0,0.59,195.53
"12310",2019-02-24,"2019",2019,147,27.59,0,0.57,196.1
"12311",2019-02-25,"2019",2019,148,27.53,0,0.55,196.65
"12312",2019-02-26,"2019",2019,149,27.72,0,0.48,197.13
"12313",2019-02-27,"2019",2019,150,NA,0,0.52,197.65
"12314",2019-02-28,"2019",2019,151,NA,0,0.48,198.13
"12315",2019-03-01,"2019",2019,152,27.62,0,0.46,198.59
"12316",2019-03-02,"2019",2019,153,27.62,0,0.51,199.1
"12317",2019-03-03,"2019",2019,154,27.85,0,0.58,199.68
"12318",2019-03-04,"2019",2019,155,27.76,0,0.59,200.27
"12319",2019-03-05,"2019",2019,156,27.66,0,0.55,200.82
"12320",2019-03-06,"2019",2019,157,27.69,0,0.51,201.33
"12321",2019-03-07,"2019",2019,158,27.62,0,0.47,201.8
"12322",2019-03-08,"2019",2019,159,27.81,0,0.46,202.26
"12323",2019-03-09,"2019",2019,160,27.96,0,0.46,202.72
"12324",2019-03-10,"2019",2019,161,28.4,0,0.48,203.2
"12325",2019-03-11,"2019",2019,162,28.52,0,0.5,203.7
"12326",2019-03-12,"2019",2019,163,28.57,0,0.5,204.2
"12327",2019-03-13,"2019",2019,164,29.09,0,0.48,204.68
"12328",2019-03-14,"2019",2019,165,29.17,0,0.48,205.16
"12329",2019-03-15,"2019",2019,166,NA,0,0.48,205.64
"12330",2019-03-16,"2019",2019,167,29.42,0,0.48,206.12
"12331",2019-03-17,"2019",2019,168,29.62,0,0.47,206.59
"12332",2019-03-18,"2019",2019,169,29.74,0,0.46,207.05
"12333",2019-03-19,"2019",2019,170,29.8,0,0.45,207.5
"12334",2019-03-20,"2019",2019,171,29.95,0,0.44,207.94
"12335",2019-03-21,"2019",2019,172,30.04,0,0.44,208.38
"12336",2019-03-22,"2019",2019,173,29.92,0,0.44,208.82
"12337",2019-03-23,"2019",2019,174,29.65,0,0.44,209.26
"12338",2019-03-24,"2019",2019,175,29.78,0,0.43,209.69
"12339",2019-03-25,"2019",2019,176,29.69,0,0.43,210.12
"12340",2019-03-26,"2019",2019,177,29.86,0,0.43,210.55
"12341",2019-03-27,"2019",2019,178,29.91,0,0.42,210.97
"12342",2019-03-28,"2019",2019,179,29.9,0,0.41,211.38
"12343",2019-03-29,"2019",2019,180,29.82,0,0.38,211.76
"12344",2019-03-30,"2019",2019,181,29.58,0,0.36,212.12
"12345",2019-03-31,"2019",2019,182,30.13,0,0.34,212.46
"12346",2019-04-01,"2019",2019,183,28.84,0,0.3,212.76
"12347",2019-04-02,"2019",2019,184,28.1,0,0.28,213.04
"12348",2019-04-03,"2019",2019,185,27.47,0,0.26,213.3
"12349",2019-04-04,"2019",2019,186,27.33,0,0.22,213.52
"12350",2019-04-05,"2019",2019,187,27.41,0,0.19,213.71
"12351",2019-04-06,"2019",2019,188,27.46,0.1,0.17,213.88
"12352",2019-04-07,"2019",2019,189,27.4,0.1,0.15,214.03
"12353",2019-04-08,"2019",2019,190,27.46,0.2,0.11,214.14
"12354",2019-04-09,"2019",2019,191,27.08,0.3,0.28,214.42
"12355",2019-04-10,"2019",2019,192,25.32,0.2,0.76,215.18
"12356",2019-04-11,"2019",2019,193,22.31,0.1,0.58,215.76
"12357",2019-04-12,"2019",2019,194,21.34,0.1,0.26,216.02
"12358",2019-04-13,"2019",2019,195,21.35,0.1,0.2,216.22
"12359",2019-04-14,"2019",2019,196,22,0.2,0.19,216.41
"12360",2019-04-15,"2019",2019,197,23.53,0.3,0.4,216.81
"12361",2019-04-16,"2019",2019,198,23.78,0.4,0.5,217.31
"12362",2019-04-17,"2019",2019,199,22.81,0.6,0.56,217.87
"12363",2019-04-18,"2019",2019,200,22.37,0.8,0.63,218.5
"12364",2019-04-19,"2019",2019,201,22.15,1.1,0.76,219.26
"12365",2019-04-20,"2019",2019,202,20.39,1.2,1.36,220.62
"12366",2019-04-21,"2019",2019,203,18.48,0.9,2,222.62
"12367",2019-04-22,"2019",2019,204,17.76,0.6,2.48,225.1
"12368",2019-04-23,"2019",2019,205,17.25,1.1,2.23,227.33
"12369",2019-04-24,"2019",2019,206,17.22,1.4,2.77,230.1
"12370",2019-04-25,"2019",2019,207,17.14,1.6,3.05,233.15
"12371",2019-04-26,"2019",2019,208,16.61,1.1,3.59,236.74
"12372",2019-04-27,"2019",2019,209,16.01,0.7,4.48,241.22
"12373",2019-04-28,"2019",2019,210,15.91,0.3,4.73,245.95
"12374",2019-04-29,"2019",2019,211,18.68,0.2,5.22,251.17
"12375",2019-04-30,"2019",2019,212,20.75,0.2,5.09,256.26
"12376",2019-05-01,"2019",2019,213,21.35,0.2,4.29,260.55
"12377",2019-05-02,"2019",2019,214,22.01,0.3,3.37,263.92
"12378",2019-05-03,"2019",2019,215,21.9,0.5,2.75,266.67
"12379",2019-05-04,"2019",2019,216,21.26,0.7,2.35,269.02
"12380",2019-05-05,"2019",2019,217,20.86,0.9,2.25,271.27
"12381",2019-05-06,"2019",2019,218,20.49,0.9,2.37,273.64
"12382",2019-05-07,"2019",2019,219,19.63,0.7,2.77,276.41
"12383",2019-05-08,"2019",2019,220,18.51,0.4,2.98,279.39
"12384",2019-05-09,"2019",2019,221,18.48,0.3,3.04,282.43
"12385",2019-05-10,"2019",2019,222,18.72,0.4,2.76,285.19
"12386",2019-05-11,"2019",2019,223,19.29,0.6,2.38,287.57
"12387",2019-05-12,"2019",2019,224,19.24,1,2.2,289.77
"12388",2019-05-13,"2019",2019,225,18.77,1.3,2.72,292.49
"12389",2019-05-14,"2019",2019,226,17.8,1.5,4.09,296.58
"12390",2019-05-15,"2019",2019,227,15.96,1.2,7.03,303.61
"12391",2019-05-16,"2019",2019,228,15.09,1,9.21,312.82
"12392",2019-05-17,"2019",2019,229,15.36,0.8,9.85,322.67
"12393",2019-05-18,"2019",2019,230,15.09,0.8,7.66,330.33
"12394",2019-05-19,"2019",2019,231,16.12,0.8,5.86,336.19
"12395",2019-05-20,"2019",2019,232,17.8,0.9,4.98,341.17
"12396",2019-05-21,"2019",2019,233,18.97,1,4.44,345.61
"12397",2019-05-22,"2019",2019,234,19.62,1,3.72,349.33
"12398",2019-05-23,"2019",2019,235,NA,1.1,3.11,352.44
"12399",2019-05-24,"2019",2019,236,NA,1.8,2.63,355.07
"12400",2019-05-25,"2019",2019,237,20.15,2.3,2.41,357.48
"12401",2019-05-26,"2019",2019,238,20.15,2.4,2.73,360.21
"12402",2019-05-27,"2019",2019,239,19.33,2.3,3.9,364.11
"12403",2019-05-28,"2019",2019,240,17.61,2,4.51,368.62
"12404",2019-05-29,"2019",2019,241,17.13,2.1,4.3,372.92
"12405",2019-05-30,"2019",2019,242,17.85,3,3.81,376.73
"12406",2019-05-31,"2019",2019,243,17.34,3.4,4.27,381
"12407",2019-06-01,"2019",2019,244,17.3,2.8,7.37,388.37
"12408",2019-06-02,"2019",2019,245,16.12,2.2,14.2,402.57
"12409",2019-06-03,"2019",2019,246,15.82,2,17.2,419.77
"12410",2019-06-04,"2019",2019,247,15.97,2,21,440.77
"12411",2019-06-05,"2019",2019,248,16.25,2.1,23.7,464.47
"12412",2019-06-06,"2019",2019,249,16.35,2.3,32.2,496.67
"12413",2019-06-07,"2019",2019,250,16.26,2.3,37.9,534.57
"12414",2019-06-08,"2019",2019,251,15.98,2.8,39.7,574.27
"12415",2019-06-09,"2019",2019,252,15.62,3.7,31.3,605.57
"12416",2019-06-10,"2019",2019,253,15.96,3.5,20.4,625.97
"12417",2019-06-11,"2019",2019,254,15.67,4.2,18.1,644.07
"12418",2019-06-12,"2019",2019,255,15.3,4.6,20.5,664.57
"12419",2019-06-13,"2019",2019,256,14.87,3.3,27.8,692.37
"12420",2019-06-14,"2019",2019,257,14.66,3.5,31.7,724.07
"12421",2019-06-15,"2019",2019,258,15.23,4.3,26.2,750.27
"12422",2019-06-16,"2019",2019,259,15.39,4.1,25.7,775.97
"12423",2019-06-17,"2019",2019,260,15.28,4,26.8,802.77
"12424",2019-06-18,"2019",2019,261,15.42,4.1,26.6,829.37
"12425",2019-06-19,"2019",2019,262,15.11,4.8,33.2,862.57
"12426",2019-06-20,"2019",2019,263,14.59,3.8,38.9,901.47
"12427",2019-06-21,"2019",2019,264,14.13,3.4,42.2,943.67
"12428",2019-06-22,"2019",2019,265,14.56,2.1,28.8,972.47
"12429",2019-06-23,"2019",2019,266,14.92,3.3,20.2,992.67
"12430",2019-06-24,"2019",2019,267,15.22,4.8,14.2,1006.87
"12431",2019-06-25,"2019",2019,268,15.45,6.1,15.7,1022.57
"12432",2019-06-26,"2019",2019,269,15.45,6.9,19,1041.57
"12433",2019-06-27,"2019",2019,270,15.17,7.2,26.5,1068.07
"12434",2019-06-28,"2019",2019,271,14.75,6.9,33.7,1101.77
"12435",2019-06-29,"2019",2019,272,14.21,6.5,38.7,1140.47
"12436",2019-06-30,"2019",2019,273,13.9,6.4,39.2,1179.67
"12437",2019-07-01,"2019",2019,274,13.53,6.8,43.5,1223.17
"12438",2019-07-02,"2019",2019,275,13.44,7.8,37.9,1261.07
"12439",2019-07-03,"2019",2019,276,13.3,7.7,35.3,1296.37
"12440",2019-07-04,"2019",2019,277,13.12,8.4,32.1,1328.47
"12441",2019-07-05,"2019",2019,278,NA,8.3,28.5,1356.97
"12442",2019-07-06,"2019",2019,279,12.94,8.2,28.7,1385.67
"12443",2019-07-07,"2019",2019,280,12.87,8.2,27.1,1412.77
"12444",2019-07-08,"2019",2019,281,12.84,8.5,26.2,1438.97
"12445",2019-07-09,"2019",2019,282,12.74,9,25.8,1464.77
"12446",2019-07-10,"2019",2019,283,12.67,9.8,24.2,1488.97
"12447",2019-07-11,"2019",2019,284,12.59,9.4,24.3,1513.27
"12448",2019-07-12,"2019",2019,285,12.5,9.5,24.9,1538.17
"12449",2019-07-13,"2019",2019,286,NA,9.6,23.6,1561.77
"12450",2019-07-14,"2019",2019,287,NA,9.7,25.5,1587.27
"12451",2019-07-15,"2019",2019,288,12.16,9.7,27.9,1615.17
"12452",2019-07-16,"2019",2019,289,NA,9.9,28.3,1643.47
"12453",2019-07-17,"2019",2019,290,NA,9.6,28.8,1672.27
"12454",2019-07-18,"2019",2019,291,NA,9.9,27.9,1700.17
"12455",2019-07-19,"2019",2019,292,NA,10.5,22.9,1723.07
"12456",2019-07-20,"2019",2019,293,NA,9.5,24.4,1747.47
"12457",2019-07-21,"2019",2019,294,11.31,9.4,31.9,1779.37
"12458",2019-07-22,"2019",2019,295,11.37,9.8,26,1805.37
"12459",2019-07-23,"2019",2019,296,11.42,9.9,24.1,1829.47
"12460",2019-07-24,"2019",2019,297,11.53,9.4,26.4,1855.87
"12461",2019-07-25,"2019",2019,298,11.56,9.2,23.1,1878.97
"12462",2019-07-26,"2019",2019,299,12.77,9.4,21,1899.97
"12463",2019-07-27,"2019",2019,300,13.16,10.3,20.5,1920.47
"12464",2019-07-28,"2019",2019,301,12.78,10.8,22.9,1943.37
"12465",2019-07-29,"2019",2019,302,12.91,10.6,21.1,1964.47
"12466",2019-07-30,"2019",2019,303,13.24,10.1,16.2,1980.67
"12467",2019-07-31,"2019",2019,304,12.18,9.9,15.1,1995.77
"12468",2019-08-01,"2019",2019,305,12.14,10.4,14.8,2010.57
"12469",2019-08-02,"2019",2019,306,11.88,10.7,14.6,2025.17
"12470",2019-08-03,"2019",2019,307,11.19,11,16.2,2041.37
"12471",2019-08-04,"2019",2019,308,11.36,11.4,14.1,2055.47
"12472",2019-08-05,"2019",2019,309,11.52,11.9,14.6,2070.07
"12473",2019-08-06,"2019",2019,310,11.13,12.1,15.1,2085.17
"12474",2019-08-07,"2019",2019,311,11.4,11.7,13.6,2098.77
"12475",2019-08-08,"2019",2019,312,10.94,12.2,12.9,2111.67
"12476",2019-08-09,"2019",2019,313,10.09,12,12.5,2124.17
"12477",2019-08-10,"2019",2019,314,10.57,10.4,13.7,2137.87
"12478",2019-08-11,"2019",2019,315,10.8,10.2,12.7,2150.57
"12479",2019-08-12,"2019",2019,316,10.7,11.1,12,2162.57
"12480",2019-08-13,"2019",2019,317,10.92,12,11.7,2174.27
"12481",2019-08-14,"2019",2019,318,11.61,12.2,10.6,2184.87
"12482",2019-08-15,"2019",2019,319,11.79,11.6,9.89,2194.76
"12483",2019-08-16,"2019",2019,320,11.84,10.5,9.21,2203.97
"12484",2019-08-17,"2019",2019,321,12.15,10.6,9.02,2212.99
"12485",2019-08-18,"2019",2019,322,12.33,12.1,8.81,2221.8
"12486",2019-08-19,"2019",2019,323,12.58,12.9,8.93,2230.73
"12487",2019-08-20,"2019",2019,324,12.56,12.7,8.68,2239.41
"12488",2019-08-21,"2019",2019,325,12.77,12.5,8.44,2247.85
"12489",2019-08-22,"2019",2019,326,12.72,11.6,8.25,2256.1
"12490",2019-08-23,"2019",2019,327,12.75,10.1,7.85,2263.95
"12491",2019-08-24,"2019",2019,328,12.67,10.1,6.9,2270.85
"12492",2019-08-25,"2019",2019,329,12.81,10.8,6.05,2276.9
"12493",2019-08-26,"2019",2019,330,NA,11.6,6.02,2282.92
"12494",2019-08-27,"2019",2019,331,12.92,12.2,6.33,2289.25
"12495",2019-08-28,"2019",2019,332,12.94,11.6,6,2295.25
"12496",2019-08-29,"2019",2019,333,13.05,11.6,5.5,2300.75
"12497",2019-08-30,"2019",2019,334,NA,12.1,4.91,2305.66
"12498",2019-08-31,"2019",2019,335,13.22,13.1,4.8,2310.46
"12499",2019-09-01,"2019",2019,336,NA,13.7,4.78,2315.24
"12500",2019-09-02,"2019",2019,337,13.33,13.6,4.89,2320.13
"12501",2019-09-03,"2019",2019,338,NA,13.1,4.96,2325.09
"12502",2019-09-04,"2019",2019,339,NA,12.6,5.01,2330.1
"12503",2019-09-05,"2019",2019,340,NA,12.7,5.22,2335.32
"12504",2019-09-06,"2019",2019,341,13.29,11.8,5.81,2341.13
"12505",2019-09-07,"2019",2019,342,13.1,11.3,6.54,2347.67
"12506",2019-09-08,"2019",2019,343,12.99,10,7.48,2355.15
"12507",2019-09-09,"2019",2019,344,13.23,9.9,10.8,2365.95
"12508",2019-09-10,"2019",2019,345,13.83,9.4,9.53,2375.48
"12509",2019-09-11,"2019",2019,346,14.59,7.6,7.81,2383.29
"12510",2019-09-12,"2019",2019,347,15.01,7.7,6.03,2389.32
"12511",2019-09-13,"2019",2019,348,15.37,8.1,5.48,2394.8
"12512",2019-09-14,"2019",2019,349,15.75,9.2,4.89,2399.69
"12513",2019-09-15,"2019",2019,350,16,9.8,4.58,2404.27
"12514",2019-09-16,"2019",2019,351,16.33,9.2,4.34,2408.61
"12515",2019-09-17,"2019",2019,352,16.43,8.5,4.02,2412.63
"12516",2019-09-18,"2019",2019,353,16.49,8.9,3.89,2416.52
"12517",2019-09-19,"2019",2019,354,16.65,9.2,3.8,2420.32
"12518",2019-09-20,"2019",2019,355,16.82,7.2,3.72,2424.04
"12519",2019-09-21,"2019",2019,356,16.91,6.7,3.37,2427.41
"12520",2019-09-22,"2019",2019,357,16.9,6.6,2.95,2430.36
"12521",2019-09-23,"2019",2019,358,17.03,6.9,2.75,2433.11
"12522",2019-09-24,"2019",2019,359,NA,7.2,2.48,2435.59
"12523",2019-09-25,"2019",2019,360,17.22,7.9,2.08,2437.67
"12524",2019-09-26,"2019",2019,361,17.21,7.3,2.01,2439.68
"12525",2019-09-27,"2019",2019,362,17.25,7.8,1.95,2441.63
"12526",2019-09-28,"2019",2019,363,17.38,8.5,2.6,2444.23
"12527",2019-09-29,"2019",2019,364,17.79,8.8,2.75,2446.98
"12528",2019-09-30,"2019",2019,365,18.37,9.6,2.79,2449.77
"12529",2019-10-01,"2019",2020,1,18.42994038,8.833726743,2.84,2.84
"12530",2019-10-02,"2019",2020,2,19.15687,9.637401785,2.57,5.41
"12531",2019-10-03,"2019",2020,3,18.57442861,7.793505878,2.26,7.67
"12532",2019-10-04,"2019",2020,4,18.50594479,5.601634573,2.24,9.91
"12533",2019-10-05,"2019",2020,5,18.6526092,5.950328622,1.86,11.77
"12534",2019-10-06,"2019",2020,6,18.90191156,3.380730111,1.76,13.53
"12535",2019-10-07,"2019",2020,7,18.98038639,2.615511368,1.63,15.16
"12536",2019-10-08,"2019",2020,8,19.30252472,1.900911315,1.61,16.77
"12537",2019-10-09,"2019",2020,9,19.38292958,2.098165385,1.62,18.39
"12538",2019-10-10,"2019",2020,10,19.36578347,2.979353889,1.71,20.1
"12539",2019-10-11,"2019",2020,11,18.57915826,1.826079976,1.66,21.76
"12540",2019-10-12,"2019",2020,12,19.94774441,1.526156403,1.39,23.15
"12541",2019-10-13,"2019",2020,13,20.25019604,1.16636784,1.28,24.43
"12542",2019-10-14,"2019",2020,14,20.48095618,1.167314539,1.19,25.62
"12543",2019-10-15,"2019",2020,15,20.6580017,1.183664756,1.13,26.75
"12544",2019-10-16,"2019",2020,16,20.77184844,1.324171798,1.08,27.83
"12545",2019-10-17,"2019",2020,17,20.8010183,1.457541881,1.1,28.93
"12546",2019-10-18,"2019",2020,18,20.78952351,1.667784128,1.06,29.99
"12547",2019-10-19,"2019",2020,19,20.8853742,1.131347234,0.85,30.84
"12548",2019-10-20,"2019",2020,20,21.28225552,0.149757382,1.02,31.86
"12549",2019-10-21,"2019",2020,21,21.39248462,0.004099846,1.05,32.91
"12550",2019-10-22,"2019",2020,22,21.61584684,0.06514443,1.02,33.93
"12551",2019-10-23,"2019",2020,23,21.80287212,0.132740438,0.96,34.89
"12552",2019-10-24,"2019",2020,24,21.75662552,0.313043697,0.99,35.88
"12553",2019-11-09,"2019",2020,40,23.90851875,0.9341229,0.3,44.87
"12554",2019-11-10,"2019",2020,41,24.18309549,1.121749741,0.3,45.17
"12555",2019-11-11,"2019",2020,42,24.44336663,1.243447065,0.31,45.48
"12556",2019-11-12,"2019",2020,43,24.91667958,1.104176496,0.31,45.79
"12557",2019-11-13,"2019",2020,44,24.89469337,0.703418305,0.3,46.09
"12558",2019-11-14,"2019",2020,45,25.02576007,0.885817848,0.31,46.4
"12559",2019-11-15,"2019",2020,46,25.42176333,0.99179744,0.32,46.72
"12560",2019-11-16,"2019",2020,47,25.52290608,1.073143573,0.34,47.06
"12561",2019-11-17,"2019",2020,48,25.63854483,1.05531542,0.37,47.43
"12562",2019-11-18,"2019",2020,49,25.86774333,0.665718075,0.41,47.84
"12563",2019-11-19,"2019",2020,50,25.71887024,0.966258467,0.45,48.29
"12564",2019-11-20,"2019",2020,51,25.73839146,0.974948474,0.54,48.83
"12565",2019-11-21,"2019",2020,52,25.59906875,1.199624984,0.6,49.43
"12566",2019-11-22,"2019",2020,53,25.54293785,1.067777699,0.6,50.03
"12567",2019-11-23,"2019",2020,54,25.35272372,0.707627819,0.55,50.58
"12568",2019-11-24,"2019",2020,55,25.13966813,0.496762804,0.54,51.12
"12569",2019-11-25,"2019",2020,56,24.89746507,0.655529129,0.5,51.62
"12570",2019-11-26,"2019",2020,57,24.98843163,0.973322133,0.66,52.28
"12571",2019-11-27,"2019",2020,58,25.12346337,0.847377441,0.57,52.85
"12572",2019-11-28,"2019",2020,59,25.23618403,0.703950244,0.54,53.39
"12573",2019-11-29,"2019",2020,60,25.33441646,0.930210766,0.51,53.9
"12574",2019-11-30,"2019",2020,61,25.41234448,0.698458873,0.42,54.32
"12575",2019-12-01,"2019",2020,62,25.46296455,0.249135339,0.35,54.67
"12576",2019-12-02,"2019",2020,63,25.72996361,0.358927296,0.33,55
"12577",2019-12-03,"2019",2020,64,NA,0.40415403,0.34,55.34
"12578",2019-12-04,"2019",2020,65,NA,0.372603514,0.33,55.67
"12579",2019-12-05,"2019",2020,66,NA,0.404504866,0.34,56.01
"12580",2019-12-06,"2019",2020,67,NA,0.438911543,0.35,56.36
"12581",2019-12-07,"2019",2020,68,NA,0.34543376,0.33,56.69
"12582",2019-12-08,"2019",2020,69,NA,0.367629463,0.23,56.92
"12583",2019-12-09,"2019",2020,70,NA,0.391662063,0.23,57.15
"12584",2019-12-10,"2019",2020,71,NA,0.377190148,0.2,57.35
"12585",2019-12-11,"2019",2020,72,NA,0.306434321,0.18,57.53
"12586",2019-12-12,"2019",2020,73,NA,0.266072493,0.24,57.77
"12587",2019-12-13,"2019",2020,74,NA,0.272608552,0.46,58.23
"12588",2019-12-14,"2019",2020,75,28.88358007,0.278288311,0.36,58.59
"12589",2019-12-15,"2019",2020,76,28.89570955,0.261050543,0.36,58.95
"12590",2019-12-16,"2019",2020,77,28.85829319,0.264350789,0.3,59.25
"12591",2019-12-17,"2019",2020,78,29.12452177,0.240436348,0.27,59.52
"12592",2019-12-18,"2019",2020,79,29.04594479,0.244914378,0.19,59.71
"12593",2019-12-19,"2019",2020,80,28.85238194,0.275519798,0.15,59.86
"12594",2019-12-20,"2019",2020,81,29.11364302,0.279869399,0.12,59.98
"12595",2019-12-21,"2019",2020,82,29.32859681,0.287676811,0.07,60.05
"12596",2019-12-22,"2019",2020,83,29.66024549,0.29710207,0.07,60.12
"12597",2019-12-23,"2019",2020,84,29.61635924,0.307428777,0.12,60.24
"12598",2019-12-24,"2019",2020,85,30.07708764,0.317538358,0.1,60.34
"12599",2019-12-25,"2019",2020,86,29.78500229,0.327425321,0.09,60.43
"12600",2019-12-26,"2019",2020,87,29.68788632,0.311283962,0.08,60.51
"12601",2019-12-27,"2019",2020,88,29.67234215,0.292329157,0.07,60.58
"12602",2019-12-28,"2019",2020,89,29.9650108,0.28782676,0.06,60.64
"12603",2019-12-29,"2019",2020,90,30.00920118,0.291058756,0.06,60.7
"12604",2019-12-30,"2019",2020,91,30.49271097,0.252214119,0.04,60.74
"12605",2019-12-31,"2019",2020,92,30.30361313,0.205113951,0.02,60.76
"12606",2020-01-01,"2020",2020,93,30.57559149,0.175619548,0.02,60.78
"12607",2020-01-02,"2020",2020,94,31.17433875,0.170371789,0.02,60.8
"12608",2020-01-03,"2020",2020,95,NA,0.179549308,0.04,60.84
"12609",2020-01-04,"2020",2020,96,NA,0.152359646,0.1,60.94
"12610",2020-01-05,"2020",2020,97,NA,0.133540158,0.11,61.05
"12611",2020-01-06,"2020",2020,98,NA,0.131041632,0.11,61.16
"12612",2020-01-07,"2020",2020,99,NA,0.119094295,0.11,61.27
"12613",2020-01-08,"2020",2020,100,NA,0.101435341,0.12,61.39
"12614",2020-01-09,"2020",2020,101,NA,0.099409967,0.09,61.48
"12615",2020-01-10,"2020",2020,102,NA,0.08184825,0.09,61.57
"12616",2020-01-11,"2020",2020,103,NA,0.086525493,0.16,61.73
"12617",2020-01-12,"2020",2020,104,31.03647858,0.081820276,0.16,61.89
"12618",2020-01-13,"2020",2020,105,NA,0.068176271,0.17,62.06
"12619",2020-01-14,"2020",2020,106,NA,0.058926054,0.17,62.23
"12620",2020-01-15,"2020",2020,107,NA,0.036094242,0.16,62.39
"12621",2020-01-16,"2020",2020,108,32.20401205,0.019136216,0.15,62.54
"12622",2020-01-17,"2020",2020,109,31.85593926,0.027392176,0.16,62.7
"12623",2020-01-18,"2020",2020,110,31.53803432,0.019072108,0.16,62.86
"12624",2020-01-19,"2020",2020,111,31.49395684,0.000256856,0.15,63.01
"12625",2020-01-20,"2020",2020,112,31.90232615,0.012541029,0.15,63.16
"12626",2020-01-21,"2020",2020,113,32.35076983,0.0286861,0.14,63.3
"12627",2020-01-22,"2020",2020,114,NA,0.024109734,0.15,63.45
"12628",2020-01-23,"2020",2020,115,NA,0.010684861,0.1,63.55
"12629",2020-01-24,"2020",2020,116,NA,0.017032729,0.13,63.68
"12630",2020-01-25,"2020",2020,117,NA,0.015515116,0.17,63.85
"12631",2020-01-26,"2020",2020,118,NA,0.006856071,0.19,64.04
"12632",2020-01-27,"2020",2020,119,NA,0.006769393,0.23,64.27
"12633",2020-01-28,"2020",2020,120,NA,0.010398335,0.24,64.51
"12634",2020-01-29,"2020",2020,121,NA,0.002280129,0.2,64.71
"12635",2020-01-30,"2020",2020,122,NA,7.48e-05,0.21,64.92
"12636",2020-01-31,"2020",2020,123,NA,0,0.23,65.15
"12637",2020-02-01,"2020",2020,124,NA,0,0.29,65.44
"12638",2020-02-02,"2020",2020,125,NA,1.27e-06,0.35,65.79
"12639",2020-02-03,"2020",2020,126,NA,0.001961072,0.37,66.16
"12640",2020-02-04,"2020",2020,127,NA,0.001432525,0.27,66.43
"12641",2020-02-05,"2020",2020,128,NA,0.000261731,0.25,66.68
"12642",2020-02-06,"2020",2020,129,NA,0,0.25,66.93
"12643",2020-02-07,"2020",2020,130,NA,0,0.24,67.17
"12644",2020-02-08,"2020",2020,131,NA,0,0.23,67.4
"12645",2020-02-09,"2020",2020,132,NA,0,0.23,67.63
"12646",2020-02-10,"2020",2020,133,29.37519632,0,0.21,67.84
"12647",2020-02-11,"2020",2020,134,29.40473743,0,0.2,68.04
"12648",2020-02-12,"2020",2020,135,29.09085042,0,0.19,68.23
"12649",2020-02-13,"2020",2020,136,28.81544351,0,0.18,68.41
"12650",2020-02-14,"2020",2020,137,NA,0,0.18,68.59
"12651",2020-02-15,"2020",2020,138,NA,0,0.18,68.77
"12652",2020-02-16,"2020",2020,139,NA,0,0.17,68.94
"12653",2020-02-17,"2020",2020,140,NA,0,0.17,69.11
"12654",2020-02-18,"2020",2020,141,NA,0,0.17,69.28
"12655",2020-02-19,"2020",2020,142,NA,0,0.18,69.46
"12656",2020-02-20,"2020",2020,143,NA,0,0.18,69.64
"12657",2020-02-21,"2020",2020,144,NA,0,0.18,69.82
"12658",2020-02-22,"2020",2020,145,NA,0,0.19,70.01
"12659",2020-02-23,"2020",2020,146,NA,0,0.19,70.2
"12660",2020-02-24,"2020",2020,147,NA,0,0.19,70.39
"12661",2020-02-25,"2020",2020,148,NA,0,0.19,70.58
"12662",2020-02-26,"2020",2020,149,NA,0,0.19,70.77
"12663",2020-02-27,"2020",2020,150,NA,0,0.18,70.95
"12664",2020-02-28,"2020",2020,151,NA,0,0.18,71.13
"12665",2020-02-29,"2020",2020,152,NA,0,0.18,71.3100000000001
"12666",2020-03-01,"2020",2020,153,NA,0,0.17,71.4800000000001
"12667",2020-03-02,"2020",2020,154,NA,0,0.17,71.6500000000001
"12668",2020-03-03,"2020",2020,155,NA,0,0.17,71.8200000000001
"12669",2020-03-04,"2020",2020,156,NA,0,0.17,71.9900000000001
"12670",2020-03-05,"2020",2020,157,NA,0,0.16,72.1500000000001
"12671",2020-03-06,"2020",2020,158,NA,0,0.16,72.3100000000001
"12672",2020-03-07,"2020",2020,159,NA,0,0.16,72.47
"12673",2020-03-08,"2020",2020,160,NA,0,0.16,72.63
"12674",2020-03-10,"2020",2020,162,NA,0,0.16,72.95
"12675",2020-03-11,"2020",2020,163,NA,0,0.17,73.12
"12676",2020-03-12,"2020",2020,164,NA,0.000416756,0.18,73.3
"12677",2020-03-13,"2020",2020,165,NA,0.026365174,0.18,73.4800000000001
"12678",2020-03-14,"2020",2020,166,NA,0.050868882,0.18,73.6600000000001
"12679",2020-03-15,"2020",2020,167,NA,0.045748924,0.19,73.8500000000001
"12680",2020-03-16,"2020",2020,168,NA,0.072415459,0.18,74.0300000000001
"12681",2020-03-17,"2020",2020,169,NA,0.08796925,0.18,74.2100000000001
"12682",2020-03-18,"2020",2020,170,NA,0.096030978,0.18,74.3900000000001
"12683",2020-03-19,"2020",2020,171,NA,0.127697404,0.17,74.5600000000001
"12684",2020-03-20,"2020",2020,172,NA,0.131003143,0.17,74.7300000000001
"12685",2020-03-21,"2020",2020,173,NA,0.163883391,0.16,74.8900000000001
"12686",2020-03-22,"2020",2020,174,NA,0.115804117,0.16,75.0500000000001
"12687",2020-03-23,"2020",2020,175,NA,0.078706318,0.15,75.2000000000001
"12688",2020-03-24,"2020",2020,176,NA,0.052874143,0.15,75.3500000000001
"12689",2020-03-25,"2020",2020,177,NA,0.034890704,0.14,75.4900000000001
"12690",2020-03-26,"2020",2020,178,NA,0.030156347,0.15,75.6400000000001
"12691",2020-03-27,"2020",2020,179,NA,0.028293503,0.15,75.7900000000001
"12692",2020-03-28,"2020",2020,180,NA,0.038575384,0.16,75.9500000000001
"12693",2020-03-29,"2020",2020,181,NA,0.031542566,0.16,76.1100000000001
"12694",2020-03-30,"2020",2020,182,NA,0.028085603,0.16,76.2700000000001
"12695",2020-03-31,"2020",2020,183,NA,0.030359268,0.16,76.4300000000001
"12696",2020-04-01,"2020",2020,184,NA,0.032549857,0.16,76.5900000000001
"12697",2020-04-02,"2020",2020,185,NA,0.031730969,0.16,76.7500000000001
"12698",2020-04-03,"2020",2020,186,NA,0.041459719,0.16,76.9100000000001
"12699",2020-04-04,"2020",2020,187,NA,0.056803071,0.16,77.0700000000001
"12700",2020-04-05,"2020",2020,188,NA,0.042375141,0.16,77.2300000000001
"12701",2020-04-06,"2020",2020,189,NA,0.045955552,0.17,77.4000000000001
"12702",2020-04-07,"2020",2020,190,NA,0.055802134,0.15,77.5500000000001
"12703",2020-04-08,"2020",2020,191,NA,0.085698553,0.25,77.8000000000001
"12704",2020-04-09,"2020",2020,192,25.16976309,0.165519805,0.07,77.8700000000001
"12705",2020-04-10,"2020",2020,193,NA,0.34017383,0.02,77.8900000000001
"12706",2020-04-11,"2020",2020,194,NA,0.669012802,0.24,78.1300000000001
"12707",2020-04-12,"2020",2020,195,22.5196908,0.914833181,0.34,78.4700000000001
"12708",2020-04-13,"2020",2020,196,21.41713559,1.126674214,0.42,78.8900000000001
"12709",2020-04-14,"2020",2020,197,19.82630497,0.651700652,0.57,79.4600000000001
"12710",2020-04-15,"2020",2020,198,20.00613962,0.479714609,0.8,80.2600000000001
"12711",2020-04-16,"2020",2020,199,24.51257983,0.419579057,1,81.2600000000001
"12712",2020-04-17,"2020",2020,200,23.35278153,0.365448173,0.74,82.0000000000001
"12713",2020-04-18,"2020",2020,201,22.85832354,0.271657325,0.45,82.4500000000001
"12714",2020-04-19,"2020",2020,202,23.68247594,0.224850735,0.36,82.8100000000001
"12715",2020-04-20,"2020",2020,203,23.81073806,0.253147227,0.28,83.0900000000001
"12716",2020-04-21,"2020",2020,204,23.49595781,0.304219034,0.25,83.3400000000001
"12717",2020-04-22,"2020",2020,205,23.32374069,0.475252676,0.23,83.5700000000001
"12718",2020-04-23,"2020",2020,206,23.37453757,0.633716772,0.22,83.7900000000001
"12719",2020-04-24,"2020",2020,207,23.11653424,0.636835067,0.22,84.0100000000001
"12720",2020-04-25,"2020",2020,208,23.03409208,0.561705695,0.19,84.2000000000001
"12721",2020-04-26,"2020",2020,209,22.92094128,0.39594566,0.17,84.3700000000001
"12722",2020-04-27,"2020",2020,210,23.09053295,0.298006245,0.17,84.5400000000001
"12723",2020-04-28,"2020",2020,211,23.16349819,0.237829541,0.44,84.9800000000001
"12724",2020-04-29,"2020",2020,212,23.21258236,0.545122047,0.88,85.8600000000001
"12725",2020-04-30,"2020",2020,213,21.17126806,1.104021403,1.79,87.6500000000001
"12726",2020-05-01,"2020",2020,214,18.0325699,1.394078017,3.7,91.3500000000001
"12727",2020-05-02,"2020",2020,215,16.04813663,1.52896499,7.39,98.7400000000001
"12728",2020-05-03,"2020",2020,216,14.62436951,1.491923549,9.09,107.83
"12729",2020-05-04,"2020",2020,217,14.22609361,1.253895872,8.7,116.53
"12730",2020-05-05,"2020",2020,218,13.86874604,1.315840994,5.99,122.52
"12731",2020-05-06,"2020",2020,219,14.64604226,0.960409945,4.63,127.15
"12732",2020-05-07,"2020",2020,220,14.77117462,2.287708267,4.28,131.43
"12733",2020-05-08,"2020",2020,221,15.58559983,2.760299142,4.31,135.74
"12734",2020-05-09,"2020",2020,222,15.03337309,2.26182474,4.66,140.4
"12735",2020-05-10,"2020",2020,223,14.98770257,2.838207177,5.01,145.41
"12736",2020-05-11,"2020",2020,224,14.67234969,3.355481337,5.38,150.79
"12737",2020-05-12,"2020",2020,225,14.41309354,2.574691458,6.2,156.99
"12738",2020-05-13,"2020",2020,226,14.19178559,1.751539611,8.34,165.33
"12739",2020-05-14,"2020",2020,227,13.84497858,1.171260538,7.86,173.19
"12740",2020-05-15,"2020",2020,228,13.63889774,1.81990908,7.76,180.95
"12741",2020-05-16,"2020",2020,229,13.65965868,2.408267951,9.18,190.13
"12742",2020-05-17,"2020",2020,230,13.54798038,2.476668674,10.6,200.73
"12743",2020-05-18,"2020",2020,231,13.39275368,3.728473878,16.4,217.13
"12744",2020-05-19,"2020",2020,232,12.75523826,3.569487747,18.6,235.73
"12745",2020-05-20,"2020",2020,233,12.77529747,4.082886587,20.1,255.83
"12746",2020-05-21,"2020",2020,234,12.80490757,4.217742736,13.7,269.53
"12747",2020-05-22,"2020",2020,235,13.03760993,3.817490347,10.7,280.23
"12748",2020-05-23,"2020",2020,236,13.54081861,5.431071601,10.8,291.03
"12749",2020-05-24,"2020",2020,237,13.68407066,5.827876556,10.5,301.53
"12750",2020-05-25,"2020",2020,238,13.68691747,4.29406199,8.05,309.58
"12751",2020-05-26,"2020",2020,239,14.25818094,4.205009128,6.71,316.29
"12752",2020-05-27,"2020",2020,240,14.40556441,5.234517698,11.2,327.49
"12753",2020-05-28,"2020",2020,241,14.56234111,6.350675382,16.4,343.89
"12754",2020-05-29,"2020",2020,242,NA,5.848278448,22.3,366.19
"12755",2020-05-30,"2020",2020,243,NA,6.239664413,28.2,394.39
"12756",2020-05-31,"2020",2020,244,13.6622659,5.633509726,36.2,430.59
"12757",2020-06-01,"2020",2020,245,13.54300132,5.266968358,34.9,465.49
"12758",2020-06-02,"2020",2020,246,13.57757125,5.768720997,29.9,495.39
"12759",2020-06-03,"2020",2020,247,13.55033715,5.699588267,24.4,519.79
"12760",2020-06-04,"2020",2020,248,13.65527417,5.737712014,23.7,543.49
"12761",2020-06-05,"2020",2020,249,13.64100733,5.639780941,25.8,569.29
"12762",2020-06-06,"2020",2020,250,13.43257882,6.724351656,29,598.29
"12763",2020-06-07,"2020",2020,251,13.00482382,5.779949313,26.3,624.59
"12764",2020-06-08,"2020",2020,252,12.97221222,5.653969993,21.6,646.19
"12765",2020-06-09,"2020",2020,253,13.07742375,5.562792997,17.4,663.59
"12766",2020-06-10,"2020",2020,254,13.19422295,3.679036955,12.7,676.29
"12767",2020-06-11,"2020",2020,255,13.39524549,4.427564003,12.5,688.79
"12768",2020-06-12,"2020",2020,256,13.51507556,7.22615209,14.8,703.59
"12769",2020-06-13,"2020",2020,257,13.59496587,8.766877712,18.8,722.39
"12770",2020-06-14,"2020",2020,258,13.35133736,8.735621219,23.2,745.59
"12771",2020-06-15,"2020",2020,259,13.00994563,8.327956097,21,766.59
"12772",2020-06-16,"2020",2020,260,12.85808809,7.037384986,16.4,782.99
"12773",2020-06-17,"2020",2020,261,13.0842034,7.958942233,17.3,800.29
"12774",2020-06-18,"2020",2020,262,13.09067969,8.803552833,17.3,817.59
"12775",2020-06-19,"2020",2020,263,13.05422979,7.960095927,17.1,834.69
"12776",2020-06-20,"2020",2020,264,13.11936847,7.156321174,14.3,848.99
"12777",2020-06-21,"2020",2020,265,13.02890174,6.949799326,13.1,862.09
"12778",2020-06-22,"2020",2020,266,13.14451913,7.510960601,14.4,876.49
"12779",2020-06-23,"2020",2020,267,13.18324083,8.48784641,16.6,893.09
"12780",2020-06-24,"2020",2020,268,13.11837087,8.904646962,18.2,911.29
"12781",2020-06-25,"2020",2020,269,12.99931191,9.32221134,21.3,932.59
"12782",2020-06-26,"2020",2020,270,12.74310563,9.268303372,23,955.59
"12783",2020-06-27,"2020",2020,271,12.56975986,8.905425031,22.3,977.89
"12784",2020-06-28,"2020",2020,272,12.40355358,8.856807955,20.4,998.29
"12785",2020-06-29,"2020",2020,273,12.23388757,8.286995688,18.1,1016.39
"12786",2020-06-30,"2020",2020,274,12.20297531,8.963289851,17.2,1033.59
"12787",2020-07-01,"2020",2020,275,12.18684587,8.92336876,14,1047.59
"12788",2020-07-02,"2020",2020,276,12.24715535,9.173875806,12.6,1060.19
"12789",2020-07-03,"2020",2020,277,12.35130069,10.6904969,13.4,1073.59
"12790",2020-07-04,"2020",2020,278,12.41029868,11.57591358,14.9,1088.49
"12791",2020-07-05,"2020",2020,279,12.30672806,10.87281323,15.4,1103.89
"12792",2020-07-06,"2020",2020,280,12.0977251,9.776890785,15.1,1118.99
"12793",2020-07-07,"2020",2020,281,11.96000257,10.4995442,15.1,1134.09
"12794",2020-07-08,"2020",2020,282,11.84841281,11.23366267,13.8,1147.89
"12795",2020-07-09,"2020",2020,283,11.74518715,10.70827898,12.1,1159.99
"12796",2020-07-10,"2020",2020,284,11.4992198,11.45110949,12.3,1172.29
"12797",2020-07-11,"2020",2020,285,11.19244573,11.99775274,13.2,1185.49
"12798",2020-07-12,"2020",2020,286,11.29125035,12.69056719,13.3,1198.79
"12799",2020-07-13,"2020",2020,287,11.11081503,12.28208569,14,1212.79
"12800",2020-07-14,"2020",2020,288,11.03744486,11.68314733,15.9,1228.69
"12801",2020-07-15,"2020",2020,289,10.91331844,11.49206872,15.2,1243.89
"12802",2020-07-16,"2020",2020,290,10.73258976,11.05478647,14.3,1258.19
"12803",2020-07-17,"2020",2020,291,10.53099559,11.09227694,13,1271.19
"12804",2020-07-18,"2020",2020,292,10.46252378,10.91941042,13.5,1284.69
"12805",2020-07-19,"2020",2020,293,10.37738899,11.22248578,13.3,1297.99
"12806",2020-07-20,"2020",2020,294,10.31897813,11.17893458,11.6,1309.59
"12807",2020-07-21,"2020",2020,295,10.25867924,11.36011626,11.9,1321.49
"12808",2020-07-22,"2020",2020,296,10.3025134,13.03844691,11.8,1333.29
"12809",2020-07-23,"2020",2020,297,NA,12.70818271,13.1,1346.39
"12810",2020-07-24,"2020",2020,298,NA,12.15505771,15.6,1361.99
"12811",2020-07-25,"2020",2020,299,10.22819483,12.74151885,13.9,1375.89
"12812",2020-07-26,"2020",2020,300,10.24112403,11.97983743,13.1,1388.99
"12813",2020-07-27,"2020",2020,301,10.22695045,11.35798031,12,1400.99
"12814",2020-07-28,"2020",2020,302,10.25962205,11.80162604,11.5,1412.49
"12815",2020-07-29,"2020",2020,303,10.29510618,11.86150469,10.9,1423.39
"12816",2020-07-30,"2020",2020,304,10.42386851,11.57233444,11.2,1434.59
"12817",2020-07-31,"2020",2020,305,10.51033021,11.83841535,10.7,1445.29
"12818",2020-08-01,"2020",2020,306,10.69682014,12.30068698,10.3,1455.59
"12819",2020-08-02,"2020",2020,307,10.79225132,12.4522449,9.67,1465.26
"12820",2020-08-03,"2020",2020,308,10.95664844,12.15401243,9.44,1474.7
"12821",2020-08-04,"2020",2020,309,11.0767166,12.63219653,9.12,1483.82
"12822",2020-08-05,"2020",2020,310,11.23720712,13.05212934,9.36,1493.18
"12823",2020-08-06,"2020",2020,311,11.36765076,13.10765181,8.97,1502.15
"12824",2020-08-07,"2020",2020,312,11.43478021,12.78319573,8.44,1510.59
"12825",2020-08-08,"2020",2020,313,11.52780222,12.93485069,7.7,1518.29
"12826",2020-08-09,"2020",2020,314,11.77804854,13.05226816,7,1525.29
"12827",2020-08-10,"2020",2020,315,11.77420045,13.55792365,6.52,1531.81
"12828",2020-08-11,"2020",2020,316,11.89678517,13.52338719,6.16,1537.97
"12829",2020-08-12,"2020",2020,317,11.99049184,13.58028483,5.83,1543.8
"12830",2020-08-13,"2020",2020,318,12.13992066,13.42851934,5.62,1549.42
"12831",2020-08-14,"2020",2020,319,12.30229656,13.74249708,5.26,1554.68
"12832",2020-08-15,"2020",2020,320,12.35484753,13.88885813,5.1,1559.78
"12833",2020-08-16,"2020",2020,321,12.37353361,14.14506302,5.11,1564.89
"12834",2020-08-17,"2020",2020,322,12.48844184,14.44773771,5.09,1569.98
"12835",2020-08-18,"2020",2020,323,12.52708424,14.34957472,5.13,1575.11
"12836",2020-08-19,"2020",2020,324,12.57184087,13.61570733,5.28,1580.39
"12837",2020-08-20,"2020",2020,325,12.69133799,13.19394215,5.43,1585.82
"12838",2020-08-21,"2020",2020,326,12.75530889,13.0450476,5.45,1591.27
"12839",2020-08-22,"2020",2020,327,12.73748451,13.10679069,5.43,1596.7
"12840",2020-08-23,"2020",2020,328,12.74176007,13.52562635,5.13,1601.83
"12841",2020-08-24,"2020",2020,329,12.93308753,13.46306188,4.76,1606.59
"12842",2020-08-25,"2020",2020,330,12.97654955,13.23484809,4.66,1611.25
"12843",2020-08-26,"2020",2020,331,13.02336069,12.78136594,5.21,1616.46
"12844",2020-08-27,"2020",2020,332,12.97359847,12.83644208,5.8,1622.26
"12845",2020-08-28,"2020",2020,333,12.94855795,13.19525271,6.23,1628.49
"12846",2020-08-29,"2020",2020,334,12.90141125,13.10931479,5.99,1634.48
"12847",2020-08-30,"2020",2020,335,12.73116806,11.62085413,5.28,1639.76
"12848",2020-08-31,"2020",2020,336,12.75186247,10.69960398,4.92,1644.68
"12849",2020-09-01,"2020",2020,337,12.8280901,10.54588939,4.66,1649.34
"12850",2020-09-02,"2020",2020,338,12.88763583,9.751984934,4.42,1653.76
"12851",2020-09-03,"2020",2020,339,13.03512691,10.32743642,4.01,1657.77
"12852",2020-09-04,"2020",2020,340,12.79333628,10.69402694,3.84,1661.61
"12853",2020-09-05,"2020",2020,341,12.78188993,12.05821493,3.68,1665.29
"12854",2020-09-06,"2020",2020,342,12.93820875,13.10373365,3.7,1668.99
"12855",2020-09-07,"2020",2020,343,13.04942007,12.92302229,3.43,1672.42
"12856",2020-09-08,"2020",2020,344,13.02628861,11.92107726,3.62,1676.04
"12857",2020-09-09,"2020",2020,345,12.91893344,7.744197601,3.38,1679.42
"12858",2020-09-10,"2020",2020,346,12.8034375,4.348500795,3.02,1682.44
"12859",2020-09-11,"2020",2020,347,12.93446705,3.83899424,2.58,1685.02
"12860",2020-09-12,"2020",2020,348,13.03882201,2.652519972,2.46,1687.48
"12861",2020-09-13,"2020",2020,349,13.29426073,4.109598788,2.97,1690.45
"12862",2020-09-14,"2020",2020,350,13.80674313,6.384543594,3.3,1693.75
"12863",2020-09-15,"2020",2020,351,14.2329149,7.991067507,3.3,1697.05
"12864",2020-09-16,"2020",2020,352,14.69884767,8.690664115,3.25,1700.3
"12865",2020-09-17,"2020",2020,353,15.07526403,9.126717253,3.21,1703.51
"12866",2020-09-18,"2020",2020,354,15.53476413,9.585647188,3.17,1706.68
"12867",2020-09-19,"2020",2020,355,15.92821851,10.05724397,3.09,1709.77
"12868",2020-09-20,"2020",2020,356,16.34004306,10.00008354,3.07,1712.84
"12869",2020-09-21,"2020",2020,357,16.73350142,9.072855872,3.01,1715.85
"12870",2020-09-22,"2020",2020,358,16.93912118,9.271224153,2.94,1718.79
"12871",2020-09-23,"2020",2020,359,17.09857066,9.535554688,3,1721.79
"12872",2020-09-24,"2020",2020,360,17.57116521,9.529536802,2.95,1724.74
"12873",2020-09-25,"2020",2020,361,17.83645792,9.202451403,2.85,1727.59
"12874",2020-09-26,"2020",2020,362,18.15592764,8.813877448,2.68,1730.27
"12875",2020-09-27,"2020",2020,363,18.31477094,7.956543635,2.62,1732.89
"12876",2020-09-28,"2020",2020,364,18.40153872,6.992705361,2.5,1735.39
"12877",2020-09-29,"2020",2020,365,18.6501159,5.624948486,2.38,1737.77
"12878",2020-09-30,"2020",2020,366,18.91187076,5.534203462,2.38,1740.15
"12879",2020-10-03,"2020",2021,3,19.10259191,6.001337052,2.08,6.57
"12880",2020-10-04,"2020",2021,4,19.09552747,6.396484795,1.98,8.55
"12881",2020-10-05,"2020",2021,5,19.18047531,6.568478083,1.54,10.09
"12882",2020-10-06,"2020",2021,6,19.78295278,5.604210986,1.54,11.63
"12883",2020-10-07,"2020",2021,7,20.48762948,5.383730142,1.6,13.23
"12884",2020-10-08,"2020",2021,8,19.84965472,5.932090274,1.58,14.81
"12885",2020-10-09,"2020",2021,9,19.94473229,6.248262486,1.55,16.36
"12886",2020-10-10,"2020",2021,10,19.57187156,6.217992611,1.51,17.87
"12887",2020-10-11,"2020",2021,11,19.53540104,6.720523111,1.37,19.24
"12888",2020-10-12,"2020",2021,12,19.39253184,3.42280523,0.97,20.21
"12889",2020-10-13,"2020",2021,13,19.51238205,0.531189077,0.69,20.9
"12890",2020-10-14,"2020",2021,14,20.03006382,1.100519937,0.83,21.73
"12891",2020-10-15,"2020",2021,15,19.80225299,2.142789834,0.86,22.59
"12892",2020-10-16,"2020",2021,16,20.05295531,1.163348186,0.78,23.37
"12893",2020-10-17,"2020",2021,17,20.53880198,0.418663241,0.91,24.28
"12894",2020-10-18,"2020",2021,18,20.51003979,0.132956823,0.94,25.22
"12895",2020-10-19,"2020",2021,19,20.53835965,0.289497588,0.95,26.17
"12896",2020-10-20,"2020",2021,20,20.42928035,0.560271801,0.83,27
"12897",2020-10-21,"2020",2021,21,20.5462191,0.653084329,0.77,27.77
"12898",2020-10-22,"2020",2021,22,21.49492427,0.730766398,0.59,28.36
"12899",2020-10-23,"2020",2021,23,25.14497875,0.342942459,0.55,28.91
"12900",2020-10-24,"2020",2021,24,25.86797441,0.486289018,0.51,29.42
"12901",2020-10-25,"2020",2021,25,26.78524274,0.587221562,0.6,30.02
"12902",2020-10-26,"2020",2021,26,27.47218302,0.139330332,0.71,30.73
"12903",2020-10-27,"2020",2021,27,27.14607451,0.185425656,0.66,31.39
"12904",2020-10-28,"2020",2021,28,27.15383712,0.376143249,0.66,32.05
"12905",2020-10-29,"2020",2021,29,27.33280247,0.673962044,0.65,32.7
"12906",2020-10-30,"2020",2021,30,27.85351344,0.823434419,0.63,33.33
"12907",2020-10-31,"2020",2021,31,28.06534795,1.037541687,0.63,33.96
"12908",2020-11-01,"2020",2021,32,28.10878372,1.079436954,0.6,34.56
"12909",2020-11-02,"2020",2021,33,28.15205229,1.465634463,0.58,35.14
"12910",2020-11-03,"2020",2021,34,27.2237825,2.221561899,0.56,35.7
"12911",2020-11-04,"2020",2021,35,26.16483674,2.880990111,0.56,36.26
"12912",2020-11-05,"2020",2021,36,26.18724212,2.985237889,0.57,36.83
"12913",2020-11-06,"2020",2021,37,24.81587233,2.661543194,0.58,37.41
"12914",2020-11-07,"2020",2021,38,23.07107882,2.644673674,0.61,38.02
"12915",2020-11-08,"2020",2021,39,22.61956681,2.872959458,0.62,38.64
"12916",2020-11-09,"2020",2021,40,24.91255243,1.872858594,0.62,39.26
"12917",2020-11-10,"2020",2021,41,23.60816306,1.580545666,0.63,39.89
"12918",2020-11-11,"2020",2021,42,24.58440479,0.681874275,0.59,40.48
"12919",2020-11-12,"2020",2021,43,25.2774674,1.458518563,0.58,41.06
"12920",2020-11-13,"2020",2021,44,25.73913059,0.95021164,0.39,41.45
"12921",2020-11-14,"2020",2021,45,27.01006545,0.97344081,0.48,41.93
"12922",2020-11-15,"2020",2021,46,27.13085358,0.771141918,0.39,42.32
"12923",2020-11-16,"2020",2021,47,27.73815233,0.682851417,0.33,42.65
"12924",2020-11-17,"2020",2021,48,28.13050903,1.183551535,0.31,42.96
"12925",2020-11-18,"2020",2021,49,28.19722215,1.387561701,0.29,43.25
"12926",2020-11-19,"2020",2021,50,27.67127656,1.567803722,0.28,43.53
"12927",2020-11-20,"2020",2021,51,27.80672601,1.62304124,0.27,43.8
"12928",2020-11-21,"2020",2021,52,27.64953094,1.468985149,0.24,44.04
"12929",2020-11-22,"2020",2021,53,27.31270976,1.27319848,0.23,44.27
"12930",2020-11-23,"2020",2021,54,27.50281691,1.112196107,0.23,44.5
"12931",2020-11-24,"2020",2021,55,25.9619774,1.732744743,0.25,44.75
"12932",2020-11-25,"2020",2021,56,24.26611601,1.177469146,0.2,44.95
"12933",2020-11-26,"2020",2021,57,24.57554868,0.756011942,0.16,45.11
"12934",2020-11-27,"2020",2021,58,27.24830934,1.647349774,0.15,45.26
"12935",2020-11-28,"2020",2021,59,28.29865497,1.532159868,0.14,45.4
"12936",2020-11-29,"2020",2021,60,28.25435983,1.688627479,0.13,45.53
"12937",2020-11-30,"2020",2021,61,28.4028325,1.544692167,0.13,45.66
"12938",2020-12-01,"2020",2021,62,28.65431649,1.03985701,0.12,45.78
"12939",2020-12-02,"2020",2021,63,29.25985615,1.155685534,0.11,45.89
"12940",2020-12-03,"2020",2021,64,29.49351542,1.143822591,0.11,46
"12941",2020-12-04,"2020",2021,65,30.77071406,0.866502972,0.12,46.12
"12942",2020-12-05,"2020",2021,66,31.22078556,0.773550782,0.12,46.24
"12943",2020-12-06,"2020",2021,67,31.85070083,0.636030627,0.12,46.36
"12944",2020-12-07,"2020",2021,68,32.34269309,0.539560531,0.11,46.47
"12945",2020-12-08,"2020",2021,69,32.61579472,0.481948856,0.11,46.58
"12946",2020-12-09,"2020",2021,70,32.93252073,0.383361501,0.1,46.68
"12947",2020-12-10,"2020",2021,71,33.24511819,0.341830252,0.1,46.78
"12948",2020-12-11,"2020",2021,72,33.38399205,0.475571527,0.1,46.88
"12949",2020-12-12,"2020",2021,73,33.06087281,0.474104351,0.11,46.99
"12950",2020-12-13,"2020",2021,74,32.64419014,0.267972096,0.14,47.13
"12951",2020-12-14,"2020",2021,75,33.16875698,0.270872006,0.09,47.22
"12952",2020-12-15,"2020",2021,76,32.65449035,0.364533736,0.11,47.33
"12953",2020-12-16,"2020",2021,77,33.15528903,0.429171346,0.08,47.41
"12954",2020-12-17,"2020",2021,78,33.38208441,0.253488545,0.07,47.48
"12955",2020-12-18,"2020",2021,79,34.03213684,0.29879125,0.07,47.55
"12956",2020-12-19,"2020",2021,80,33.66677441,0.335977026,0.09,47.64
"12957",2020-12-20,"2020",2021,81,34.05604743,0.169836892,0.11,47.75
"12958",2020-12-21,"2020",2021,82,33.74277,0.174938726,0.07,47.82
"12959",2020-12-22,"2020",2021,83,32.84360076,0.288062634,0.06,47.88
"12960",2020-12-23,"2020",2021,84,33.13162649,0.265489898,0.06,47.94
"12961",2020-12-24,"2020",2021,85,33.26404128,0.209818414,0.11,48.05
"12962",2020-12-25,"2020",2021,86,32.46235476,0.054131825,0.1,48.15
"12963",2020-12-26,"2020",2021,87,32.09925913,0.110038119,0.09,48.24
"12964",2020-12-27,"2020",2021,88,32.68194903,0.122404002,0.08,48.32
"12965",2020-12-28,"2020",2021,89,31.99067135,0.17816438,0.08,48.4
"12966",2020-12-29,"2020",2021,90,34.43056267,0.145762128,0.09,48.49
"12967",2020-12-30,"2020",2021,91,34.85418198,0.144372942,0.11,48.6
"12968",2020-12-31,"2020",2021,92,33.15739826,0.085572137,0.09,48.69
"12969",2021-01-01,"2021",2021,93,32.32311819,0.116158805,0.08,48.77
"12970",2021-01-02,"2021",2021,94,33.12182868,0.150484827,0.09,48.86
"12971",2021-01-03,"2021",2021,95,33.89173767,0.148360252,0.08,48.94
"12972",2021-01-04,"2021",2021,96,34.67974729,0.133326007,0.07,49.01
"12973",2021-01-05,"2021",2021,97,35.69871417,0.126691079,0.07,49.08
"12974",2021-01-06,"2021",2021,98,34.06404628,0.114947217,0.07,49.15
"12975",2021-01-07,"2021",2021,99,34.35891424,0.113387331,0.06,49.21
"12976",2021-01-08,"2021",2021,100,33.26712906,0.110454261,0.06,49.27
"12977",2021-01-09,"2021",2021,101,33.9975,0.119208333,0.06,49.33
"12978",2021-01-10,"2021",2021,102,33.825625,0.1316875,0.06,49.39
"12979",2021-01-11,"2021",2021,103,33.74979167,0.1245,0.06,49.45
"12980",2021-01-12,"2021",2021,104,33.32770833,0.107916667,0.06,49.51
"12981",2021-01-13,"2021",2021,105,32.15854167,0.090166667,0.05,49.56
"12982",2021-01-14,"2021",2021,106,32.7975,0.0663125,0.05,49.61
"12983",2021-01-15,"2021",2021,107,31.01416667,0.050729167,0.05,49.66
"12984",2021-01-16,"2021",2021,108,31.53583333,0.039479167,0.05,49.71
"12985",2021-01-17,"2021",2021,109,34.34270833,0.0420625,0.05,49.76
"12986",2021-01-18,"2021",2021,110,32.14083333,0.032354167,0.06,49.82
"12987",2021-01-19,"2021",2021,111,33.91625,0.045145833,0.05,49.87
"12988",2021-01-20,"2021",2021,112,30.898125,0.0578125,0.05,49.92
"12989",2021-01-21,"2021",2021,113,28.35729167,0.0173125,0.04,49.96
"12990",2021-01-26,"2021",2021,118,29.08416667,0.01034375,NA,NA
"12991",2021-01-27,"2021",2021,119,29.36708333,0.008708333,NA,NA
"12992",2021-01-28,"2021",2021,120,29.72541667,4.17e-05,NA,NA
"12993",2021-02-05,"2021",2021,128,32.624375,0,NA,NA
"12994",2021-02-08,"2021",2021,131,30.37717274,0.000109355,NA,NA
"12995",2021-02-09,"2021",2021,132,30.81493191,0.000437207,NA,NA
"12996",2021-02-10,"2021",2021,133,31.70076483,0,NA,NA
"12997",2021-02-11,"2021",2021,134,32.54676753,0,NA,NA
"12998",2021-02-12,"2021",2021,135,31.78210479,0,NA,NA
"12999",2021-02-13,"2021",2021,136,32.56730295,0,NA,NA
"13000",2021-02-14,"2021",2021,137,33.62927712,0,NA,NA
"13001",2021-02-15,"2021",2021,138,32.16817219,0,NA,NA
"13002",2021-02-16,"2021",2021,139,31.41052087,0,NA,NA
"13003",2021-02-17,"2021",2021,140,31.96312569,0,NA,NA
"13004",2021-02-18,"2021",2021,141,33.11332851,0,NA,NA
"13005",2021-02-19,"2021",2021,142,33.53027517,0,NA,NA
"13006",2021-02-20,"2021",2021,143,32.48659823,0,NA,NA
"13007",2021-02-21,"2021",2021,144,33.71570906,0,NA,NA
"13008",2021-02-22,"2021",2021,145,34.81303097,0,NA,NA
"13009",2021-02-23,"2021",2021,146,33.58779403,0,NA,NA
"13010",2021-02-24,"2021",2021,147,35.73125653,0,NA,NA
"13011",2021-02-25,"2021",2021,148,36.77581,0,NA,NA
"13012",2021-02-26,"2021",2021,149,NA,0,NA,NA
"13013",2021-02-27,"2021",2021,150,NA,0,NA,NA
"13014",2021-02-28,"2021",2021,151,NA,0,NA,NA
"13015",2021-03-01,"2021",2021,152,NA,0,NA,NA
"13016",2021-03-02,"2021",2021,153,NA,0,NA,NA
"13017",2021-03-03,"2021",2021,154,NA,0,NA,NA
"13018",2021-03-04,"2021",2021,155,NA,0,NA,NA
"13019",2021-03-05,"2021",2021,156,NA,0,NA,NA
"13020",2021-03-06,"2021",2021,157,NA,0,NA,NA
"13021",2021-03-07,"2021",2021,158,NA,0,NA,NA
"13022",2021-03-08,"2021",2021,159,NA,0,NA,NA
"13023",2021-03-09,"2021",2021,160,NA,0,NA,NA
"13024",2021-03-10,"2021",2021,161,NA,0,NA,NA
"13025",2021-03-11,"2021",2021,162,NA,0,NA,NA
"13026",2021-03-12,"2021",2021,163,NA,0,NA,NA
"13027",2021-03-13,"2021",2021,164,NA,0,NA,NA
"13028",2021-03-14,"2021",2021,165,NA,0,NA,NA
"13029",2021-03-15,"2021",2021,166,NA,0,NA,NA
"13030",2021-03-16,"2021",2021,167,NA,0,NA,NA
"13031",2021-03-17,"2021",2021,168,28.65318917,0,NA,NA
"13032",2021-03-18,"2021",2021,169,29.37070188,0,NA,NA
"13033",2021-03-19,"2021",2021,170,30.27105955,0,NA,NA
"13034",2021-03-20,"2021",2021,171,29.76962111,0,NA,NA
"13035",2021-03-21,"2021",2021,172,30.70217149,0,NA,NA
"13036",2021-03-22,"2021",2021,173,30.81141049,0,NA,NA
"13037",2021-03-23,"2021",2021,174,31.21946194,0,NA,NA
"13038",2021-03-24,"2021",2021,175,30.92396635,0,NA,NA
"13039",2021-03-25,"2021",2021,176,31.07940705,0,NA,NA
"13040",2021-03-26,"2021",2021,177,31.04793309,0,NA,NA
"13041",2021-03-27,"2021",2021,178,30.78855462,0,NA,NA
"13042",2021-03-28,"2021",2021,179,30.10424125,0,NA,NA
"13043",2021-03-29,"2021",2021,180,30.19322858,0,NA,NA
"13044",2021-03-30,"2021",2021,181,30.94236958,0,NA,NA
"13045",2021-03-31,"2021",2021,182,32.00356316,0,NA,NA
"13046",2021-04-01,"2021",2021,183,30.86638795,0,NA,NA
"13047",2021-04-02,"2021",2021,184,32.57427201,0,NA,NA
"13048",2021-04-03,"2021",2021,185,31.75787427,0,NA,NA
"13049",2021-04-04,"2021",2021,186,32.04602535,0,NA,NA
"13050",2021-04-05,"2021",2021,187,31.69479083,0,NA,NA
"13051",2021-04-06,"2021",2021,188,30.40428417,0.027264277,NA,NA
"13052",2021-04-07,"2021",2021,189,28.75990611,0.326008585,NA,NA
"13053",2021-04-08,"2021",2021,190,27.28562382,0.521271595,NA,NA
"13054",2021-04-09,"2021",2021,191,26.03510087,0.725296753,NA,NA
"13055",2021-04-10,"2021",2021,192,25.96713618,1.073328834,NA,NA
"13056",2021-04-11,"2021",2021,193,24.99652483,1.197735743,NA,NA
"13057",2021-04-12,"2021",2021,194,25.22346955,1.590818722,NA,NA
"13058",2021-04-13,"2021",2021,195,25.72493774,1.82958592,NA,NA
"13059",2021-04-14,"2021",2021,196,22.5864708,1.629537167,NA,NA
"13060",2021-04-15,"2021",2021,197,19.78784274,0.844815784,NA,NA
"13061",2021-04-16,"2021",2021,198,19.09160802,0.563070507,NA,NA
"13062",2021-04-17,"2021",2021,199,19.51811302,0.466575421,NA,NA
"13063",2021-04-18,"2021",2021,200,20.31762292,0.392374991,NA,NA
"13064",2021-04-19,"2021",2021,201,21.00540038,0.349842076,NA,NA
"13065",2021-04-20,"2021",2021,202,21.83582458,0.292628829,NA,NA
"13066",2021-04-21,"2021",2021,203,22.50066628,0.292650958,NA,NA
"13067",2021-04-22,"2021",2021,204,23.10400483,0.275443176,NA,NA
"13068",2021-04-23,"2021",2021,205,23.81412479,0.263931069,NA,NA
"13069",2021-04-24,"2021",2021,206,24.79288847,0.273946556,NA,NA
"13070",2021-04-25,"2021",2021,207,26.27085826,0.237874139,NA,NA
"13071",2021-04-26,"2021",2021,208,25.15434302,0.185252085,NA,NA
"13072",2021-04-27,"2021",2021,209,25.47989066,0.133701424,NA,NA
"13073",2021-04-28,"2021",2021,210,25.69780924,0.11035124,NA,NA
"13074",2021-04-29,"2021",2021,211,25.57505604,0.172398459,NA,NA
"13075",2021-04-30,"2021",2021,212,25.12771535,0.168459368,NA,NA
"13076",2021-05-01,"2021",2021,213,24.76670872,0.072742145,NA,NA
"13077",2021-05-02,"2021",2021,214,21.6225351,0.043247965,NA,NA
"13078",2021-05-03,"2021",2021,215,18.98147198,0.213801496,NA,NA
"13079",2021-05-04,"2021",2021,216,18.58613378,0.246821306,NA,NA
"13080",2021-05-05,"2021",2021,217,19.2428901,0.141226876,NA,NA
"13081",2021-05-06,"2021",2021,218,19.81100743,0.124106087,NA,NA
"13082",2021-05-07,"2021",2021,219,20.22274795,0.145876992,NA,NA
"13083",2021-05-08,"2021",2021,220,20.33530931,0.180911486,NA,NA
"13084",2021-05-09,"2021",2021,221,18.12898868,0.347902194,NA,NA
"13085",2021-05-10,"2021",2021,222,17.31467347,0.479438244,NA,NA
"13086",2021-05-11,"2021",2021,223,17.29375597,0.358863398,NA,NA
"13087",2021-05-12,"2021",2021,224,17.73159958,0.210950955,NA,NA
"13088",2021-05-13,"2021",2021,225,18.53993792,0.202146535,NA,NA
"13089",2021-05-14,"2021",2021,226,19.37539615,0.205857701,NA,NA
"13090",2021-05-15,"2021",2021,227,19.81999566,0.220884853,NA,NA
"13091",2021-05-16,"2021",2021,228,19.04991767,0.283939576,NA,NA
"13092",2021-05-17,"2021",2021,229,16.94734656,0.27877045,NA,NA
"13093",2021-05-18,"2021",2021,230,16.70145566,0.216863534,NA,NA
"13094",2021-05-19,"2021",2021,231,18.59019319,0.238528772,NA,NA
"13095",2021-05-20,"2021",2021,232,18.02027351,0.304258871,NA,NA
"13096",2021-05-21,"2021",2021,233,18.08399781,0.50163132,NA,NA
"13097",2021-05-22,"2021",2021,234,16.64535719,0.522946783,NA,NA
"13098",2021-05-23,"2021",2021,235,17.03602444,0.78667664,NA,NA
"13099",2021-05-24,"2021",2021,236,15.88972823,0.359207363,NA,NA
"13100",2021-05-25,"2021",2021,237,17.10831125,0.758784108,NA,NA
"13101",2021-05-26,"2021",2021,238,17.12696115,1.368773909,NA,NA
"13102",2021-05-27,"2021",2021,239,16.00531774,1.211616853,NA,NA
"13103",2021-05-28,"2021",2021,240,15.74261344,1.368460781,NA,NA
"13104",2021-05-29,"2021",2021,241,14.79509642,2.002558215,NA,NA
"13105",2021-05-30,"2021",2021,242,14.41548882,2.052868948,NA,NA
"13106",2021-05-31,"2021",2021,243,14.58456969,1.211308693,NA,NA
"13107",2021-06-01,"2021",2021,244,15.69624535,1.217842409,NA,NA
"13108",2021-06-02,"2021",2021,245,16.67029854,1.915309594,NA,NA
"13109",2021-06-03,"2021",2021,246,16.92157191,2.548190073,NA,NA
"13110",2021-06-04,"2021",2021,247,16.26099542,2.626203198,NA,NA
"13111",2021-06-05,"2021",2021,248,15.43198222,2.703406483,NA,NA
"13112",2021-06-06,"2021",2021,249,15.04143358,2.694774427,NA,NA
"13113",2021-06-07,"2021",2021,250,14.47761639,2.655213122,NA,NA
"13114",2021-06-08,"2021",2021,251,14.20841389,3.523659493,NA,NA
"13115",2021-06-09,"2021",2021,252,14.85090903,4.015160361,NA,NA
"13116",2021-06-10,"2021",2021,253,18.15722059,4.770132576,NA,NA
"13117",2021-06-11,"2021",2021,254,18.36015962,5.351772872,NA,NA
"13118",2021-06-12,"2021",2021,255,18.53709809,5.628219604,NA,NA
"13119",2021-06-13,"2021",2021,256,18.94891403,6.621602497,NA,NA
"13120",2021-06-14,"2021",2021,257,19.07869806,7.539698417,NA,NA
"13121",2021-06-15,"2021",2021,258,18.4513234,7.928611267,NA,NA
"13122",2021-06-16,"2021",2021,259,18.56101837,8.234428278,NA,NA
"13123",2021-06-17,"2021",2021,260,18.83391181,7.980609128,NA,NA
"13124",2021-06-18,"2021",2021,261,16.95726087,7.847782972,NA,NA
"13125",2021-06-19,"2021",2021,262,15.91848764,7.148185,NA,NA
"13126",2021-06-20,"2021",2021,263,15.60284719,7.165436677,NA,NA
"13127",2021-06-21,"2021",2021,264,15.73892042,7.298646375,NA,NA
"13128",2021-06-22,"2021",2021,265,16.4284034,8.367999837,NA,NA
"13129",2021-06-23,"2021",2021,266,16.34651802,8.990416736,NA,NA
"13130",2021-06-24,"2021",2021,267,16.39038583,8.590919951,NA,NA
"13131",2021-06-25,"2021",2021,268,16.49088278,8.136234837,NA,NA
"13132",2021-06-26,"2021",2021,269,16.24465417,7.606933257,NA,NA
"13133",2021-06-27,"2021",2021,270,16.48600542,7.330954868,NA,NA
"13134",2021-06-28,"2021",2021,271,16.97820747,6.736734319,NA,NA
"13135",2021-06-29,"2021",2021,272,17.28674712,6.723232601,NA,NA
"13136",2021-06-30,"2021",2021,273,17.35364174,7.258437632,NA,NA
"13137",2021-07-01,"2021",2021,274,17.41841934,8.12218491,NA,NA
"13138",2021-07-02,"2021",2021,275,17.92416167,8.616893587,NA,NA
"13139",2021-07-03,"2021",2021,276,17.3850925,9.048305795,NA,NA
"13140",2021-07-04,"2021",2021,277,15.40352233,9.998575538,NA,NA
"13141",2021-07-05,"2021",2021,278,15.53225451,10.52909657,NA,NA
"13142",2021-07-06,"2021",2021,279,15.43650976,9.948084375,NA,NA
"13143",2021-07-07,"2021",2021,280,15.62681736,9.799142618,NA,NA
"13144",2021-07-08,"2021",2021,281,14.82587479,10.46475156,NA,NA
"13145",2021-07-09,"2021",2021,282,14.11549069,10.85265044,NA,NA
"13146",2021-07-10,"2021",2021,283,NA,11.49667323,NA,NA
"13147",2021-07-11,"2021",2021,284,NA,11.62819361,NA,NA
"13148",2021-07-12,"2021",2021,285,NA,12.36149538,NA,NA
"13149",2021-07-13,"2021",2021,286,NA,12.57754628,NA,NA
"13150",2021-07-14,"2021",2021,287,13.14277403,11.85584233,NA,NA
"13151",2021-07-15,"2021",2021,288,13.23342493,10.47969881,NA,NA
"13152",2021-07-16,"2021",2021,289,13.22533528,10.82440617,NA,NA
"13153",2021-07-17,"2021",2021,290,NA,11.04885854,NA,NA
"13154",2021-07-18,"2021",2021,291,13.11374885,11.26453906,NA,NA
"13155",2021-07-19,"2021",2021,292,13.14168715,12.06762719,NA,NA
"13156",2021-07-20,"2021",2021,293,13.2170667,13.3663884,NA,NA
"13157",2021-07-21,"2021",2021,294,13.04429889,13.72476139,NA,NA
"13158",2021-07-22,"2021",2021,295,13.81886333,12.80315344,NA,NA
"13159",2021-07-23,"2021",2021,296,13.40391514,12.40538316,NA,NA
"13160",2021-07-24,"2021",2021,297,12.96047771,12.33676913,NA,NA
"13161",2021-07-25,"2021",2021,298,12.88232913,12.64196014,NA,NA
"13162",2021-07-26,"2021",2021,299,12.85090444,13.17168479,NA,NA
"13163",2021-07-27,"2021",2021,300,12.8904176,13.46377639,NA,NA
"13164",2021-07-28,"2021",2021,301,12.86701378,14.24233802,NA,NA
"13165",2021-07-29,"2021",2021,302,12.80023757,14.37067045,NA,NA
"13166",2021-07-30,"2021",2021,303,12.70073333,14.94805104,NA,NA
"13167",2021-07-31,"2021",2021,304,12.4403085,14.68926462,NA,NA
"13168",2021-08-01,"2021",2021,305,12.53342552,13.19356333,NA,NA
"13169",2021-08-02,"2021",2021,306,13.17833521,12.02003396,NA,NA
"13170",2021-08-03,"2021",2021,307,13.52979771,12.14303778,NA,NA
"13171",2021-08-04,"2021",2021,308,14.28367021,10.38958116,NA,NA
"13172",2021-08-05,"2021",2021,309,15.15918028,9.416665899,NA,NA
"13173",2021-08-06,"2021",2021,310,15.62420813,10.49717438,NA,NA
"13174",2021-08-07,"2021",2021,311,15.85202781,10.91758375,NA,NA
"13175",2021-08-08,"2021",2021,312,15.90580715,10.12856097,NA,NA
"13176",2021-08-09,"2021",2021,313,15.73935819,10.45449005,NA,NA
"13177",2021-08-10,"2021",2021,314,15.78338861,11.34709967,NA,NA
"13178",2021-08-11,"2021",2021,315,15.76883066,11.42653285,NA,NA
"13179",2021-08-12,"2021",2021,316,15.28767306,11.72553589,NA,NA
"13180",2021-08-13,"2021",2021,317,15.03734035,13.0181584,NA,NA
"13181",2021-08-14,"2021",2021,318,14.96429122,13.65809267,NA,NA
"13182",2021-08-15,"2021",2021,319,14.91798413,13.40359965,NA,NA
"13183",2021-08-16,"2021",2021,320,14.95067451,12.95423361,NA,NA
"13184",2021-08-17,"2021",2021,321,14.94433476,13.15072993,NA,NA
"13185",2021-08-18,"2021",2021,322,14.99935399,13.56538688,NA,NA
"13186",2021-08-19,"2021",2021,323,14.93656882,13.61950014,NA,NA
"13187",2021-08-20,"2021",2021,324,14.88198351,12.83240851,NA,NA
"13188",2021-08-21,"2021",2021,325,14.69632969,10.11491964,NA,NA
"13189",2021-08-22,"2021",2021,326,14.82508344,10.3527786,NA,NA
"13190",2021-08-23,"2021",2021,327,14.96278,11.02533519,NA,NA
"13191",2021-08-24,"2021",2021,328,15.09237924,12.08285431,NA,NA
"13192",2021-08-25,"2021",2021,329,15.26672031,12.92230615,NA,NA
"13193",2021-08-26,"2021",2021,330,15.36793927,13.40477142,NA,NA
"13194",2021-08-27,"2021",2021,331,15.40730052,13.66981896,NA,NA
"13195",2021-08-28,"2021",2021,332,15.45064684,13.11935056,NA,NA
"13196",2021-08-29,"2021",2021,333,15.49900986,13.52598809,NA,NA
"13197",2021-08-30,"2021",2021,334,NA,14.46032667,NA,NA
"13198",2021-08-31,"2021",2021,335,NA,14.46069674,NA,NA
"13199",2021-09-01,"2021",2021,336,NA,14.27228476,NA,NA
"13200",2021-09-02,"2021",2021,337,15.71767198,13.3280959,NA,NA
"13201",2021-09-03,"2021",2021,338,NA,12.85862257,NA,NA
"13202",2021-09-04,"2021",2021,339,NA,12.76149313,NA,NA
"13203",2021-09-05,"2021",2021,340,15.9691341,12.40836462,NA,NA
"13204",2021-09-06,"2021",2021,341,16.02302122,11.6964223,NA,NA
"13205",2021-09-07,"2021",2021,342,16.16183688,11.53362592,NA,NA
"13206",2021-09-08,"2021",2021,343,16.38958576,11.59667467,NA,NA
"13207",2021-09-09,"2021",2021,344,16.44252052,12.77648694,NA,NA
"13208",2021-09-10,"2021",2021,345,16.60713993,12.62155649,NA,NA
"13209",2021-09-11,"2021",2021,346,16.74949469,13.50041264,NA,NA
"13210",2021-09-12,"2021",2021,347,16.73512406,13.32193958,NA,NA
"13211",2021-09-13,"2021",2021,348,16.7892501,11.9097625,NA,NA
"13212",2021-09-14,"2021",2021,349,16.86998941,10.98315604,NA,NA
"13213",2021-09-15,"2021",2021,350,16.98343628,11.14408915,NA,NA
"13214",2021-09-16,"2021",2021,351,NA,10.60788947,NA,NA
"13215",2021-09-17,"2021",2021,352,16.75817639,10.53111374,NA,NA
"13216",2021-09-18,"2021",2021,353,16.87551934,10.85653497,NA,NA
"13217",2021-09-19,"2021",2021,354,16.96703333,10.65125672,NA,NA
"13218",2021-09-20,"2021",2021,355,16.92883188,9.613555094,NA,NA
"13219",2021-09-21,"2021",2021,356,16.85397014,7.776414549,NA,NA
"13220",2021-09-22,"2021",2021,357,17.10959618,6.989150031,NA,NA
"13221",2021-09-23,"2021",2021,358,17.36315149,6.914331458,NA,NA
"13222",2021-09-24,"2021",2021,359,17.51436649,7.394937906,NA,NA
"13223",2021-09-25,"2021",2021,360,17.59823771,8.478666003,NA,NA
"13224",2021-09-26,"2021",2021,361,17.64141545,9.027477771,NA,NA
"13225",2021-09-27,"2021",2021,362,17.76164535,9.160979549,NA,NA
"13226",2021-09-28,"2021",2021,363,17.77735188,9.823294799,NA,NA
"13227",2021-09-29,"2021",2021,364,17.91451639,9.098196618,NA,NA
"13228",2021-09-30,"2021",2021,365,18.0520059,7.761866976,NA,NA
"13229",2021-10-01,"2021",2022,1,18.17090788,7.378148486,2.46,2.46
"13230",2021-10-02,"2021",2022,2,18.40138056,6.672855378,2.46,4.92
"13231",2021-10-03,"2021",2022,3,18.51996632,6.425702715,2.44,7.36
"13232",2021-10-04,"2021",2022,4,18.80306403,6.859136167,2.41,9.77
"13233",2021-10-05,"2021",2022,5,19.01718028,7.490668865,2.4,12.17
"13234",2021-10-06,"2021",2022,6,19.18167705,8.117952191,2.28,14.45
"13235",2021-10-07,"2021",2022,7,19.36445476,8.031565948,2.06,16.51
"13236",2021-10-08,"2021",2022,8,19.63801219,6.902043677,2.02,18.53
"13237",2021-10-10,"2021",2022,10,19.87044014,4.810196226,1.92,22.55
"13238",2021-10-11,"2021",2022,11,20.31310257,2.437156059,1.88,24.43
"13239",2021-10-12,"2021",2022,12,20.72493413,2.06826113,1.97,26.4
"13240",2021-10-13,"2021",2022,13,20.77311472,2.036354134,1.74,28.14
"13241",2021-10-14,"2021",2022,14,21.19124003,0.17489921,1.75,29.89
"13242",2021-10-15,"2021",2022,15,21.47534979,0.116984687,1.79,31.68
"13243",2021-10-16,"2021",2022,16,21.71058222,0.237651609,1.77,33.45
"13244",2021-10-17,"2021",2022,17,22.37983566,0.747292206,1.78,35.23
"13245",2021-10-18,"2021",2022,18,22.76453458,1.644753764,1.76,36.99
"13246",2021-10-19,"2021",2022,19,22.6321942,2.87443924,1.69,38.68
"13247",2021-10-20,"2021",2022,20,22.63917063,3.318598313,1.67,40.35
"13248",2021-10-21,"2021",2022,21,22.90803917,3.354948382,1.66,42.01
"13249",2021-10-22,"2021",2022,22,23.00176431,3.801163052,1.61,43.62
"13250",2021-10-23,"2021",2022,23,23.13409038,3.775127045,1.48,45.1
"13251",2021-10-24,"2021",2022,24,22.79118503,2.651672226,1.47,46.57
"13252",2021-10-25,"2021",2022,25,22.58994403,1.266603602,1.33,47.9
"13253",2021-10-26,"2021",2022,26,22.51541146,1.546084539,1.32,49.22
"13254",2021-10-27,"2021",2022,27,22.3162424,0.799957385,1.32,50.54
"13255",2021-10-28,"2021",2022,28,22.58030559,0.111876702,1.35,51.89
"13256",2021-10-29,"2021",2022,29,22.79057174,0.154164219,1.27,53.16
"13257",2021-10-30,"2021",2022,30,22.81415601,0.373925857,1.19,54.35
"13258",2021-10-31,"2021",2022,31,22.97577462,0.553857586,1.14,55.49
"13259",2021-11-01,"2021",2022,32,22.98253326,0.739005412,1.2,56.69
"13260",2021-11-02,"2021",2022,33,23.00502448,0.811119726,1.22,57.91
"13261",2021-11-03,"2021",2022,34,23.03945681,0.863243821,1.21,59.12
"13262",2021-11-04,"2021",2022,35,23.12386837,0.903181722,1.11,60.23
"13263",2021-11-05,"2021",2022,36,23.2201575,0.952479253,1.04,61.27
"13264",2021-11-06,"2021",2022,37,23.18154396,1.237401881,0.98,62.25
"13265",2021-11-07,"2021",2022,38,23.28898031,1.35105624,0.87,63.12
"13266",2021-11-08,"2021",2022,39,23.29022771,1.347587156,0.83,63.95
"13267",2021-11-09,"2021",2022,40,23.45076153,1.479217222,0.82,64.77
"13268",2021-11-10,"2021",2022,41,23.55339132,1.364815469,0.79,65.56
"13269",2021-11-11,"2021",2022,42,23.60967399,0.861854453,0.82,66.38
"13270",2021-11-12,"2021",2022,43,23.85618615,0.204980325,0.85,67.23
"13271",2021-11-13,"2021",2022,44,23.84598184,0.097509489,0.72,67.95
"13272",2021-11-14,"2021",2022,45,23.90267802,0.20071686,0.71,68.66
"13273",2021-11-15,"2021",2022,46,23.97816125,0.240847911,0.7,69.36
"13274",2021-11-16,"2021",2022,47,24.07620774,0.326420365,0.66,70.02
"13275",2021-11-17,"2021",2022,48,24.20603076,0.332178639,0.64,70.66
"13276",2021-11-18,"2021",2022,49,24.4366251,0.203884337,0.59,71.25
"13277",2021-11-19,"2021",2022,50,24.91286427,0.100101476,0.53,71.78
"13278",2021-11-20,"2021",2022,51,25.0875401,0.134173923,0.5,72.28
"13279",2021-11-21,"2021",2022,52,25.2730801,0.20795198,0.55,72.83
"13280",2021-11-22,"2021",2022,53,25.35193969,0.177454531,0.47,73.3
"13281",2021-11-23,"2021",2022,54,25.88593698,0.350225547,0.42,73.72
"13282",2021-11-24,"2021",2022,55,26.34601576,0.460601169,0.42,74.14
"13283",2021-11-25,"2021",2022,56,26.64333826,0.533202808,0.39,74.53
"13284",2021-11-26,"2021",2022,57,26.38771174,0.335876676,0.36,74.89
"13285",2021-11-27,"2021",2022,58,26.51416625,0.679772378,0.35,75.24
"13286",2021-11-28,"2021",2022,59,26.84910976,0.790538689,0.35,75.59
"13287",2021-11-29,"2021",2022,60,27.11136878,0.83696831,0.35,75.94
"13288",2021-11-30,"2021",2022,61,27.31365503,1.028457439,0.35,76.29
"13289",2021-12-01,"2021",2022,62,NA,0.781698752,0.34,76.63
"13290",2021-12-02,"2021",2022,63,NA,0.823300457,0.34,76.97
"13291",2021-12-03,"2021",2022,64,28.32389243,0.998982859,0.35,77.32
"13292",2021-12-04,"2021",2022,65,28.56350389,1.025545347,0.34,77.66
"13293",2021-12-05,"2021",2022,66,28.72253059,0.796892484,0.31,77.97
"13294",2021-12-06,"2021",2022,67,NA,0.452967319,0.3,78.27
"13295",2021-12-07,"2021",2022,68,NA,0.190723208,0.31,78.58
"13296",2021-12-08,"2021",2022,69,NA,0.347154405,0.26,78.84
"13297",2021-12-09,"2021",2022,70,NA,0.39769925,0.27,79.11
"13298",2021-12-10,"2021",2022,71,29.65828368,0.508880199,0.31,79.42
"13299",2021-12-11,"2021",2022,72,29.40557535,0.301380687,0.28,79.7
"13300",2021-12-12,"2021",2022,73,28.32883118,0.239711021,0.27,79.97
"13301",2021-12-13,"2021",2022,74,28.9454299,0.561759092,0.21,80.18
"13302",2021-12-14,"2021",2022,75,29.86509788,0.699803673,0.19,80.37
"13303",2021-12-15,"2021",2022,76,29.94442969,0.748677352,0.17,80.54
"13304",2021-12-16,"2021",2022,77,29.76281479,0.693529026,0.15,80.69
"13305",2021-12-17,"2021",2022,78,30.25450903,0.732571189,0.16,80.85
"13306",2021-12-18,"2021",2022,79,30.63626795,0.688764784,0.16,81.01
"13307",2021-12-19,"2021",2022,80,31.51015861,0.565684734,0.15,81.16
"13308",2021-12-20,"2021",2022,81,32.15122628,0.662103222,0.14,81.3
"13309",2021-12-21,"2021",2022,82,31.7124701,0.805096731,0.15,81.45
"13310",2021-12-22,"2021",2022,83,31.9965908,0.66529349,0.14,81.59
"13311",2021-12-23,"2021",2022,84,32.32811247,0.606240903,0.14,81.73
"13312",2021-12-24,"2021",2022,85,32.67732295,0.646449311,0.17,81.9
"13313",2021-12-25,"2021",2022,86,31.7243324,0.545282681,0.21,82.11
"13314",2021-12-26,"2021",2022,87,31.10340153,0.442784631,0.22,82.33
"13315",2021-12-27,"2021",2022,88,30.08038708,0.385596804,0.2,82.53
"13316",2021-12-28,"2021",2022,89,29.33711375,0.39948442,0.2,82.73
"13317",2021-12-29,"2021",2022,90,29.2844133,0.314042291,0.16,82.89
"13318",2021-12-30,"2021",2022,91,29.15451378,0.427327347,0.14,83.03
"13319",2021-12-31,"2021",2022,92,29.04233806,0.402516894,0.15,83.18
"13320",2022-01-01,"2022",2022,93,28.81424323,0.311298264,0.15,83.33
"13321",2022-01-02,"2022",2022,94,29.23359076,0.300908923,0.11,83.44
"13322",2022-01-03,"2022",2022,95,29.27583243,0.29949432,0.08,83.52
"13323",2022-01-04,"2022",2022,96,29.44788309,0.294910442,0.07,83.59
"13324",2022-01-05,"2022",2022,97,29.05912566,0.22025713,0.07,83.66
"13325",2022-01-06,"2022",2022,98,29.07153083,0.165365327,0.09,83.75
"13326",2022-01-07,"2022",2022,99,29.34208319,0.162247242,0.06,83.81
"13327",2022-01-08,"2022",2022,100,29.81422778,0.133510491,0.05,83.86
"13328",2022-01-09,"2022",2022,101,30.05479361,0.101174154,0.04,83.9
"13329",2022-01-10,"2022",2022,102,29.91589472,0.092896872,0.04,83.94
"13330",2022-01-11,"2022",2022,103,29.96432917,0.092918396,0.04,83.98
"13331",2022-01-12,"2022",2022,104,29.92984694,0.086926352,0.04,84.02
"13332",2022-01-13,"2022",2022,105,30.07876878,0.094136137,0.04,84.06
"13333",2022-01-14,"2022",2022,106,30.39904649,0.105503308,0.03,84.09
"13334",2022-01-15,"2022",2022,107,30.37938865,0.109179077,0.03,84.12
"13335",2022-01-16,"2022",2022,108,30.22986035,0.105284901,0.03,84.15
"13336",2022-01-17,"2022",2022,109,30.22653885,0.102123696,0.03,84.18
"13337",2022-01-18,"2022",2022,110,30.27079135,0.109275304,0.03,84.21
"13338",2022-01-19,"2022",2022,111,30.341005,0.11711726,0.03,84.24
"13339",2022-01-20,"2022",2022,112,30.83252861,0.136297554,0.03,84.27
"13340",2022-01-21,"2022",2022,113,30.76047222,0.135718688,0.03,84.3
"13341",2022-01-22,"2022",2022,114,NA,0.135090933,0.03,84.33
"13342",2022-01-23,"2022",2022,115,NA,0.132169309,0.03,84.36
"13343",2022-01-24,"2022",2022,116,NA,0.130884275,0.03,84.39
"13344",2022-01-25,"2022",2022,117,NA,0.131339082,0.03,84.42
"13345",2022-01-26,"2022",2022,118,NA,0.137839649,0.03,84.45
"13346",2022-01-27,"2022",2022,119,NA,0.13805497,0.03,84.48
"13347",2022-01-28,"2022",2022,120,NA,0.126546984,0.03,84.51
"13348",2022-01-29,"2022",2022,121,NA,0.103434034,0.03,84.54
"13349",2022-01-30,"2022",2022,122,NA,0.095305338,0.03,84.57
"13350",2022-01-31,"2022",2022,123,NA,0.102748036,0.03,84.6
"13351",2022-02-01,"2022",2022,124,NA,0.094280148,0.03,84.63
"13352",2022-02-02,"2022",2022,125,NA,0.099415765,0.03,84.66
"13353",2022-02-03,"2022",2022,126,NA,0.093189663,0.03,84.69
"13354",2022-02-04,"2022",2022,127,NA,0.085626178,0.03,84.72
"13355",2022-02-05,"2022",2022,128,NA,0.077461667,0.02,84.74
"13356",2022-02-06,"2022",2022,129,NA,0.059072071,0.02,84.76
"13357",2022-02-07,"2022",2022,130,NA,0.062865469,0.02,84.78
"13358",2022-02-08,"2022",2022,131,NA,0.056784312,0.02,84.8
"13359",2022-02-09,"2022",2022,132,NA,0.048567348,0.02,84.82
"13360",2022-02-10,"2022",2022,133,NA,0.059909079,0.02,84.84
"13361",2022-02-11,"2022",2022,134,31.52332914,0.066987676,0.02,84.86
"13362",2022-02-12,"2022",2022,135,30.76819083,0.066312048,0.02,84.88
"13363",2022-02-13,"2022",2022,136,30.20293056,0.073086209,0.02,84.9
"13364",2022-02-14,"2022",2022,137,30.71652118,0.069161415,0.02,84.92
"13365",2022-02-15,"2022",2022,138,30.26758222,0.078005472,0.02,84.94
"13366",2022-02-16,"2022",2022,139,30.54436372,0.08657307,0.02,84.96
"13367",2022-02-17,"2022",2022,140,30.98744302,0.085738295,0.02,84.98
"13368",2022-02-18,"2022",2022,141,29.67381802,0.098002969,0.02,85
"13369",2022-02-19,"2022",2022,142,29.25836243,0.072093012,0.02,85.02
"13370",2022-02-20,"2022",2022,143,29.63723979,0.052120314,0.02,85.04
"13371",2022-02-21,"2022",2022,144,30.32194653,0.066169209,0.02,85.06
"13372",2022-02-22,"2022",2022,145,30.35600573,0.087960137,0.02,85.0799999999999
"13373",2022-02-23,"2022",2022,146,29.86871743,0.102884717,0.02,85.0999999999999
"13374",2022-02-24,"2022",2022,147,29.30970771,0.101053233,0.02,85.1199999999999
"13375",2022-02-25,"2022",2022,148,29.19997344,0.100882427,0.01,85.1299999999999
"13376",2022-02-26,"2022",2022,149,29.68833063,0.074688382,0.01,85.1399999999999
"13377",2022-02-27,"2022",2022,150,29.93385583,0.050007185,0.01,85.15
"13378",2022-02-28,"2022",2022,151,30.38378993,0.047491921,0.01,85.16
"13379",2022-03-01,"2022",2022,152,30.52877469,0.049100346,0.01,85.17
"13380",2022-03-02,"2022",2022,153,30.35917441,0.058110661,0.01,85.18
"13381",2022-03-03,"2022",2022,154,30.30159889,0.092561087,0.01,85.19
"13382",2022-03-04,"2022",2022,155,29.90902507,0.120904608,0.01,85.2
"13383",2022-03-05,"2022",2022,156,29.4421575,0.152098445,0.01,85.21
"13384",2022-03-06,"2022",2022,157,28.80530576,0.164924099,0.01,85.22
"13385",2022-03-07,"2022",2022,158,28.13679472,0.175348297,0.01,85.23
"13386",2022-03-08,"2022",2022,159,27.2168592,0.144090218,0.01,85.24
"13387",2022-03-09,"2022",2022,160,26.96271597,0.103625081,0.01,85.25
"13388",2022-03-10,"2022",2022,161,27.68328347,0.099196638,0.01,85.26
"13389",2022-03-11,"2022",2022,162,27.84739913,0.112429741,0.01,85.27
"13390",2022-03-12,"2022",2022,163,28.37997552,0.085032569,0.01,85.28
"13391",2022-03-13,"2022",2022,164,28.67437483,0.038885754,0.01,85.29
"13392",2022-03-14,"2022",2022,165,28.87919615,0.039740774,0,85.29
"13393",2022-03-15,"2022",2022,166,28.66837014,0.07826074,0,85.29
"13394",2022-03-16,"2022",2022,167,28.81477434,0.09525585,0.01,85.3
"13395",2022-03-17,"2022",2022,168,28.69182503,0.138124473,0.01,85.31
"13396",2022-03-29,"2022",2022,180,24.9507533,0.587834995,0.02,85.4400000000001
"13397",2022-03-30,"2022",2022,181,24.11861931,0.779387581,0.02,85.4600000000001
"13398",2022-03-31,"2022",2022,182,23.02368545,0.558045919,0.02,85.4800000000001
"13399",2022-04-01,"2022",2022,183,22.40889958,0.513658203,0.02,85.5000000000001
"13400",2022-04-02,"2022",2022,184,22.63945271,0.871942251,0.02,85.5200000000001
"13401",2022-04-21,"2022",2022,203,22.85814545,0.951970114,0.02,85.88
"13402",2022-04-22,"2022",2022,204,22.61162945,1.424039017,0.07,85.95
"13403",2022-04-23,"2022",2022,205,21.99440439,2.145442316,0.49,86.44
"13404",2022-04-24,"2022",2022,206,21.4268721,1.746158188,0.42,86.86
"13405",2022-04-25,"2022",2022,207,20.09039603,1.33392067,0.32,87.18
"13406",2022-04-26,"2022",2022,208,19.55003108,1.191345233,0.2,87.38
"13407",2022-04-27,"2022",2022,209,19.0354323,0.964347438,0.19,87.57
"13408",2022-04-28,"2022",2022,210,19.17130692,0.925246566,0.2,87.77
"13409",2022-04-29,"2022",2022,211,19.39233686,1.110366384,0.36,88.13
"13410",2022-04-30,"2022",2022,212,19.34629645,1.376009358,0.38,88.51
"13411",2022-05-01,"2022",2022,213,19.62292312,1.811082213,0.48,88.99
"13412",2022-05-02,"2022",2022,214,19.8269508,2.450804455,1.15,90.14
"13413",2022-05-03,"2022",2022,215,18.97002196,1.755875465,1.74,91.88
"13414",2022-05-04,"2022",2022,216,20.08273148,1.061350606,2.93,94.81
"13415",2022-05-05,"2022",2022,217,21.26475124,0.999828113,2.26,97.07
"13416",2022-05-06,"2022",2022,218,20.95175725,0.894252705,1.17,98.24
"13417",2022-05-07,"2022",2022,219,21.57163778,1.353189244,1.9,100.14
"13418",2022-05-08,"2022",2022,220,19.98436956,1.896223316,4.7,104.84
"13419",2022-05-09,"2022",2022,221,17.65859293,1.437042531,4.85,109.69
"13420",2022-05-10,"2022",2022,222,17.62377839,1.128979321,3.69,113.38
"13421",2022-05-11,"2022",2022,223,17.8589209,1.822168795,5.35,118.73
"13422",2022-05-12,"2022",2022,224,17.96942986,2.523041625,7.91,126.64
"13423",2022-05-13,"2022",2022,225,16.37745112,1.987039486,5.48,132.12
"13424",2022-05-14,"2022",2022,226,15.96518825,1.227073328,4.35,136.47
"13425",2022-05-15,"2022",2022,227,15.78073183,1.287459955,8.16,144.63
"13426",2022-05-16,"2022",2022,228,15.52411208,2.115823128,12.6,157.23
"13427",2022-05-17,"2022",2022,229,15.76816261,2.830817226,12.3,169.53
"13428",2022-05-18,"2022",2022,230,16.02634959,2.366220826,15.8,185.33
"13429",2022-05-19,"2022",2022,231,15.81863015,2.580521719,16.3,201.63
"13430",2022-05-20,"2022",2022,232,15.4608662,1.539527142,13.8,215.43
"13431",2022-05-21,"2022",2022,233,16.15710097,0.914288722,8.05,223.48
"13432",2022-05-22,"2022",2022,234,17.49043448,1.15207568,5.58,229.06
"13433",2022-05-23,"2022",2022,235,18.87439247,1.616787981,4.49,233.55
"13434",2022-05-24,"2022",2022,236,18.70283373,2.728603233,3.99,237.54
"13435",2022-05-25,"2022",2022,237,18.17956061,3.293880781,3.71,241.25
"13436",2022-05-26,"2022",2022,238,18.98205211,3.848581858,4.16,245.41
"13437",2022-05-27,"2022",2022,239,18.0517541,4.739761917,11.3,256.71
"13438",2022-05-28,"2022",2022,240,17.75767091,4.953395521,17.1,273.81
"13439",2022-05-29,"2022",2022,241,17.51916411,3.958901851,15.7,289.51
"13440",2022-05-30,"2022",2022,242,17.54375537,2.96026792,12.2,301.71
"13441",2022-05-31,"2022",2022,243,17.71410569,1.596244078,7.69,309.4
"13442",2022-06-01,"2022",2022,244,18.04670094,1.643940811,7.11,316.51
"13443",2022-06-02,"2022",2022,245,18.68558705,3.017560281,10.3,326.81
"13444",2022-06-03,"2022",2022,246,18.44047852,4.520683885,16.5,343.31
"13445",2022-06-04,"2022",2022,247,18.27491283,5.233419604,20.1,363.41
"13446",2022-06-05,"2022",2022,248,17.74461308,5.032250205,23.5,386.91
"13447",2022-06-06,"2022",2022,249,17.3819543,4.884483351,31.9,418.81
"13448",2022-06-07,"2022",2022,250,17.20166757,4.118636243,31.6,450.41
"13449",2022-06-08,"2022",2022,251,16.98484935,4.254782587,29.1,479.51
"13450",2022-06-09,"2022",2022,252,16.71052839,5.274505181,29.7,509.21
"13451",2022-06-10,"2022",2022,253,16.34571784,5.771242601,32.1,541.31
"13452",2022-06-11,"2022",2022,254,16.0454901,5.32246359,38.5,579.81
"13453",2022-06-12,"2022",2022,255,15.83083934,5.465786076,40.6,620.41
"13454",2022-06-13,"2022",2022,256,15.67404494,5.739531368,38.1,658.51
"13455",2022-06-14,"2022",2022,257,15.21724578,6.116456573,31.7,690.21
"13456",2022-06-15,"2022",2022,258,15.12742388,6.071334299,23,713.21
"13457",2022-06-16,"2022",2022,259,15.32227107,5.910572365,20.8,734.01
"13458",2022-06-17,"2022",2022,260,15.41202306,7.499319066,27.9,761.91
"13459",2022-06-18,"2022",2022,261,15.14733536,7.605531153,32.6,794.51
"13460",2022-06-19,"2022",2022,262,14.90317703,6.708079549,32.2,826.71
"13461",2022-06-20,"2022",2022,263,14.87930325,6.933944163,28.4,855.11
"13462",2022-06-21,"2022",2022,264,14.82944145,6.785535274,21.8,876.91
"13463",2022-06-22,"2022",2022,265,15.15253583,6.89473142,19.7,896.61
"13464",2022-06-23,"2022",2022,266,14.9862766,7.99971184,17.8,914.41
"13465",2022-06-24,"2022",2022,267,15.0301314,7.643390653,19.4,933.81
"13466",2022-06-25,"2022",2022,268,14.81790266,7.796503253,21.2,955.01
"13467",2022-06-26,"2022",2022,269,14.26411319,7.571457802,19.9,974.91
"13468",2022-06-27,"2022",2022,270,14.23181045,7.175042597,18.9,993.81
"13469",2022-06-28,"2022",2022,271,14.43908459,7.389238944,18.8,1012.61
"13470",2022-06-29,"2022",2022,272,14.38373241,8.355177882,18.9,1031.51
"13471",2022-06-30,"2022",2022,273,14.12977242,8.322807872,22.6,1054.11
"13472",2022-07-01,"2022",2022,274,13.45625336,7.645294705,24,1078.11
"13473",2022-07-02,"2022",2022,275,13.46428038,8.509317198,23.6,1101.71
"13474",2022-07-03,"2022",2022,276,13.59068577,9.24352341,22.2,1123.91
"13475",2022-07-04,"2022",2022,277,13.72428463,9.648770122,20.8,1144.71
"13476",2022-07-05,"2022",2022,278,13.56114648,10.15279967,19.6,1164.31
"13477",2022-07-06,"2022",2022,279,NA,9.981024625,18,1182.31
"13478",2022-07-07,"2022",2022,280,NA,9.934459306,18.4,1200.71
"13479",2022-07-08,"2022",2022,281,NA,10.44958909,17.8,1218.51
"13480",2022-07-09,"2022",2022,282,12.38907521,11.46573023,17.1,1235.61
"13481",2022-07-10,"2022",2022,283,12.35268455,12.19155063,16.9,1252.51
"13482",2022-07-11,"2022",2022,284,12.31682205,12.48630337,16.9,1269.41
"13483",2022-07-12,"2022",2022,285,12.20122365,11.8171,16,1285.41
"13484",2022-07-13,"2022",2022,286,12.04642302,12.45790146,13.9,1299.31
"13485",2022-07-14,"2022",2022,287,11.98252604,11.89408361,13.5,1312.81
"13486",2022-07-15,"2022",2022,288,11.98031316,11.73422361,14.8,1327.61
"13487",2022-07-16,"2022",2022,289,12.01284184,12.61950976,17.6,1345.21
"13488",2022-07-17,"2022",2022,290,11.78343639,12.3068525,16,1361.21
"13489",2022-07-18,"2022",2022,291,11.64393021,12.49888285,14.8,1376.01
"13490",2022-07-19,"2022",2022,292,11.50959719,12.9018926,15.4,1391.41
"13491",2022-07-20,"2022",2022,293,11.48803125,12.88214611,14.9,1406.31
"13492",2022-07-21,"2022",2022,294,11.50180076,12.86556958,12.8,1419.11
"13493",2022-07-22,"2022",2022,295,11.54805156,13.26215639,11,1430.11
"13494",2022-07-23,"2022",2022,296,11.51584069,13.45866115,9.84,1439.95
"13495",2022-07-24,"2022",2022,297,11.17735731,12.85382469,11.6,1451.55
"13496",2022-07-25,"2022",2022,298,11.13538918,12.28597878,12.4,1463.95
"13497",2022-07-26,"2022",2022,299,10.91280272,12.4845824,12.4,1476.35
"13498",2022-07-27,"2022",2022,300,10.68424518,12.86360635,10.5,1486.85
"13499",2022-07-28,"2022",2022,301,10.79430355,13.21203306,11.2,1498.05
"13500",2022-07-29,"2022",2022,302,10.92667049,12.60861854,13.6,1511.65
"13501",2022-07-30,"2022",2022,303,10.81965591,11.55100625,17.1,1528.75
"13502",2022-07-31,"2022",2022,304,10.85723535,11.28368646,13.6,1542.35
"13503",2022-08-01,"2022",2022,305,11.31765278,10.99528111,12.1,1554.45
"13504",2022-08-02,"2022",2022,306,11.90842239,11.56272158,12.2,1566.65
"13505",2022-08-03,"2022",2022,307,12.52836034,12.16147115,13.4,1580.05
"13506",2022-08-04,"2022",2022,308,12.88209354,12.45591931,12.3,1592.35
"13507",2022-08-05,"2022",2022,309,13.25328713,13.35514108,11,1603.35
"13508",2022-08-06,"2022",2022,310,13.11778628,13.95698181,11.1,1614.45
"13509",2022-08-07,"2022",2022,311,13.11910396,14.21404747,10.5,1624.95
"13510",2022-08-08,"2022",2022,312,13.0306101,14.21681344,9.69,1634.64
"13511",2022-08-09,"2022",2022,313,13.12686691,14.61886872,8.6,1643.24
"13512",2022-08-10,"2022",2022,314,13.21531951,14.54839667,7.77,1651.01
"13513",2022-08-11,"2022",2022,315,13.28773292,14.61685663,7.37,1658.38
"13514",2022-08-12,"2022",2022,316,13.30339542,14.3044767,7.55,1665.93
"13515",2022-08-13,"2022",2022,317,13.44735729,14.0022692,8.37,1674.3
"13516",2022-08-14,"2022",2022,318,13.43278024,14.52084983,11.9,1686.2
"13517",2022-08-15,"2022",2022,319,13.52557299,14.39564076,10.7,1696.9
"13518",2022-08-16,"2022",2022,320,13.51909246,13.30865097,11.4,1708.3
"13519",2022-08-17,"2022",2022,321,13.59288868,12.48276615,10.9,1719.2
"13520",2022-08-18,"2022",2022,322,13.68267812,12.44076622,9.62,1728.82
"13521",2022-08-19,"2022",2022,323,14.0076652,12.69754045,8.94,1737.76
"13522",2022-08-20,"2022",2022,324,14.05218543,12.01344462,9.41,1747.17
"13523",2022-08-21,"2022",2022,325,14.36567394,11.50962486,9.15,1756.32
"13524",2022-08-22,"2022",2022,326,14.67808852,11.29190524,8.5,1764.82
"13525",2022-08-23,"2022",2022,327,15.12387806,11.72841087,8.18,1773
"13526",2022-08-24,"2022",2022,328,15.28417098,12.02810236,8.79,1781.79
"13527",2022-08-25,"2022",2022,329,15.45616854,11.74587351,8.84,1790.63
"13528",2022-08-26,"2022",2022,330,15.74085097,11.38752899,12.3,1802.93
"13529",2022-08-27,"2022",2022,331,15.90501708,10.76675667,14.8,1817.73
"13530",2022-08-28,"2022",2022,332,16.58802672,10.36282343,12.5,1830.23
"13531",2022-08-29,"2022",2022,333,17.17301703,10.01760179,10.4,1840.63
"13532",2022-08-30,"2022",2022,334,17.47686495,10.29844912,9.13,1849.76
"13533",2022-08-31,"2022",2022,335,17.63242585,11.89383656,8.23,1857.99
"13534",2022-09-01,"2022",2022,336,17.92303924,12.68296764,7.39,1865.38
"13535",2022-09-02,"2022",2022,337,18.18470702,12.35226611,6.53,1871.91
"13536",2022-09-03,"2022",2022,338,18.43255282,12.08863778,6.14,1878.05
"13537",2022-09-04,"2022",2022,339,18.6443158,12.48217993,5.73,1883.78
"13538",2022-09-05,"2022",2022,340,18.63314146,13.51095135,5.37,1889.15
"13539",2022-09-06,"2022",2022,341,18.69432792,13.49701368,5.06,1894.21
"13540",2022-09-07,"2022",2022,342,18.74553063,13.58722691,4.84,1899.05
"13541",2022-09-08,"2022",2022,343,18.83400274,14.03535896,4.54,1903.59
"13542",2022-09-09,"2022",2022,344,18.89953083,13.76074184,4.5,1908.09
"13543",2022-09-10,"2022",2022,345,19.03688542,12.3166576,4.55,1912.64
"13544",2022-09-11,"2022",2022,346,19.09849531,10.39052526,4.06,1916.7
"13545",2022-09-12,"2022",2022,347,19.11071788,9.415662493,3.77,1920.47
"13546",2022-09-13,"2022",2022,348,19.42628604,10.26019665,3.55,1924.02
"13547",2022-09-14,"2022",2022,349,19.91907792,10.55480101,3.32,1927.34
"13548",2022-09-15,"2022",2022,350,20.14382472,10.11037916,3.37,1930.71
"13549",2022-09-16,"2022",2022,351,20.41762038,9.25738949,3.6,1934.31
"13550",2022-09-17,"2022",2022,352,20.58718507,7.927826819,3.97,1938.28
"13551",2022-09-18,"2022",2022,353,20.72860483,8.015687552,4,1942.28
"13552",2022-09-19,"2022",2022,354,20.86610718,9.022042372,3.88,1946.16
"13553",2022-09-20,"2022",2022,355,21.2668849,9.630717431,3.81,1949.97
"13554",2022-09-21,"2022",2022,356,21.51034237,10.21376339,3.81,1953.78
"13555",2022-09-22,"2022",2022,357,21.87554749,9.733744878,3.76,1957.54
"13556",2022-09-23,"2022",2022,358,21.97843323,9.025331632,3.08,1960.62
"13557",2022-09-24,"2022",2022,359,22.22051193,7.74651466,2.75,1963.37
"13558",2022-09-25,"2022",2022,360,22.29327951,6.905414688,3.01,1966.38
"13559",2022-09-26,"2022",2022,361,22.51157393,7.883592837,3.11,1969.49
"13560",2022-09-27,"2022",2022,362,22.63310408,9.120777299,2.98,1972.47
"13561",2022-09-28,"2022",2022,363,22.73960257,9.526392045,2.79,1975.26
"13562",2022-09-29,"2022",2022,364,22.96572466,9.462219962,2.44,1977.7
"13563",2022-09-30,"2022",2022,365,22.87142704,8.880603726,2.53,1980.23
"13564",2022-10-01,"2022",2023,1,23.03379545,7.88709975,3.24,3.24
"13565",2022-10-02,"2022",2023,2,23.72481512,7.082013455,3.62,6.86
"13566",2022-10-03,"2022",2023,3,23.69424332,6.497570851,3.84,10.7
"13567",2022-10-04,"2022",2023,4,22.91524823,6.134354594,4.23,14.93
"13568",2022-10-05,"2022",2023,5,21.67189838,5.760789771,4.3,19.23
"13569",2022-10-06,"2022",2023,6,21.83718156,5.909841434,4.11,23.34
"13570",2022-10-07,"2022",2023,7,22.74161976,6.333617431,3.83,27.17
"13571",2022-10-08,"2022",2023,8,24.15773005,6.282026594,3.64,30.81
"13572",2022-10-09,"2022",2023,9,25.32287923,5.881254014,3.42,34.23
"13573",2022-10-10,"2022",2023,10,26.44196563,5.745350417,3.04,37.27
"13574",2022-10-11,"2022",2023,11,26.91674901,5.627475847,2.15,39.42
"13575",2022-10-12,"2022",2023,12,26.31035309,3.735431042,2.09,41.51
"13576",2022-10-13,"2022",2023,13,26.05277661,2.998842253,2.34,43.85
"13577",2022-10-14,"2022",2023,14,26.15486667,3.239953378,2.35,46.2
"13578",2022-10-15,"2022",2023,15,26.43971215,2.931729087,2.31,48.51
"13579",2022-10-16,"2022",2023,16,26.62457767,2.980034229,2.25,50.76
"13580",2022-10-17,"2022",2023,17,26.57059861,4.036374278,2.12,52.88
"13581",2022-10-18,"2022",2023,18,26.61955792,4.115937646,1.91,54.79
"13582",2022-10-19,"2022",2023,19,26.62939174,4.011076007,1.72,56.51
"13583",2022-10-20,"2022",2023,20,26.65490111,4.149140757,1.68,58.19
"13584",2022-10-21,"2022",2023,21,26.66944816,3.668297337,1.5,59.69
"13585",2022-10-22,"2022",2023,22,26.80027177,2.696600705,1.14,60.83
"13586",2022-10-23,"2022",2023,23,26.98688372,1.467119924,1.19,62.02
"13587",2022-10-24,"2022",2023,24,27.05185444,1.010902448,1.2,63.22
"13588",2022-10-25,"2022",2023,25,27.73414813,0.125354555,1.1,64.32
"13589",2022-10-26,"2022",2023,26,28.64611545,0.460407468,1.1,65.42
"13590",2022-10-27,"2022",2023,27,29.39385226,0.768215494,1.26,66.68
"13591",2022-10-28,"2022",2023,28,29.73280365,0.81835713,1.27,67.95
"13592",2022-10-29,"2022",2023,29,29.89057313,0.867684905,1.22,69.17
"13593",2022-10-30,"2022",2023,30,30.3013008,1.134416508,1.18,70.35
"13594",2022-10-31,"2022",2023,31,30.22094205,1.527318354,1.09,71.44
"13595",2022-11-01,"2022",2023,32,29.96326972,1.738022146,0.98,72.42
"13596",2022-11-02,"2022",2023,33,29.79216625,2.489773087,0.9,73.32
"13597",2022-11-03,"2022",2023,34,29.78467938,2.853717191,0.95,74.27
"13598",2022-11-04,"2022",2023,35,29.74517785,2.706933285,1.02,75.29
"13599",2022-11-05,"2022",2023,36,29.4850509,1.42493766,0.84,76.13
"13600",2022-11-06,"2022",2023,37,29.50455038,1.259907586,0.89,77.02
"13601",2022-11-07,"2022",2023,38,29.92237385,2.153780139,0.83,77.85
"13602",2022-11-08,"2022",2023,39,30.03609844,2.227969024,0.8,78.65
"13603",2022-11-09,"2022",2023,40,30.1221009,2.129315701,0.77,79.42
"13604",2022-11-10,"2022",2023,41,30.12753222,1.835033622,0.81,80.23
"13605",2022-11-11,"2022",2023,42,29.98108236,1.302941181,0.7,80.93
"13606",2022-11-12,"2022",2023,43,29.99148615,0.930772978,0.64,81.57
"13607",2022-11-13,"2022",2023,44,30.22646944,1.526662522,0.64,82.21
"13608",2022-11-14,"2022",2023,45,30.55376622,1.473181191,0.64,82.85
"13609",2022-11-15,"2022",2023,46,30.73681354,1.541632462,0.61,83.46
"13610",2022-11-16,"2022",2023,47,31.17131163,1.127930972,0.56,84.02
"13611",2022-11-17,"2022",2023,48,31.22775396,0.881802257,0.56,84.58
"13612",2022-11-18,"2022",2023,49,31.50453882,0.866055451,0.6,85.18
"13613",2022-11-19,"2022",2023,50,32.04862382,0.815876043,0.51,85.69
"13614",2022-11-20,"2022",2023,51,32.07514531,0.786556457,0.45,86.14
"13615",2022-11-21,"2022",2023,52,31.56897875,0.732406288,0.39,86.53
"13616",2022-11-22,"2022",2023,53,31.7697641,1.317357906,0.36,86.89
"13617",2022-11-23,"2022",2023,54,NA,1.391950986,0.35,87.24
"13618",2022-11-24,"2022",2023,55,31.89245937,1.331389813,0.34,87.58
"13619",2022-11-25,"2022",2023,56,32.08650615,1.547926698,0.34,87.92
"13620",2022-11-26,"2022",2023,57,32.32227059,1.622391378,0.35,88.27
"13621",2022-11-27,"2022",2023,58,32.56571556,1.566264274,0.37,88.64
"13622",2022-11-28,"2022",2023,59,32.11552372,0.92746586,0.32,88.96
"13623",2022-11-29,"2022",2023,60,32.2150825,1.312932294,0.4,89.36
"13624",2022-11-30,"2022",2023,61,32.76569747,0.898840262,0.36,89.72
"13625",2022-12-01,"2022",2023,62,33.82933188,0.603811048,0.33,90.05
"13626",2022-12-02,"2022",2023,63,33.99812712,0.943877546,0.29,90.34
"13627",2022-12-03,"2022",2023,64,33.88055135,0.978007365,0.26,90.6
"13628",2022-12-04,"2022",2023,65,NA,0.739522933,0.28,90.88
"13629",2022-12-05,"2022",2023,66,34.81100971,0.681130094,0.28,91.16
"13630",2022-12-06,"2022",2023,67,34.60899705,0.655325677,0.3,91.46
"13631",2022-12-07,"2022",2023,68,34.56097003,0.648300275,0.26,91.72
"13632",2022-12-08,"2022",2023,69,34.27669198,0.460013708,0.27,91.99
"13633",2022-12-09,"2022",2023,70,33.73346063,0.285489503,0.24,92.23
"13634",2022-12-10,"2022",2023,71,33.23674771,0.456767198,0.2,92.43
"13635",2022-12-11,"2022",2023,72,33.18958333,0.613041667,0.17,92.6
"13636",2022-12-12,"2022",2023,73,33.36625,0.712270833,0.17,92.77
"13637",2022-12-13,"2022",2023,74,33.41125,0.765041667,0.18,92.95
"13638",2022-12-14,"2022",2023,75,33.14333333,0.567291667,0.18,93.13
"13639",2022-12-15,"2022",2023,76,33.094375,0.507770833,0.21,93.34
"13640",2022-12-16,"2022",2023,77,33.60729167,0.497770833,0.18,93.52
"13641",2022-12-17,"2022",2023,78,34.18416667,0.508020833,0.23,93.7500000000001
"13642",2022-12-18,"2022",2023,79,34.75416667,0.498791667,0.16,93.91
"13643",2022-12-19,"2022",2023,80,35.36541667,0.553895833,0.15,94.0600000000001
"13644",2022-12-20,"2022",2023,81,35.28333333,0.603229167,0.15,94.2100000000001
"13645",2022-12-21,"2022",2023,82,35.58458333,0.570729167,0.15,94.3600000000001
"13646",2022-12-22,"2022",2023,83,35.84083333,0.496395833,0.15,94.5100000000001
"13647",2022-12-24,"2022",2023,85,36.42625,0.3114375,0.12,94.7600000000001
"13648",2022-12-25,"2022",2023,86,36.910625,0.2699375,0.15,94.9100000000001
"13649",2022-12-26,"2022",2023,87,36.82291667,0.270791667,0.12,95.0300000000001
"13650",2022-12-28,"2022",2023,89,35.554375,0.25625,0.11,95.2800000000001
"13651",2022-12-29,"2022",2023,90,35.20583333,0.2716875,0.12,95.4000000000001
"13652",2022-12-30,"2022",2023,91,34.55041667,0.2714375,0.11,95.5100000000001
"13653",2022-12-31,"2022",2023,92,33.89291667,0.257416667,0.11,95.6200000000001
"13654",2023-01-01,"2023",2023,93,34.07541667,0.254479167,0.12,95.7400000000001
"13655",2023-01-02,"2023",2023,94,33.3153125,0.2566875,0.12,95.8600000000001
"13656",2023-01-03,"2023",2023,95,32.75270833,0.271333333,0.12,95.9800000000001
"13657",2023-01-04,"2023",2023,96,32.6765625,0.215479167,0.09,96.0700000000001
"13658",2023-01-05,"2023",2023,97,32.76416667,0.193416667,0.06,96.1300000000001
"13659",2023-01-06,"2023",2023,98,32.56375,0.1629375,0.06,96.1900000000001
"13660",2023-01-07,"2023",2023,99,33.96208333,0.169854167,0.06,96.2500000000001
"13661",2023-01-08,"2023",2023,100,35.29791667,0.172604167,0.06,96.3100000000001
"13662",2023-01-09,"2023",2023,101,34.421875,0.1778125,0.06,96.3700000000001
"13663",2023-01-10,"2023",2023,102,34.16354167,0.189354167,0.06,96.4300000000001
"13664",2023-01-11,"2023",2023,103,34.62645833,0.169395833,0.06,96.4900000000001
"13665",2023-01-12,"2023",2023,104,34.88958333,0.172458333,0.06,96.5500000000001
"13666",2023-01-13,"2023",2023,105,34.11875,0.212708333,0.05,96.6000000000001
"13667",2023-01-14,"2023",2023,106,33.84375,0.235145833,0.05,96.6500000000001
"13668",2023-01-15,"2023",2023,107,34.12125,0.262895833,0.05,96.7000000000001
"13669",2023-01-16,"2023",2023,108,34.36166667,0.255916667,0.05,96.7500000000001
"13670",2023-01-17,"2023",2023,109,34.44208333,0.247083333,0.05,96.8000000000001
"13671",2023-01-18,"2023",2023,110,34.26708333,0.243104167,0.05,96.8500000000001
"13672",2023-01-19,"2023",2023,111,34.16645833,0.268291667,0.05,96.9000000000001
"13673",2023-01-20,"2023",2023,112,33.51967139,0.246827249,0.05,96.9500000000001
"13674",2023-01-21,"2023",2023,113,33.22187667,0.268879358,0.05,97.0000000000001
"13675",2023-01-22,"2023",2023,114,33.21766104,0.272692674,0.05,97.0500000000001
"13676",2023-01-23,"2023",2023,115,33.34903142,0.239950698,0.04,97.0900000000001
"13677",2023-01-24,"2023",2023,116,33.76585566,0.239851628,0.05,97.1400000000001
"13678",2023-01-25,"2023",2023,117,33.64074417,0.210609118,0.05,97.1900000000001
"13679",2023-01-26,"2023",2023,118,33.2176401,0.22714476,0.05,97.2400000000001
"13680",2023-01-27,"2023",2023,119,32.92531212,0.191598564,0.04,97.2800000000001
"13681",2023-01-28,"2023",2023,120,32.90896517,0.203563146,0.04,97.3200000000001
"13682",2023-01-29,"2023",2023,121,34.25131243,0.189619593,0.05,97.3700000000001
"13683",2023-01-30,"2023",2023,122,34.97161934,0.138500115,0.06,97.4300000000001
"13684",2023-01-31,"2023",2023,123,35.58764319,0.132112081,0.06,97.4900000000001
"13685",2023-02-01,"2023",2023,124,35.77293042,0.156515444,0.04,97.5300000000001
"13686",2023-02-02,"2023",2023,125,NA,0.142901312,0.04,97.5700000000001
"13687",2023-02-03,"2023",2023,126,NA,0.122525433,0.03,97.6000000000001
"13688",2023-02-04,"2023",2023,127,NA,0.114509693,0.03,97.6300000000001
"13689",2023-02-05,"2023",2023,128,NA,0.107084379,0.03,97.6600000000001
"13690",2023-02-06,"2023",2023,129,NA,0.104728904,0.03,97.6900000000001
"13691",2023-02-07,"2023",2023,130,NA,0.129499969,0.03,97.7200000000001
"13692",2023-02-08,"2023",2023,131,NA,0.135471561,0.03,97.7500000000001
"13693",2023-02-09,"2023",2023,132,NA,0.123246722,0.03,97.7800000000001
"13694",2023-02-10,"2023",2023,133,NA,0.14547688,0.03,97.8100000000001
"13695",2023-02-11,"2023",2023,134,NA,0.123532615,0.03,97.8400000000001
"13696",2023-02-12,"2023",2023,135,NA,0.141702011,0.03,97.8700000000001
"13697",2023-02-13,"2023",2023,136,NA,0.145958897,0.03,97.9000000000001
"13698",2023-02-14,"2023",2023,137,NA,0.161034898,0.04,97.9400000000001
"13699",2023-02-15,"2023",2023,138,NA,0.149371048,0.03,97.9700000000001
"13700",2023-02-16,"2023",2023,139,NA,0.11505392,0.03,98.0000000000001
"13701",2023-02-17,"2023",2023,140,NA,0.053936641,0.03,98.0300000000001
"13702",2023-02-18,"2023",2023,141,NA,0.054429902,0.03,98.0600000000001
"13703",2023-02-19,"2023",2023,142,NA,0.063099967,0.03,98.0900000000001
"13704",2023-02-20,"2023",2023,143,NA,0.101033316,0.03,98.1200000000001
"13705",2023-02-21,"2023",2023,144,NA,0.015794436,0.03,98.1500000000001
"13706",2023-02-22,"2023",2023,145,NA,0.010334015,0.03,98.1800000000001
"13707",2023-02-23,"2023",2023,146,NA,0.060651567,0.03,98.2100000000002
"13708",2023-02-24,"2023",2023,147,NA,0.115345323,0.03,98.2400000000002
"13709",2023-02-25,"2023",2023,148,NA,0.113085332,0.03,98.2700000000002
"13710",2023-02-26,"2023",2023,149,NA,0.103378829,0.03,98.3000000000002
"13711",2023-02-27,"2023",2023,150,NA,0.084624398,0.02,98.3200000000001
"13712",2023-02-28,"2023",2023,151,NA,0.067478285,0.03,98.3500000000002
"13713",2023-03-01,"2023",2023,152,NA,0.034947289,0.03,98.3800000000002
"13714",2023-03-02,"2023",2023,153,NA,0.022477892,0.03,98.4100000000002
"13715",2023-03-03,"2023",2023,154,NA,0.003287951,0.02,98.4300000000001
"13716",2023-03-04,"2023",2023,155,NA,0.003600015,0.02,98.4500000000001
"13717",2023-03-05,"2023",2023,156,NA,0.008896934,0.02,98.4700000000001
"13718",2023-03-06,"2023",2023,157,NA,0.0243099,0.02,98.4900000000001
"13719",2023-03-07,"2023",2023,158,NA,0.037778007,0.02,98.5100000000001
"13720",2023-03-08,"2023",2023,159,NA,0.021237903,0.02,98.5300000000001
"13721",2023-03-09,"2023",2023,160,NA,0.015254763,0.02,98.5500000000001
"13722",2023-03-10,"2023",2023,161,NA,0.002271122,0.02,98.5700000000001
"13723",2023-03-11,"2023",2023,162,NA,0,0.02,98.5900000000001
"13724",2023-03-12,"2023",2023,163,NA,0.008603414,0.02,98.6100000000001
"13725",2023-03-13,"2023",2023,164,NA,0.037583245,0.02,98.6300000000001
"13726",2023-03-14,"2023",2023,165,NA,0.03484122,0.01,98.6400000000001
"13727",2023-03-15,"2023",2023,166,NA,0.028457218,0.01,98.6500000000001
"13728",2023-03-16,"2023",2023,167,NA,0.027289496,0.01,98.6600000000001
"13729",2023-03-17,"2023",2023,168,NA,0.046176168,0.01,98.6700000000001
"13730",2023-03-18,"2023",2023,169,NA,0.047434701,0.01,98.6800000000001
"13731",2023-03-19,"2023",2023,170,NA,0.035230742,0.01,98.6900000000001
"13732",2023-03-20,"2023",2023,171,NA,0.007364591,0.01,98.7000000000001
"13733",2023-03-21,"2023",2023,172,NA,0.030313916,0.01,98.7100000000002
"13734",2023-03-22,"2023",2023,173,NA,0.040505938,0.01,98.7200000000002
"13735",2023-03-23,"2023",2023,174,NA,0.041092556,0.01,98.7300000000002
"13736",2023-03-24,"2023",2023,175,NA,0.078848309,0.01,98.7400000000002
"13737",2023-03-25,"2023",2023,176,NA,0.061484549,0.01,98.7500000000002
"13738",2023-03-26,"2023",2023,177,NA,0.030879232,0.01,98.7600000000002
"13739",2023-03-27,"2023",2023,178,NA,0.032473776,0.01,98.7700000000002
"13740",2023-03-28,"2023",2023,179,NA,0.043406593,0,98.7700000000002
"13741",2023-03-29,"2023",2023,180,NA,0.034369363,0,98.7700000000002
"13742",2023-03-30,"2023",2023,181,NA,0.031690174,0.01,98.7800000000002
"13743",2023-03-31,"2023",2023,182,NA,0.062438542,0.01,98.7900000000002
"13744",2023-04-01,"2023",2023,183,NA,0.09835254,0,98.7900000000002
"13745",2023-04-02,"2023",2023,184,NA,0.054938423,0.01,98.8000000000002
"13746",2023-04-03,"2023",2023,185,NA,0.080179744,0.01,98.8100000000002
"13747",2023-04-04,"2023",2023,186,NA,0.128702165,0.01,98.8200000000002
"13748",2023-04-05,"2023",2023,187,NA,0.177075483,0.01,98.8300000000002
"13749",2023-04-06,"2023",2023,188,NA,0.211271815,0.01,98.8400000000002
"13750",2023-04-07,"2023",2023,189,NA,0.149309372,0,98.8400000000002
"13751",2023-04-08,"2023",2023,190,NA,0.097365911,0,98.8400000000002
"13752",2023-04-09,"2023",2023,191,NA,0.07479191,0,98.8400000000002
"13753",2023-04-10,"2023",2023,192,NA,0.062132731,0.01,98.8500000000002
"13754",2023-04-11,"2023",2023,193,NA,0.059778108,0.01,98.8600000000002
"13755",2023-04-14,"2023",2023,196,25.86654389,1.57969666,0.5,99.5400000000002
"13756",2023-04-15,"2023",2023,197,24.6224358,1.799826625,0.58,100.12
"13757",2023-04-16,"2023",2023,198,22.94043899,0.990820154,0.41,100.53
"13758",2023-04-17,"2023",2023,199,23.6897116,0.900772319,0.35,100.88
"13759",2023-04-18,"2023",2023,200,23.98209667,1.465399656,0.36,101.24
"13760",2023-04-19,"2023",2023,201,23.04220729,2.070431163,0.43,101.67
"13761",2023-04-20,"2023",2023,202,21.9778942,2.232331559,0.4,102.07
"13762",2023-04-21,"2023",2023,203,20.81252892,1.511570108,0.34,102.41
"13763",2023-04-22,"2023",2023,204,20.44733354,1.083498676,0.3,102.71
"13764",2023-04-23,"2023",2023,205,19.8959451,1.089682745,0.23,102.94
"13765",2023-04-24,"2023",2023,206,20.06034837,0.952593819,0.18,103.12
"13766",2023-04-25,"2023",2023,207,20.09828285,0.861383218,0.16,103.28
"13767",2023-04-26,"2023",2023,208,20.43310118,0.855884542,0.19,103.47
"13768",2023-04-27,"2023",2023,209,20.96068545,0.925095021,0.32,103.79
"13769",2023-04-28,"2023",2023,210,21.46094021,0.795230643,0.38,104.17
"13770",2023-04-29,"2023",2023,211,21.34643337,0.949181224,0.48,104.65
"13771",2023-04-30,"2023",2023,212,20.81061465,0.87740496,0.92,105.57
"13772",2023-05-01,"2023",2023,213,20.36746986,1.191569664,1.59,107.16
"13773",2023-05-02,"2023",2023,214,19.24038045,1.736137135,2.69,109.85
"13774",2023-05-03,"2023",2023,215,18.25120083,2.330696212,3.5,113.35
"13775",2023-05-04,"2023",2023,216,17.38611972,2.451350958,4.74,118.09
"13776",2023-05-05,"2023",2023,217,16.81682035,2.462712823,4.25,122.34
"13777",2023-05-06,"2023",2023,218,18.13772653,2.009818205,3.88,126.22
"13778",2023-05-07,"2023",2023,219,18.50402094,1.562072625,3.12,129.34
"13779",2023-05-08,"2023",2023,220,18.63909625,1.681156854,2.42,131.76
"13780",2023-05-09,"2023",2023,221,19.03342274,1.653269551,2.27,134.03
"13781",2023-05-10,"2023",2023,222,NA,2.930704302,3.1,137.13
"13782",2023-05-11,"2023",2023,223,19.12206035,3.117674066,3.96,141.09
"13783",2023-05-12,"2023",2023,224,17.51626847,2.049941177,3.85,144.94
"13784",2023-05-13,"2023",2023,225,17.5015849,1.532267566,3.4,148.34
"13785",2023-05-14,"2023",2023,226,18.47998465,2.023689955,4.2,152.54
"13786",2023-05-15,"2023",2023,227,17.75666806,1.7997875,12.7,165.24
"13787",2023-05-16,"2023",2023,228,17.60440646,1.808097076,15.4,180.64
"13788",2023-05-17,"2023",2023,229,17.57784552,1.899362671,16.4,197.04
"13789",2023-05-18,"2023",2023,230,17.15337042,2.296590493,17.4,214.44
"13790",2023-05-19,"2023",2023,231,16.88880024,2.439714191,15.9,230.34
"13791",2023-05-20,"2023",2023,232,17.45152222,1.566100951,10.1,240.44
"13792",2023-05-21,"2023",2023,233,19.01144337,1.866039515,12.7,253.14
"13793",2023-05-22,"2023",2023,234,18.62997601,2.699689188,15.4,268.54
"13794",2023-05-23,"2023",2023,235,17.75592955,3.137806684,18.6,287.14
"13795",2023-05-24,"2023",2023,236,17.24963792,3.159365944,19.8,306.94
"13796",2023-05-25,"2023",2023,237,16.79613729,3.010847604,20.3,327.24
"13797",2023-05-26,"2023",2023,238,16.96904698,3.48717217,21.2,348.44
"13798",2023-05-27,"2023",2023,239,16.56549462,3.475523413,18.6,367.04
"13799",2023-05-28,"2023",2023,240,16.98510729,4.024834576,18.8,385.84
"13800",2023-05-29,"2023",2023,241,16.68123389,4.465801615,18.2,404.04
"13801",2023-05-30,"2023",2023,242,16.74940628,4.875533962,18.6,422.64
"13802",2023-05-31,"2023",2023,243,16.45460354,5.008336986,18.3,440.94
"13803",2023-06-01,"2023",2023,244,16.21209479,4.80585924,16.6,457.54
"13804",2023-06-02,"2023",2023,245,16.28284333,4.379180542,17.9,475.44
"13805",2023-06-03,"2023",2023,246,16.26728503,4.940820156,17.3,492.74
"13806",2023-06-04,"2023",2023,247,16.03178194,4.358426806,26.8,519.54
"13807",2023-06-05,"2023",2023,248,15.80883431,3.68789833,26.9,546.44
"13808",2023-06-06,"2023",2023,249,16.32414309,3.260301573,24.1,570.54
"13809",2023-06-07,"2023",2023,250,16.37256049,3.937480191,22.4,592.94
"13810",2023-06-08,"2023",2023,251,16.314455,3.737386031,27.4,620.34
"13811",2023-06-09,"2023",2023,252,16.22297514,4.724579368,28,648.34
"13812",2023-06-10,"2023",2023,253,15.83395972,5.460680569,25.3,673.64
"13813",2023-06-11,"2023",2023,254,15.63985056,5.410906705,23.2,696.84
"13814",2023-06-12,"2023",2023,255,15.51155528,5.049453764,22,718.84
"13815",2023-06-13,"2023",2023,256,15.46160924,4.707692781,19.7,738.54
"13816",2023-06-14,"2023",2023,257,15.74434031,4.043854361,18.8,757.34
"13817",2023-06-15,"2023",2023,258,15.79387285,4.993437979,24.4,781.74
"13818",2023-06-16,"2023",2023,259,15.1108391,5.553422528,30.1,811.84
"13819",2023-06-17,"2023",2023,260,14.5284759,4.942142622,24.9,836.74
"13820",2023-06-18,"2023",2023,261,14.98101354,4.284367927,19.4,856.14
"13821",2023-06-19,"2023",2023,262,15.34600483,4.26117209,21.4,877.54
"13822",2023-06-20,"2023",2023,263,15.28799472,6.156647177,23.7,901.24
"13823",2023-06-21,"2023",2023,264,14.79101552,6.423541924,21.6,922.84
"13824",2023-06-22,"2023",2023,265,14.61774483,7.163214694,26.1,948.94
"13825",2023-06-23,"2023",2023,266,14.3404666,7.681070628,28,976.94
"13826",2023-06-24,"2023",2023,267,13.97542167,7.972182122,24.7,1001.64
"13827",2023-06-25,"2023",2023,268,13.85770837,7.62591492,21.3,1022.94
"13828",2023-06-26,"2023",2023,269,13.81341816,8.22133224,21.5,1044.44
"13829",2023-06-27,"2023",2023,270,13.64471146,8.814181521,22.3,1066.74
"13830",2023-06-28,"2023",2023,271,13.39167278,9.043686191,22.5,1089.24
"13831",2023-06-29,"2023",2023,272,13.16712906,9.207498729,21.5,1110.74
"13832",2023-06-30,"2023",2023,273,13.12555017,9.414978781,20.7,1131.44
"13833",2023-07-01,"2023",2023,274,12.9570476,8.86184625,19.1,1150.54
"13834",2023-07-02,"2023",2023,275,12.9030791,8.649842608,20.4,1170.94
"13835",2023-07-03,"2023",2023,276,12.8636208,9.734522535,21.9,1192.84
"13836",2023-07-04,"2023",2023,277,12.73707774,10.23780684,22.7,1215.54
"13837",2023-07-05,"2023",2023,278,12.61002705,9.652313028,24.3,1239.84
"13838",2023-07-06,"2023",2023,279,12.33472476,8.782260597,24.9,1264.74
"13839",2023-07-07,"2023",2023,280,12.09510549,8.951501955,22.8,1287.54
"13840",2023-07-08,"2023",2023,281,12.12263559,8.649532667,21.7,1309.24
"13841",2023-07-09,"2023",2023,282,12.13654049,8.676435323,21.7,1330.94
"13842",2023-07-10,"2023",2023,283,12.0816374,8.93775533,21.4,1352.34
"13843",2023-07-11,"2023",2023,284,12.0947399,9.439643396,20.6,1372.94
"13844",2023-07-12,"2023",2023,285,12.12385434,9.904832469,21.2,1394.14
"13845",2023-07-13,"2023",2023,286,12.06136028,10.69357531,20.7,1414.84
"13846",2023-07-14,"2023",2023,287,11.98641201,10.90203264,20.1,1434.94
"13847",2023-07-15,"2023",2023,288,11.87581747,10.76505366,19.3,1454.24
"13848",2023-07-16,"2023",2023,289,11.81779431,11.33140947,18.5,1472.74
"13849",2023-07-17,"2023",2023,290,11.81772096,11.29881142,18.6,1491.34
"13850",2023-07-18,"2023",2023,291,11.72100831,11.84069875,19.3,1510.64
"13851",2023-07-19,"2023",2023,292,11.61009347,12.11056344,20.3,1530.94
"13852",2023-07-20,"2023",2023,293,11.53909774,11.78934017,24,1554.94
"13853",2023-07-21,"2023",2023,294,11.24135615,10.8651392,23.1,1578.04
"13854",2023-07-22,"2023",2023,295,11.1342616,10.75830568,19.1,1597.14
"13855",2023-07-23,"2023",2023,296,11.22860802,11.56116641,17.5,1614.64
"13856",2023-07-24,"2023",2023,297,11.46842378,12.16303219,16.9,1631.54
"13857",2023-07-25,"2023",2023,298,11.64489066,12.18217851,17.3,1648.84
"13858",2023-07-26,"2023",2023,299,11.55189806,11.93717003,16.5,1665.34
"13859",2023-07-27,"2023",2023,300,11.62690774,11.42053226,15,1680.34
"13860",2023-07-28,"2023",2023,301,11.64171125,11.19438902,15.6,1695.94
"13861",2023-07-29,"2023",2023,302,11.64750396,11.83812587,15,1710.94
"13862",2023-07-30,"2023",2023,303,11.73767844,12.0079324,14.1,1725.04
"13863",2023-07-31,"2023",2023,304,11.82466667,12.30270424,15,1740.04
"13864",2023-08-01,"2023",2023,305,NA,12.15520809,14.6,1754.64
"13865",2023-08-02,"2023",2023,306,11.39854938,12.38556031,14.7,1769.34
"13866",2023-08-03,"2023",2023,307,11.57533344,11.8846224,16.9,1786.24
"13867",2023-08-04,"2023",2023,308,11.46870236,12.1556442,15.7,1801.94
"13868",2023-08-05,"2023",2023,309,11.58234281,11.87650458,12.8,1814.74
"13869",2023-08-06,"2023",2023,310,NA,11.39330399,11.2,1825.94
"13870",2023-08-07,"2023",2023,311,11.32476617,10.58630439,10.1,1836.04
"13871",2023-08-08,"2023",2023,312,11.31199734,9.695293882,8.87,1844.91
"13872",2023-08-09,"2023",2023,313,11.28920045,10.1144882,8.23,1853.14
"13873",2023-08-10,"2023",2023,314,11.26669534,10.66011981,8.08,1861.22
"13874",2023-08-11,"2023",2023,315,11.33041964,11.14063806,7.96,1869.18
"13875",2023-08-12,"2023",2023,316,11.3122247,11.13175269,8.44,1877.62
"13876",2023-08-13,"2023",2023,317,11.34092337,11.42882969,8.14,1885.76
"13877",2023-08-14,"2023",2023,318,11.46246502,10.50872976,7.69,1893.45
"13878",2023-08-15,"2023",2023,319,11.40799675,11.18363476,7.2,1900.65
"13879",2023-08-16,"2023",2023,320,11.55650205,12.57943847,7.02,1907.67
"13880",2023-08-17,"2023",2023,321,NA,13.69822434,7.35,1915.02
"13881",2023-08-18,"2023",2023,322,NA,14.19722847,7.75,1922.77
"13882",2023-08-19,"2023",2023,323,NA,13.08420635,8.89,1931.66
"13883",2023-08-20,"2023",2023,324,NA,12.6572642,9.26,1940.92
"13884",2023-08-21,"2023",2023,325,NA,13.5235025,8.27,1949.19
"13885",2023-08-22,"2023",2023,326,NA,13.87925313,7.36,1956.55
"13886",2023-08-23,"2023",2023,327,NA,13.25055663,6.77,1963.32
"13887",2023-08-24,"2023",2023,328,NA,13.35848271,7.03,1970.35
"13888",2023-08-25,"2023",2023,329,NA,13.50635983,9.7,1980.05
"13889",2023-08-26,"2023",2023,330,12.30503604,12.18610556,13.3,1993.35
"13890",2023-08-27,"2023",2023,331,12.57054073,11.5103633,11.7,2005.05
"13891",2023-08-28,"2023",2023,332,12.96784611,12.37461566,11.1,2016.15
"13892",2023-08-29,"2023",2023,333,13.42274868,12.01378951,9.82,2025.97
"13893",2023-08-30,"2023",2023,334,14.04954424,11.66837528,8.27,2034.24
"13894",2023-08-31,"2023",2023,335,14.61402302,12.09544976,7.44,2041.68
"13895",2023-09-01,"2023",2023,336,14.92452118,12.36303372,6.93,2048.61
"13896",2023-09-02,"2023",2023,337,15.11090358,12.59602007,6.58,2055.19
"13897",2023-09-03,"2023",2023,338,15.30353368,13.02004163,6.92,2062.11
"13898",2023-09-04,"2023",2023,339,15.22155396,12.62940104,7.38,2069.49
"13899",2023-09-05,"2023",2023,340,15.30468747,11.32228309,6.41,2075.9
"13900",2023-09-06,"2023",2023,341,15.25402965,9.901797931,5.99,2081.89
"13901",2023-09-07,"2023",2023,342,15.44945281,10.70569937,5.43,2087.32
"13902",2023-09-08,"2023",2023,343,15.69758306,10.59495886,4.89,2092.21
"13903",2023-09-09,"2023",2023,344,15.88460878,11.3477786,4.51,2096.72
"13904",2023-09-10,"2023",2023,345,16.10923608,11.36780253,4.21,2100.93
"13905",2023-09-11,"2023",2023,346,16.27394052,10.79299469,4.84,2105.77
"13906",2023-09-12,"2023",2023,347,16.42122861,9.846794736,4.57,2110.34
"13907",2023-09-13,"2023",2023,348,16.47091274,9.786986566,4.23,2114.57
"13908",2023-09-14,"2023",2023,349,16.71078188,9.809225569,4.01,2118.58
"13909",2023-09-15,"2023",2023,350,16.90623788,9.313369517,3.96,2122.54
"13910",2023-09-16,"2023",2023,351,17.25378326,8.691581684,3.77,2126.31
"13911",2023-09-17,"2023",2023,352,17.46110253,8.544036924,3.58,2129.89
"13912",2023-09-18,"2023",2023,353,17.72267465,9.329100674,3.38,2133.27
"13913",2023-09-19,"2023",2023,354,17.89165354,9.005331042,3.25,2136.52
"13914",2023-09-20,"2023",2023,355,18.05601219,8.032400757,3.21,2139.73
"13915",2023-09-21,"2023",2023,356,18.21750028,8.023587694,3.1,2142.83
"13916",2023-09-22,"2023",2023,357,18.26751115,8.71401433,2.98,2145.81
"13917",2023-09-23,"2023",2023,358,18.41381309,8.848397111,2.63,2148.44
"13918",2023-09-24,"2023",2023,359,18.64499236,7.059974736,2.41,2150.85
"13919",2023-09-25,"2023",2023,360,18.7527092,6.171261753,2.37,2153.22
"13920",2023-09-26,"2023",2023,361,18.90515441,7.131257924,2.3,2155.52
"13921",2023-09-27,"2023",2023,362,19.0026367,8.174521639,2.15,2157.67
"13922",2023-09-28,"2023",2023,363,19.07807604,8.712447653,2.14,2159.81
"13923",2023-09-29,"2023",2023,364,19.19284632,8.791793212,2.02,2161.83
"13924",2023-09-30,"2023",2023,365,19.22777267,8.453445972,1.95,2163.78
"13925",2023-10-01,"2023",2024,1,19.28592125,8.546778017,1.8,1.8
"13926",2023-10-02,"2023",2024,2,19.48353066,8.422924333,1.79,3.59
"13927",2023-10-03,"2023",2024,3,19.52606333,7.869165427,1.85,5.44
"13928",2023-10-04,"2023",2024,4,19.52724979,4.659841639,1.77,7.21
"13929",2023-10-05,"2023",2024,5,19.70686413,3.74432574,1.73,8.94
"13930",2023-10-06,"2023",2024,6,19.9299767,4.207321365,1.75,10.69
"13931",2023-10-07,"2023",2024,7,20.04673875,4.403955861,1.77,12.46
"13932",2023-10-08,"2023",2024,8,20.17206684,5.066394191,1.72,14.18
"13933",2023-10-09,"2023",2024,9,20.27396823,5.639528222,1.67,15.85
"13934",2023-10-10,"2023",2024,10,20.35862205,5.877077063,1.61,17.46
"13935",2023-10-11,"2023",2024,11,20.14654767,5.876653927,1.58,19.04
"13936",2023-10-12,"2023",2024,12,20.00270413,4.965356535,1.54,20.58
"13937",2023-10-13,"2023",2024,13,19.8507758,2.470723997,1.4,21.98
"13938",2023-10-14,"2023",2024,14,19.93321111,0.855278446,1.29,23.27
"13939",2023-10-15,"2023",2024,15,20.11631694,0.73939873,1.29,24.56
"13940",2023-10-16,"2023",2024,16,20.24828583,1.339178715,1.35,25.91
"13941",2023-10-17,"2023",2024,17,20.28419017,2.709931663,1.33,27.24
"13942",2023-10-18,"2023",2024,18,20.28031,3.813971726,1.22,28.46
"13943",2023-10-19,"2023",2024,19,20.35966833,3.194478222,1.21,29.67
"13944",2023-10-20,"2023",2024,20,20.44639743,3.704359017,1.18,30.85
"13945",2023-10-21,"2023",2024,21,20.54983198,3.858276385,1.16,32.01
"13946",2023-10-22,"2023",2024,22,20.60624927,4.170231549,1.11,33.12
"13947",2023-10-23,"2023",2024,23,20.52497042,4.618929743,1.06,34.18
"13948",2023-10-24,"2023",2024,24,20.34105615,4.438264233,1.01,35.19
"13949",2023-10-25,"2023",2024,25,20.45358538,4.067014153,0.95,36.14
"13950",2023-10-26,"2023",2024,26,20.34158924,3.32711709,0.88,37.02
"13951",2023-10-27,"2023",2024,27,20.51991934,1.907965239,0.82,37.84
"13952",2023-10-28,"2023",2024,28,20.73341108,0.564697802,0.85,38.69
"13953",2023-10-29,"2023",2024,29,21.07600316,0.182054315,0.94,39.63
"13954",2023-10-30,"2023",2024,30,21.16049271,0.22717148,0.95,40.58
"13955",2023-10-31,"2023",2024,31,21.24995826,0.321436147,0.92,41.5
"13956",2023-11-01,"2023",2024,32,21.4934791,0.597803436,0.86,42.36
"13957",2023-11-02,"2023",2024,33,22.37193819,0.906659537,0.8,43.16
"13958",2023-11-03,"2023",2024,34,23.12184042,0.986262911,0.73,43.89
"13959",2023-11-04,"2023",2024,35,23.46562778,1.329951074,0.7,44.59
"13960",2023-11-05,"2023",2024,36,24.02202267,1.42711726,0.64,45.23
"13961",2023-11-06,"2023",2024,37,24.65576851,1.553458455,0.61,45.84
"13962",2023-11-07,"2023",2024,38,24.98186927,1.599816236,0.61,46.45
"13963",2023-11-08,"2023",2024,39,24.90463809,1.681946222,0.65,47.1
"13964",2023-11-09,"2023",2024,40,24.54463434,1.519546159,0.64,47.74
"13965",2023-11-10,"2023",2024,41,24.15984243,1.104692969,0.56,48.3
"13966",2023-11-11,"2023",2024,42,23.97928976,0.924348194,0.48,48.78
"13967",2023-11-12,"2023",2024,43,24.1738426,0.922274793,0.41,49.19
"13968",2023-11-13,"2023",2024,44,24.5967395,1.201321631,0.4,49.59
"13969",2023-11-14,"2023",2024,45,24.90523591,1.366709608,0.37,49.96
"13970",2023-11-15,"2023",2024,46,25.18749111,1.206079142,0.36,50.32
"13971",2023-11-16,"2023",2024,47,25.46504336,1.422505538,0.37,50.69
"13972",2023-11-17,"2023",2024,48,25.54987911,1.270784635,0.33,51.02
"13973",2023-11-18,"2023",2024,49,25.23129684,1.143640792,0.31,51.33
"13974",2023-11-19,"2023",2024,50,25.66268608,1.329121238,0.34,51.67
"13975",2023-11-20,"2023",2024,51,25.90059319,1.494499063,0.32,51.99
"13976",2023-11-21,"2023",2024,52,26.20841274,1.452270651,0.31,52.3
"13977",2023-11-22,"2023",2024,53,26.36757365,1.020181204,0.3,52.6
"13978",2023-11-23,"2023",2024,54,26.04625017,0.838029656,0.29,52.89
"13979",2023-11-24,"2023",2024,55,25.70683521,1.110221148,0.31,53.2
"13980",2023-11-25,"2023",2024,56,26.02762075,1.190172221,0.33,53.53
"13981",2023-11-26,"2023",2024,57,26.40233334,0.88604959,0.3,53.83
"13982",2023-11-27,"2023",2024,58,26.16874303,0.405345487,0.23,54.06
"13983",2023-11-28,"2023",2024,59,NA,0.005709966,0.18,54.24
"13984",2023-11-29,"2023",2024,60,NA,0.042370693,0.18,54.42
"13985",2023-11-30,"2023",2024,61,NA,0,0.19,54.61
"13986",2023-12-01,"2023",2024,62,NA,0.008546617,0.23,54.84
"13987",2023-12-02,"2023",2024,63,NA,0.205915989,0.24,55.08
"13988",2023-12-03,"2023",2024,64,NA,0.093178961,0.28,55.36
"13989",2023-12-07,"2023",2024,68,NA,0.08683216,0.15,56.18
"13990",2023-12-09,"2023",2024,70,NA,0.153125,0.14,56.47
"13991",2023-12-31,"2023",2024,92,NA,-0.023401639,0.06,59
"13992",2024-01-01,"2024",2024,93,NA,0,0.06,59.06
"13993",2024-02-02,"2024",2024,125,NA,0,0.05,61.28
"13994",2024-02-03,"2024",2024,126,NA,0,0.05,61.33
"13995",2024-02-06,"2024",2024,129,NA,0,0.05,61.48
"13996",2024-02-07,"2024",2024,130,NA,0,0.05,61.53
"13997",2024-02-08,"2024",2024,131,NA,-0.344812806,0.05,61.58
"13998",2024-02-09,"2024",2024,132,NA,-0.853599368,0.05,61.63
"13999",2024-02-13,"2024",2024,136,NA,-0.824526031,0.04,61.82
"14000",2024-02-14,"2024",2024,137,NA,-0.148219215,0.04,61.86
"14001",2024-02-15,"2024",2024,138,NA,-0.025561,0.04,61.9
"14002",2024-02-16,"2024",2024,139,NA,-0.032523797,0.04,61.94
"14003",2024-02-19,"2024",2024,142,NA,-0.253186708,0.04,62.08
"14004",2024-02-20,"2024",2024,143,NA,-0.02823692,0.04,62.12
"14005",2024-02-21,"2024",2024,144,NA,0,0.04,62.16
"14006",2024-02-22,"2024",2024,145,NA,0,0.04,62.2
"14007",2024-02-23,"2024",2024,146,NA,0,0.04,62.24
"14008",2024-02-24,"2024",2024,147,NA,0,0.04,62.28
"14009",2024-02-25,"2024",2024,148,NA,0,0.03,62.31
"14010",2024-02-26,"2024",2024,149,NA,0,0.03,62.34
"14011",2024-02-27,"2024",2024,150,NA,0,0.04,62.38
"14012",2024-02-28,"2024",2024,151,NA,0,0.03,62.41
"14013",2024-02-29,"2024",2024,152,NA,0,0.03,62.44
"14014",2024-03-01,"2024",2024,153,NA,0,0.03,62.47
"14015",2024-03-02,"2024",2024,154,NA,0,0.03,62.5
"14016",2024-03-03,"2024",2024,155,NA,0,0.04,62.54
"14017",2024-03-04,"2024",2024,156,NA,0,0.04,62.58
"14018",2024-03-05,"2024",2024,157,NA,0,0.04,62.62
"14019",2024-03-06,"2024",2024,158,NA,0,0.04,62.66
"14020",2024-03-07,"2024",2024,159,NA,0,0.04,62.7
"14021",2024-03-08,"2024",2024,160,NA,-0.011906521,0.04,62.74
"14022",2024-03-09,"2024",2024,161,NA,-0.112714875,0.04,62.78
"14023",2024-03-10,"2024",2024,162,NA,-0.337655306,0.04,62.8199999999999
"14024",2024-03-11,"2024",2024,163,NA,-0.281441476,0.03,62.85
"14025",2024-03-12,"2024",2024,164,NA,-0.114857872,0.03,62.88
"14026",2024-03-13,"2024",2024,165,NA,-0.108049194,0.03,62.91
"14027",2024-03-14,"2024",2024,166,NA,0,0.05,62.96
"14028",2024-03-15,"2024",2024,167,NA,0,0.05,63.0099999999999
"14029",2024-03-16,"2024",2024,168,NA,0,0.04,63.0499999999999
"14030",2024-03-17,"2024",2024,169,NA,0,0.03,63.0799999999999
"14031",2024-03-18,"2024",2024,170,NA,0,0.03,63.1099999999999
"14032",2024-03-19,"2024",2024,171,NA,0,0.03,63.1399999999999
"14033",2024-03-20,"2024",2024,172,NA,0,0.03,63.17
"14034",2024-03-21,"2024",2024,173,NA,0,0.03,63.2
"14035",2024-03-22,"2024",2024,174,NA,0,0.03,63.23
"14036",2024-03-23,"2024",2024,175,NA,0,0.03,63.26
"14037",2024-03-24,"2024",2024,176,NA,0,0.04,63.3
"14038",2024-03-25,"2024",2024,177,NA,0,0.04,63.34
"14039",2024-03-26,"2024",2024,178,NA,0,0.03,63.37
"14040",2024-03-27,"2024",2024,179,NA,0,0.03,63.4
"14041",2024-03-28,"2024",2024,180,NA,0,0.03,63.43
"14042",2024-03-29,"2024",2024,181,NA,0,0.03,63.46
"14043",2024-03-30,"2024",2024,182,NA,0,0.03,63.49
"14044",2024-03-31,"2024",2024,183,NA,0,0.03,63.52
"14045",2024-04-01,"2024",2024,184,NA,0,0.03,63.55
"14046",2024-04-02,"2024",2024,185,NA,0,0.02,63.57
"14047",2024-04-03,"2024",2024,186,NA,0,0.02,63.59
"14048",2024-04-04,"2024",2024,187,NA,0,0.03,63.62
"14049",2024-04-05,"2024",2024,188,NA,0,0.05,63.67
"14050",2024-04-06,"2024",2024,189,NA,0,0.11,63.78
"14051",2024-04-07,"2024",2024,190,NA,0,0.1,63.88
"14052",2024-04-08,"2024",2024,191,NA,0,0.07,63.95
"14053",2024-04-09,"2024",2024,192,NA,0,0.06,64.01
"14054",2024-04-10,"2024",2024,193,NA,0,0.05,64.06
"14055",2024-04-11,"2024",2024,194,NA,0,0.05,64.11
"14056",2024-04-12,"2024",2024,195,NA,0,0.05,64.16
"14057",2024-04-13,"2024",2024,196,NA,0,0.08,64.24
"14058",2024-04-14,"2024",2024,197,NA,0,0.36,64.6
"14059",2024-04-15,"2024",2024,198,NA,0.020986663,1.1,65.7
"14060",2024-04-16,"2024",2024,199,18.38251944,0.163210444,1.05,66.7499999999999
"14061",2024-04-17,"2024",2024,200,16.85038708,0.193899472,0.68,67.43
"14062",2024-04-18,"2024",2024,201,18.19232663,0.176939114,0.52,67.95
"14063",2024-04-19,"2024",2024,202,17.94525691,0.231769136,0.38,68.3299999999999
"14064",2024-04-20,"2024",2024,203,18.08661809,0.143911999,0.36,68.6899999999999
"14065",2024-04-21,"2024",2024,204,18.65466135,0.103971485,0.35,69.0399999999999
"14066",2024-04-22,"2024",2024,205,19.63885524,0.085597145,0.39,69.4299999999999
"14067",2024-04-23,"2024",2024,206,20.79662934,0.070612166,0.72,70.1499999999999
"14068",2024-04-24,"2024",2024,207,21.92517292,0.177611678,1.36,71.5099999999999
"14069",2024-04-25,"2024",2024,208,20.38145,0.346474971,2.52,74.0299999999999
"14070",2024-04-26,"2024",2024,209,17.20813347,0.581583232,2.8,76.8299999999999
"14071",2024-04-27,"2024",2024,210,16.18250858,0.589344451,2.57,79.3999999999999
"14072",2024-04-28,"2024",2024,211,15.51688149,0.426517282,1.89,81.2899999999999
"14073",2024-04-29,"2024",2024,212,17.17414146,0.205410327,1.31,82.5999999999999
"14074",2024-04-30,"2024",2024,213,18.83175257,0.131488484,1.22,83.8199999999999
"14075",2024-05-01,"2024",2024,214,19.48720448,0.094449253,1.1,84.9199999999999
"14076",2024-05-02,"2024",2024,215,20.20951566,0.070297982,0.99,85.9099999999999
"14077",2024-05-03,"2024",2024,216,20.79410483,0.049037826,0.88,86.7899999999999
"14078",2024-05-04,"2024",2024,217,21.34084688,0.050565825,0.89,87.6799999999999
"14079",2024-05-05,"2024",2024,218,21.59339128,0.092642253,1.25,88.9299999999999
"14080",2024-05-06,"2024",2024,219,21.65518434,0.082062298,1.7,90.6299999999999
"14081",2024-05-07,"2024",2024,220,20.70596646,0.002767245,1.52,92.1499999999999
"14082",2024-05-08,"2024",2024,221,18.89737323,1.23e-05,1.26,93.4099999999999
"14083",2024-05-09,"2024",2024,222,19.88459431,0.011014832,1.16,94.5699999999999
"14084",2024-05-10,"2024",2024,223,19.80447413,0.034819709,1.07,95.6399999999999
"14085",2024-05-11,"2024",2024,224,20.37679132,0.017381351,1.05,96.6899999999999
"14086",2024-05-12,"2024",2024,225,21.78129035,0.009177102,1.36,98.0499999999999
"14087",2024-05-13,"2024",2024,226,22.80691545,0.052251286,1.7,99.7499999999999
"14088",2024-05-14,"2024",2024,227,21.15970962,0.193588151,2.92,102.67
"14089",2024-05-15,"2024",2024,228,18.61090226,0.438480907,4.37,107.04
"14090",2024-05-16,"2024",2024,229,15.88794885,0.573987747,4.38,111.42
"14091",2024-05-17,"2024",2024,230,16.1073258,0.900809737,6.98,118.4
"14092",2024-05-18,"2024",2024,231,14.95321014,0.975891339,9.33,127.73
"14093",2024-05-19,"2024",2024,232,13.72592563,0.899985322,10.2,137.93
"14094",2024-05-20,"2024",2024,233,13.51032427,0.757422446,11.7,149.63
"14095",2024-05-21,"2024",2024,234,13.84946069,0.989277438,11,160.63
"14096",2024-05-22,"2024",2024,235,13.8045692,0.940921246,6.32,166.95
"14097",2024-05-23,"2024",2024,236,14.93710733,1.017731445,5.22,172.17
"14098",2024-05-24,"2024",2024,237,15.92571514,1.531994438,5.16,177.33
"14099",2024-05-25,"2024",2024,238,16.11159031,1.770864552,4.91,182.24
"14100",2024-05-26,"2024",2024,239,16.43341181,1.775340396,5.41,187.65
"14101",2024-05-27,"2024",2024,240,15.60205302,1.520031091,4.53,192.18
"14102",2024-05-28,"2024",2024,241,15.92172295,1.618217059,7.98,200.16
"14103",2024-05-29,"2024",2024,242,15.26728757,3.242896365,12.7,212.86
"14104",2024-05-30,"2024",2024,243,13.87417618,2.893902167,16.3,229.16
"14105",2024-05-31,"2024",2024,244,13.87175705,2.452715444,18.6,247.76
"14106",2024-06-01,"2024",2024,245,13.47014087,2.698892819,19.1,266.86
"14107",2024-06-02,"2024",2024,246,13.78886222,2.494260378,21.6,288.46
"14108",2024-06-03,"2024",2024,247,13.69867566,2.867623965,24.9,313.36
"14109",2024-06-04,"2024",2024,248,13.52934733,2.635108226,28.9,342.26
"14110",2024-06-05,"2024",2024,249,13.41325934,1.980770372,30.4,372.66
"14111",2024-06-06,"2024",2024,250,13.44543462,2.952246698,36.9,409.56
"14112",2024-06-07,"2024",2024,251,13.42264486,4.243549045,33.6,443.16
"14113",2024-06-08,"2024",2024,252,13.69629917,4.550933858,36.1,479.26
"14114",2024-06-09,"2024",2024,253,13.55671125,4.774264292,35.4,514.66
"14115",2024-06-10,"2024",2024,254,13.60327885,4.804681479,36,550.66
"14116",2024-06-11,"2024",2024,255,13.20979802,5.327412712,34.3,584.96
"14117",2024-06-12,"2024",2024,256,13.01417191,5.910350712,32.8,617.76
"14118",2024-06-13,"2024",2024,257,12.79010844,6.036347188,32.3,650.06
"14119",2024-06-14,"2024",2024,258,12.60633969,6.312453625,30.9,680.96
"14120",2024-06-15,"2024",2024,259,12.52558059,6.31502999,29.3,710.26
"14121",2024-06-16,"2024",2024,260,12.47570906,6.323624712,29,739.26
"14122",2024-06-17,"2024",2024,261,12.37569049,7.138345642,27,766.26
"14123",2024-06-18,"2024",2024,262,12.25358503,7.683100372,23,789.26
"14124",2024-06-19,"2024",2024,263,12.26342826,7.306399333,18.8,808.06
"14125",2024-06-20,"2024",2024,264,12.487295,7.09053441,19.5,827.56
"14126",2024-06-21,"2024",2024,265,12.48080653,8.094092698,24.8,852.36
"14127",2024-06-22,"2024",2024,266,12.23413938,8.414043365,26.4,878.76
"14128",2024-06-23,"2024",2024,267,12.08298611,8.137506594,24.3,903.06
"14129",2024-06-24,"2024",2024,268,12.04152465,8.517201667,23.7,926.76
"14130",2024-06-25,"2024",2024,269,11.8674917,8.575587514,22.9,949.66
"14131",2024-06-26,"2024",2024,270,11.89485174,8.895856889,25.4,975.06
"14132",2024-06-27,"2024",2024,271,11.71394347,9.23541058,32,1007.06
"14133",2024-06-28,"2024",2024,272,11.32222872,9.201541938,30.4,1037.46
"14134",2024-06-29,"2024",2024,273,11.03941628,8.866806458,25.7,1063.16
"14135",2024-06-30,"2024",2024,274,11.04374858,9.119630781,23.5,1086.66
"14136",2024-07-01,"2024",2024,275,11.09713837,10.33054176,25.9,1112.56
"14137",2024-07-02,"2024",2024,276,11.01985424,9.724847313,28,1140.56
"14138",2024-07-03,"2024",2024,277,10.84998316,9.211587688,21.7,1162.26
"14139",2024-07-04,"2024",2024,278,11.03500274,9.325130708,18.7,1180.96
"14140",2024-07-05,"2024",2024,279,11.31378837,9.808452809,16.2,1197.16
"14141",2024-07-06,"2024",2024,280,11.50927875,10.24619102,13.7,1210.86
"14142",2024-07-07,"2024",2024,281,11.68351194,10.3813727,12.5,1223.36
"14143",2024-07-08,"2024",2024,282,11.93638063,9.599465708,11.4,1234.76
"14144",2024-07-09,"2024",2024,283,11.8875658,10.07898817,11.6,1246.36
"14145",2024-07-10,"2024",2024,284,12.06674563,10.54745414,10.5,1256.86
"14146",2024-07-11,"2024",2024,285,12.0817351,10.68610066,10.7,1267.56
"14147",2024-07-12,"2024",2024,286,12.18470521,11.08293332,11.7,1279.26
"14148",2024-07-13,"2024",2024,287,12.16794153,12.00586712,13.2,1292.46
"14149",2024-07-14,"2024",2024,288,12.45601139,12.99108403,13,1305.46
"14150",2024-07-15,"2024",2024,289,14.4280826,13.05133247,12.6,1318.06
"14151",2024-07-16,"2024",2024,290,13.55805212,11.80634962,13.2,1331.26
"14152",2024-07-17,"2024",2024,291,11.72663083,11.30381628,12.6,1343.86
"14153",2024-07-18,"2024",2024,292,16.2586591,11.66830219,11.4,1355.26
"14154",2024-07-19,"2024",2024,293,12.71653063,11.92607837,11.6,1366.86
"14155",2024-07-20,"2024",2024,294,14.60374278,11.16009,11.8,1378.66
"14156",2024-07-21,"2024",2024,295,11.49926253,11.73707753,12.5,1391.16
"14157",2024-07-22,"2024",2024,296,11.39359531,11.93981802,11.9,1403.06
"14158",2024-07-23,"2024",2024,297,11.23369993,11.57016743,10.3,1413.36
"14159",2024-07-24,"2024",2024,298,11.50684594,12.10593653,9.53,1422.89
"14160",2024-07-25,"2024",2024,299,11.79431035,12.4473441,8.76,1431.65
"14161",2024-07-26,"2024",2024,300,11.95400181,13.12447462,9.46,1441.11
"14162",2024-07-27,"2024",2024,301,14.02331382,13.22369628,10.2,1451.31
"14163",2024-07-28,"2024",2024,302,17.96939438,13.35312958,10.7,1462.01
"14164",2024-07-29,"2024",2024,303,14.60304069,13.62405788,9.59,1471.6
"14165",2024-07-30,"2024",2024,304,12.14381809,13.45552226,8.15,1479.75
"14166",2024-07-31,"2024",2024,305,15.31419253,12.88829833,7.5,1487.25
"14167",2024-08-01,"2024",2024,306,15.57951747,13.63009611,7.17,1494.42
"14168",2024-08-02,"2024",2024,307,13.94655535,14.61237354,7,1501.42
"14169",2024-08-03,"2024",2024,308,12.30009771,15.12116424,7.36,1508.78
"14170",2024-08-04,"2024",2024,309,13.62263342,15.26815361,7.59,1516.37
"14171",2024-08-05,"2024",2024,310,10.72877108,15.03774184,8.37,1524.74
"14172",2024-08-06,"2024",2024,311,10.88987188,13.86417017,8.78,1533.52
"14173",2024-08-07,"2024",2024,312,11.26513747,13.72789319,8.25,1541.77
"14174",2024-08-08,"2024",2024,313,10.02917924,12.89928719,7.58,1549.35
"14175",2024-08-09,"2024",2024,314,10.76290057,12.08523694,6.8,1556.15
"14176",2024-08-10,"2024",2024,315,11.99569597,12.06166163,6.42,1562.57
"14177",2024-08-11,"2024",2024,316,17.0227326,11.99681965,6.81,1569.38
"14178",2024-08-12,"2024",2024,317,11.98871917,11.35812212,6.99,1576.37
"14179",2024-08-13,"2024",2024,318,11.83459299,11.98845493,7.29,1583.66
"14180",2024-08-14,"2024",2024,319,11.95474063,11.54308701,7.85,1591.51
"14181",2024-08-15,"2024",2024,320,12.06936031,10.73786822,8.72,1600.23
"14182",2024-08-16,"2024",2024,321,12.1970034,10.55525675,8.23,1608.46
"14183",2024-08-17,"2024",2024,322,12.60559639,12.0575534,7.43,1615.89
"14184",2024-08-18,"2024",2024,323,13.04114809,12.12417774,6.83,1622.72
"14185",2024-08-19,"2024",2024,324,13.25344563,12.20348153,9.31,1632.03
"14186",2024-08-20,"2024",2024,325,13.54696861,12.62566823,10.4,1642.43
"14187",2024-08-21,"2024",2024,326,14.69937906,12.76065413,9.59,1652.02
"14188",2024-08-22,"2024",2024,327,22.43627132,12.42642212,8.9,1660.92
"14189",2024-08-23,"2024",2024,328,14.05944903,11.17834517,9.22,1670.14
"14190",2024-08-24,"2024",2024,329,14.28297517,10.99411768,10.3,1680.44
"14191",2024-08-25,"2024",2024,330,14.33369292,10.9120059,10.2,1690.64
"14192",1983-10-01,"1983",1984,1,NA,NA,2.52,2.52
"14193",1983-10-02,"1983",1984,2,NA,NA,2.52,5.04
"14194",1983-10-03,"1983",1984,3,NA,NA,2.52,7.56
"14195",1983-10-04,"1983",1984,4,NA,NA,2.52,10.08
"14196",1983-10-05,"1983",1984,5,NA,NA,2.52,12.6
"14197",1983-10-06,"1983",1984,6,NA,NA,2.52,15.12
"14198",1983-10-07,"1983",1984,7,NA,NA,2.52,17.64
"14199",1983-10-08,"1983",1984,8,NA,NA,2.52,20.16
"14200",1983-10-09,"1983",1984,9,NA,NA,2.52,22.68
"14201",1983-10-10,"1983",1984,10,NA,NA,2.52,25.2
"14202",1983-10-11,"1983",1984,11,NA,NA,2.52,27.72
"14203",1983-10-12,"1983",1984,12,NA,NA,2.52,30.24
"14204",1983-10-13,"1983",1984,13,NA,NA,2.52,32.76
"14205",1983-10-14,"1983",1984,14,NA,NA,2.52,35.28
"14206",1983-10-15,"1983",1984,15,NA,NA,2.52,37.8
"14207",1983-10-16,"1983",1984,16,NA,NA,2.52,40.32
"14208",1983-10-17,"1983",1984,17,NA,NA,2.52,42.84
"14209",1983-10-18,"1983",1984,18,NA,NA,2.52,45.36
"14210",1983-10-19,"1983",1984,19,NA,NA,2.52,47.88
"14211",1983-10-20,"1983",1984,20,NA,NA,2.52,50.4
"14212",1983-10-21,"1983",1984,21,NA,NA,2.52,52.92
"14213",1983-10-22,"1983",1984,22,NA,NA,2.52,55.44
"14214",1983-10-23,"1983",1984,23,NA,NA,2.52,57.96
"14215",1983-10-24,"1983",1984,24,NA,NA,2.52,60.48
"14216",1983-10-25,"1983",1984,25,NA,NA,2.52,63
"14217",1983-10-26,"1983",1984,26,NA,NA,2.52,65.52
"14218",1983-10-27,"1983",1984,27,NA,NA,2.52,68.04
"14219",1983-10-28,"1983",1984,28,NA,NA,2.52,70.56
"14220",1983-10-29,"1983",1984,29,NA,NA,2.52,73.08
"14221",1983-10-30,"1983",1984,30,NA,NA,2.52,75.6
"14222",1983-10-31,"1983",1984,31,NA,NA,1.07,76.67
"14223",1983-11-01,"1983",1984,32,NA,NA,1.07,77.74
"14224",1983-11-02,"1983",1984,33,NA,NA,1.07,78.81
"14225",1983-11-03,"1983",1984,34,NA,NA,1.07,79.88
"14226",1983-11-04,"1983",1984,35,NA,NA,1.07,80.95
"14227",1983-11-05,"1983",1984,36,NA,NA,1.07,82.02
"14228",1983-11-06,"1983",1984,37,NA,NA,1.07,83.09
"14229",1983-11-07,"1983",1984,38,NA,NA,1.07,84.16
"14230",1983-11-08,"1983",1984,39,NA,NA,1.07,85.23
"14231",1983-11-09,"1983",1984,40,NA,NA,1.07,86.3
"14232",1983-11-10,"1983",1984,41,NA,NA,1.07,87.37
"14233",1983-11-11,"1983",1984,42,NA,NA,1.07,88.4399999999999
"14234",1983-11-12,"1983",1984,43,NA,NA,1.07,89.5099999999999
"14235",1983-11-13,"1983",1984,44,NA,NA,1.07,90.5799999999999
"14236",1983-11-14,"1983",1984,45,NA,NA,1.07,91.6499999999999
"14237",1983-11-15,"1983",1984,46,NA,NA,1.07,92.7199999999999
"14238",1983-11-16,"1983",1984,47,NA,NA,1.07,93.7899999999999
"14239",1983-11-17,"1983",1984,48,NA,NA,1.07,94.8599999999999
"14240",1983-11-18,"1983",1984,49,NA,NA,1.07,95.9299999999999
"14241",1983-11-19,"1983",1984,50,NA,NA,1.07,96.9999999999999
"14242",1983-11-20,"1983",1984,51,NA,NA,1.07,98.0699999999999
"14243",1983-11-21,"1983",1984,52,NA,NA,1.07,99.1399999999999
"14244",1983-11-22,"1983",1984,53,NA,NA,1.07,100.21
"14245",1983-11-23,"1983",1984,54,NA,NA,1.07,101.28
"14246",1983-11-24,"1983",1984,55,NA,NA,1.07,102.35
"14247",1983-11-25,"1983",1984,56,NA,NA,1.07,103.42
"14248",1983-11-26,"1983",1984,57,NA,NA,1.07,104.49
"14249",1983-11-27,"1983",1984,58,NA,NA,1.07,105.56
"14250",1983-11-28,"1983",1984,59,NA,NA,1.07,106.63
"14251",1983-11-29,"1983",1984,60,NA,NA,1.07,107.7
"14252",1983-11-30,"1983",1984,61,NA,NA,0.36,108.06
"14253",1983-12-01,"1983",1984,62,NA,NA,0.36,108.42
"14254",1983-12-02,"1983",1984,63,NA,NA,0.36,108.78
"14255",1983-12-03,"1983",1984,64,NA,NA,0.36,109.14
"14256",1983-12-04,"1983",1984,65,NA,NA,0.36,109.5
"14257",1983-12-05,"1983",1984,66,NA,NA,0.36,109.86
"14258",1983-12-06,"1983",1984,67,NA,NA,0.36,110.22
"14259",1983-12-07,"1983",1984,68,NA,NA,0.36,110.58
"14260",1983-12-08,"1983",1984,69,NA,NA,0.36,110.94
"14261",1983-12-09,"1983",1984,70,NA,NA,0.36,111.3
"14262",1983-12-10,"1983",1984,71,NA,NA,0.36,111.66
"14263",1983-12-11,"1983",1984,72,NA,NA,0.36,112.02
"14264",1983-12-12,"1983",1984,73,NA,NA,0.36,112.38
"14265",1983-12-13,"1983",1984,74,NA,NA,0.36,112.74
"14266",1983-12-14,"1983",1984,75,NA,NA,0.36,113.1
"14267",1983-12-15,"1983",1984,76,NA,NA,0.36,113.46
"14268",1983-12-16,"1983",1984,77,NA,NA,0.36,113.82
"14269",1983-12-17,"1983",1984,78,NA,NA,0.36,114.18
"14270",1983-12-18,"1983",1984,79,NA,NA,0.36,114.54
"14271",1983-12-19,"1983",1984,80,NA,NA,0.36,114.9
"14272",1983-12-20,"1983",1984,81,NA,NA,0.36,115.26
"14273",1983-12-21,"1983",1984,82,NA,NA,0.36,115.62
"14274",1983-12-22,"1983",1984,83,NA,NA,0.36,115.98
"14275",1983-12-23,"1983",1984,84,NA,NA,0.36,116.34
"14276",1983-12-24,"1983",1984,85,NA,NA,0.36,116.7
"14277",1983-12-25,"1983",1984,86,NA,NA,0.36,117.06
"14278",1983-12-26,"1983",1984,87,NA,NA,0.36,117.42
"14279",1983-12-27,"1983",1984,88,NA,NA,0.36,117.78
"14280",1983-12-28,"1983",1984,89,NA,NA,0.36,118.14
"14281",1983-12-29,"1983",1984,90,NA,NA,0.36,118.5
"14282",1983-12-30,"1983",1984,91,NA,NA,0.36,118.86
"14283",1983-12-31,"1983",1984,92,NA,NA,0.01,118.87
"14284",1984-01-01,"1984",1984,93,NA,NA,0.01,118.88
"14285",1984-01-02,"1984",1984,94,NA,NA,0.01,118.89
"14286",1984-01-03,"1984",1984,95,NA,NA,0.01,118.9
"14287",1984-01-04,"1984",1984,96,NA,NA,0.01,118.91
"14288",1984-01-05,"1984",1984,97,NA,NA,0.01,118.92
"14289",1984-01-06,"1984",1984,98,NA,NA,0.01,118.93
"14290",1984-01-07,"1984",1984,99,NA,NA,0.01,118.94
"14291",1984-01-08,"1984",1984,100,NA,NA,0.01,118.95
"14292",1984-01-09,"1984",1984,101,NA,NA,0.01,118.96
"14293",1984-01-10,"1984",1984,102,NA,NA,0.01,118.97
"14294",1984-01-11,"1984",1984,103,NA,NA,0.01,118.98
"14295",1984-01-12,"1984",1984,104,NA,NA,0.01,118.99
"14296",1984-01-13,"1984",1984,105,NA,NA,0.01,119
"14297",1984-01-14,"1984",1984,106,NA,NA,0.01,119.01
"14298",1984-01-15,"1984",1984,107,NA,NA,0.01,119.02
"14299",1984-01-16,"1984",1984,108,NA,NA,0.01,119.03
"14300",1984-01-17,"1984",1984,109,NA,NA,0.01,119.04
"14301",1984-01-18,"1984",1984,110,NA,NA,0.01,119.05
"14302",1984-01-19,"1984",1984,111,NA,NA,0.01,119.06
"14303",1984-01-20,"1984",1984,112,NA,NA,0.01,119.07
"14304",1984-01-21,"1984",1984,113,NA,NA,0.01,119.08
"14305",1984-01-22,"1984",1984,114,NA,NA,0.01,119.09
"14306",1984-01-23,"1984",1984,115,NA,NA,0.01,119.1
"14307",1984-01-24,"1984",1984,116,NA,NA,0.01,119.11
"14308",1984-01-25,"1984",1984,117,NA,NA,0.01,119.12
"14309",1984-01-26,"1984",1984,118,NA,NA,0.01,119.13
"14310",1984-01-27,"1984",1984,119,NA,NA,0.01,119.14
"14311",1984-01-28,"1984",1984,120,NA,NA,0.01,119.15
"14312",1984-01-29,"1984",1984,121,NA,NA,0.01,119.16
"14313",1984-01-30,"1984",1984,122,NA,NA,0.01,119.17
"14314",1984-01-31,"1984",1984,123,NA,NA,0.01,119.18
"14315",1984-02-01,"1984",1984,124,NA,NA,0.01,119.19
"14316",1984-02-02,"1984",1984,125,NA,NA,0.01,119.2
"14317",1984-02-03,"1984",1984,126,NA,NA,0.01,119.21
"14318",1984-02-04,"1984",1984,127,NA,NA,0.01,119.22
"14319",1984-02-05,"1984",1984,128,NA,NA,0.01,119.23
"14320",1984-02-06,"1984",1984,129,NA,NA,0.01,119.24
"14321",1984-02-07,"1984",1984,130,NA,NA,0.01,119.25
"14322",1984-02-08,"1984",1984,131,NA,NA,0.01,119.26
"14323",1984-02-09,"1984",1984,132,NA,NA,0.01,119.27
"14324",1984-02-10,"1984",1984,133,NA,NA,0.01,119.28
"14325",1984-02-11,"1984",1984,134,NA,NA,0.01,119.29
"14326",1984-02-12,"1984",1984,135,NA,NA,0.01,119.3
"14327",1984-02-13,"1984",1984,136,NA,NA,0.01,119.31
"14328",1984-02-14,"1984",1984,137,NA,NA,0.01,119.32
"14329",1984-02-15,"1984",1984,138,NA,NA,0.01,119.33
"14330",1984-02-16,"1984",1984,139,NA,NA,0.01,119.34
"14331",1984-02-17,"1984",1984,140,NA,NA,0.01,119.35
"14332",1984-02-18,"1984",1984,141,NA,NA,0.01,119.36
"14333",1984-02-19,"1984",1984,142,NA,NA,0.01,119.37
"14334",1984-02-20,"1984",1984,143,NA,NA,0.01,119.38
"14335",1984-02-21,"1984",1984,144,NA,NA,0.01,119.39
"14336",1984-02-22,"1984",1984,145,NA,NA,0.01,119.4
"14337",1984-02-23,"1984",1984,146,NA,NA,0.01,119.41
"14338",1984-02-24,"1984",1984,147,NA,NA,0.01,119.42
"14339",1984-02-25,"1984",1984,148,NA,NA,0.01,119.43
"14340",1984-02-26,"1984",1984,149,NA,NA,0.01,119.44
"14341",1984-02-27,"1984",1984,150,NA,NA,0.01,119.45
"14342",1984-02-28,"1984",1984,151,NA,NA,0.01,119.46
"14343",1984-02-29,"1984",1984,152,NA,NA,0.36,119.82
"14344",1984-03-01,"1984",1984,153,NA,NA,0.36,120.18
"14345",1984-03-02,"1984",1984,154,NA,NA,0.36,120.54
"14346",1984-03-03,"1984",1984,155,NA,NA,0.36,120.9
"14347",1984-03-04,"1984",1984,156,NA,NA,0.36,121.26
"14348",1984-03-05,"1984",1984,157,NA,NA,0.36,121.62
"14349",1984-03-06,"1984",1984,158,NA,NA,0.36,121.98
"14350",1984-03-07,"1984",1984,159,NA,NA,0.36,122.34
"14351",1984-03-08,"1984",1984,160,NA,NA,0.36,122.7
"14352",1984-03-09,"1984",1984,161,NA,NA,0.36,123.06
"14353",1984-03-10,"1984",1984,162,NA,NA,0.36,123.42
"14354",1984-03-11,"1984",1984,163,NA,NA,0.36,123.78
"14355",1984-03-12,"1984",1984,164,NA,NA,0.36,124.14
"14356",1984-03-13,"1984",1984,165,NA,NA,0.36,124.5
"14357",1984-03-14,"1984",1984,166,NA,NA,0.36,124.86
"14358",1984-03-15,"1984",1984,167,NA,NA,0.36,125.22
"14359",1984-03-16,"1984",1984,168,NA,NA,0.36,125.58
"14360",1984-03-17,"1984",1984,169,NA,NA,0.36,125.94
"14361",1984-03-18,"1984",1984,170,NA,NA,0.36,126.3
"14362",1984-03-19,"1984",1984,171,NA,NA,0.36,126.66
"14363",1984-03-20,"1984",1984,172,NA,NA,0.36,127.02
"14364",1984-03-21,"1984",1984,173,NA,NA,0.36,127.38
"14365",1984-03-22,"1984",1984,174,NA,NA,0.36,127.74
"14366",1984-03-23,"1984",1984,175,NA,NA,0.36,128.1
"14367",1984-03-24,"1984",1984,176,NA,NA,0.36,128.46
"14368",1984-03-25,"1984",1984,177,NA,NA,0.36,128.82
"14369",1984-03-26,"1984",1984,178,NA,NA,0.36,129.18
"14370",1984-03-27,"1984",1984,179,NA,NA,0.36,129.54
"14371",1984-03-28,"1984",1984,180,NA,NA,0.36,129.9
"14372",1984-03-29,"1984",1984,181,NA,NA,0.36,130.26
"14373",1984-03-30,"1984",1984,182,NA,NA,0.36,130.62
"14374",1984-03-31,"1984",1984,183,NA,NA,1.07,131.69
"14375",1984-04-01,"1984",1984,184,NA,NA,1.07,132.76
"14376",1984-04-02,"1984",1984,185,NA,NA,1.07,133.83
"14377",1984-04-03,"1984",1984,186,NA,NA,1.07,134.9
"14378",1984-04-04,"1984",1984,187,NA,NA,1.07,135.97
"14379",1984-04-05,"1984",1984,188,NA,NA,1.07,137.04
"14380",1984-04-06,"1984",1984,189,NA,NA,1.07,138.11
"14381",1984-04-07,"1984",1984,190,NA,NA,1.07,139.18
"14382",1984-04-08,"1984",1984,191,NA,NA,1.07,140.25
"14383",1984-04-09,"1984",1984,192,NA,NA,1.07,141.32
"14384",1984-04-10,"1984",1984,193,NA,NA,1.07,142.39
"14385",1984-04-11,"1984",1984,194,NA,NA,1.07,143.46
"14386",1984-04-12,"1984",1984,195,NA,NA,1.07,144.53
"14387",1984-04-13,"1984",1984,196,NA,NA,1.07,145.6
"14388",1984-04-14,"1984",1984,197,NA,NA,1.07,146.67
"14389",1984-04-15,"1984",1984,198,NA,NA,1.07,147.74
"14390",1984-04-16,"1984",1984,199,NA,NA,1.07,148.81
"14391",1984-04-17,"1984",1984,200,NA,NA,1.07,149.88
"14392",1984-04-18,"1984",1984,201,NA,NA,1.07,150.95
"14393",1984-04-19,"1984",1984,202,NA,NA,1.07,152.02
"14394",1984-04-20,"1984",1984,203,NA,NA,1.15,153.17
"14395",1984-04-21,"1984",1984,204,NA,NA,1.21,154.38
"14396",1984-04-22,"1984",1984,205,NA,NA,1.07,155.45
"14397",1984-04-23,"1984",1984,206,NA,NA,0.89,156.34
"14398",1984-04-24,"1984",1984,207,NA,NA,0.81,157.15
"14399",1984-09-14,"1984",1984,350,NA,NA,7.72,2435.36
"14400",1984-09-15,"1984",1984,351,NA,NA,8.24,2443.6
"14401",1984-09-16,"1984",1984,352,NA,NA,9.05,2452.65
"14402",1984-09-17,"1984",1984,353,NA,NA,8.53,2461.18
"14403",1984-09-18,"1984",1984,354,NA,NA,7.88,2469.06
"14404",1984-09-19,"1984",1984,355,NA,NA,7.37,2476.43
"14405",1984-09-20,"1984",1984,356,NA,NA,7.45,2483.88
"14406",1984-09-21,"1984",1984,357,NA,NA,7.63,2491.51
"14407",1984-09-22,"1984",1984,358,NA,NA,7.38,2498.89
"14408",1984-09-23,"1984",1984,359,NA,NA,6.88,2505.77
"14409",1984-09-24,"1984",1984,360,NA,NA,6.6,2512.37
"14410",1984-09-25,"1984",1984,361,NA,NA,6.41,2518.78
"14411",1984-09-26,"1984",1984,362,NA,NA,5.95,2524.73
"14412",1984-09-27,"1984",1984,363,NA,NA,5.67,2530.4
"14413",1984-09-28,"1984",1984,364,NA,NA,5.25,2535.65
"14414",1984-09-29,"1984",1984,365,NA,NA,4.82,2540.47
"14415",1984-09-30,"1984",1984,366,NA,NA,4.48,2544.95
"14416",1984-10-01,"1984",1985,1,NA,NA,4.27,4.27
"14417",1984-10-02,"1984",1985,2,NA,NA,4.45,8.72
"14418",1984-10-03,"1984",1985,3,NA,NA,6.14,14.86
"14419",1984-10-04,"1984",1985,4,NA,NA,7.62,22.48
"14420",1984-10-05,"1984",1985,5,NA,NA,7.63,30.11
"14421",1984-10-06,"1984",1985,6,NA,NA,6.63,36.74
"14422",1984-10-07,"1984",1985,7,NA,NA,5.92,42.66
"14423",1984-10-08,"1984",1985,8,NA,NA,5.34,48
"14424",1984-10-09,"1984",1985,9,NA,NA,5.03,53.03
"14425",1984-10-10,"1984",1985,10,NA,NA,4.64,57.67
"14426",1984-10-11,"1984",1985,11,NA,NA,4.67,62.34
"14427",1984-10-12,"1984",1985,12,NA,NA,4.74,67.08
"14428",1984-10-13,"1984",1985,13,NA,NA,4.67,71.75
"14429",1984-10-14,"1984",1985,14,NA,NA,2.92,74.67
"14430",1984-10-15,"1984",1985,15,NA,NA,2.92,77.59
"14431",1984-10-16,"1984",1985,16,NA,NA,2.52,80.11
"14432",1984-10-17,"1984",1985,17,NA,NA,2.52,82.63
"14433",1984-10-18,"1984",1985,18,NA,NA,2.52,85.15
"14434",1984-10-19,"1984",1985,19,NA,NA,2.52,87.67
"14435",1984-10-20,"1984",1985,20,NA,NA,2.52,90.19
"14436",1984-10-21,"1984",1985,21,NA,NA,2.52,92.71
"14437",1984-10-22,"1984",1985,22,NA,NA,2.52,95.23
"14438",1984-10-23,"1984",1985,23,NA,NA,2.52,97.75
"14439",1985-09-18,"1985",1985,353,NA,NA,4.68,1823.21
"14440",1985-09-19,"1985",1985,354,NA,NA,4.23,1827.44
"14441",1985-09-20,"1985",1985,355,NA,NA,3.88,1831.32
"14442",1985-09-21,"1985",1985,356,NA,NA,3.69,1835.01
"14443",1985-09-22,"1985",1985,357,NA,NA,3.6,1838.61
"14444",1985-09-23,"1985",1985,358,NA,NA,2.73,1841.34
"14445",1985-09-24,"1985",1985,359,NA,NA,3.19,1844.53
"14446",1985-09-25,"1985",1985,360,NA,NA,3.15,1847.68
"14447",1985-09-26,"1985",1985,361,NA,NA,2.78,1850.46
"14448",1985-09-27,"1985",1985,362,NA,NA,2.72,1853.18
"14449",1985-09-28,"1985",1985,363,NA,NA,2.72,1855.9
"14450",1985-09-29,"1985",1985,364,NA,NA,2.5,1858.4
"14451",1985-09-30,"1985",1985,365,NA,NA,2.24,1860.64
"14452",1985-10-01,"1985",1986,1,NA,NA,2.09,2.09
"14453",1985-10-02,"1985",1986,2,NA,NA,1.97,4.06
"14454",1985-10-03,"1985",1986,3,NA,NA,1.92,5.98
"14455",1985-10-04,"1985",1986,4,NA,NA,1.63,7.61
"14456",1985-10-05,"1985",1986,5,NA,NA,1.58,9.19
"14457",1985-10-06,"1985",1986,6,NA,NA,2.15,11.34
"14458",1985-10-07,"1985",1986,7,NA,NA,2.39,13.73
"14459",1985-10-08,"1985",1986,8,NA,NA,2.25,15.98
"14460",1985-10-09,"1985",1986,9,NA,NA,2.21,18.19
"14461",1985-10-10,"1985",1986,10,NA,NA,2.39,20.58
"14462",1985-10-11,"1985",1986,11,NA,NA,2.39,22.97
"14463",1985-10-12,"1985",1986,12,NA,NA,2.27,25.24
"14464",1985-10-13,"1985",1986,13,NA,NA,2.1,27.34
"14465",1985-10-14,"1985",1986,14,NA,NA,1.76,29.1
"14466",1986-09-10,"1986",1986,345,NA,NA,9.38,2427.86
"14467",1986-09-11,"1986",1986,346,NA,NA,8.14,2436
"14468",1986-09-12,"1986",1986,347,NA,NA,7.15,2443.15
"14469",1986-09-13,"1986",1986,348,NA,NA,6.38,2449.53
"14470",1986-09-14,"1986",1986,349,NA,NA,6.06,2455.59
"14471",1986-09-15,"1986",1986,350,NA,NA,5.38,2460.97
"14472",1986-09-16,"1986",1986,351,NA,NA,4.81,2465.78
"14473",1986-09-17,"1986",1986,352,NA,NA,4.46,2470.24
"14474",1986-09-18,"1986",1986,353,NA,NA,4.3,2474.54
"14475",1986-09-19,"1986",1986,354,NA,NA,4.05,2478.59
"14476",1986-09-20,"1986",1986,355,NA,NA,3.92,2482.51
"14477",1986-09-21,"1986",1986,356,NA,NA,3.99,2486.5
"14478",1986-09-22,"1986",1986,357,NA,NA,4.15,2490.65
"14479",1986-09-23,"1986",1986,358,NA,NA,4.36,2495.01
"14480",1986-09-24,"1986",1986,359,NA,NA,4.06,2499.07
"14481",1986-09-25,"1986",1986,360,NA,NA,4.7,2503.77
"14482",1986-09-26,"1986",1986,361,NA,NA,4.48,2508.25
"14483",1986-09-27,"1986",1986,362,NA,NA,4.15,2512.4
"14484",1986-09-28,"1986",1986,363,NA,NA,3.92,2516.32
"14485",1986-09-29,"1986",1986,364,NA,NA,3.61,2519.93
"14486",1986-09-30,"1986",1986,365,NA,NA,3.4,2523.33
"14487",1986-10-01,"1986",1987,1,NA,NA,3.4,3.4
"14488",1986-10-02,"1986",1987,2,NA,NA,3.72,7.12
"14489",1986-10-03,"1986",1987,3,NA,NA,3.74,10.86
"14490",1986-10-04,"1986",1987,4,NA,NA,3.4,14.26
"14491",1986-10-05,"1986",1987,5,NA,NA,3.33,17.59
"14492",1986-10-06,"1986",1987,6,NA,NA,3.4,20.99
"14493",1986-10-07,"1986",1987,7,NA,NA,3.55,24.54
"14494",1986-10-08,"1986",1987,8,NA,NA,3.62,28.16
"14495",1986-10-09,"1986",1987,9,NA,NA,3.55,31.71
"14496",1986-10-10,"1986",1987,10,NA,NA,3.47,35.18
"14497",1986-10-11,"1986",1987,11,NA,NA,3.28,38.46
"14498",1986-10-12,"1986",1987,12,NA,NA,4.83,43.29
"14499",1986-10-13,"1986",1987,13,NA,NA,2.52,45.81
"14500",1986-10-14,"1986",1987,14,NA,NA,2.52,48.33
"14501",1986-10-15,"1986",1987,15,NA,NA,2.52,50.85
"14502",1986-10-16,"1986",1987,16,NA,NA,2.52,53.37
"14503",1986-10-17,"1986",1987,17,NA,NA,2.52,55.89
"14504",1986-10-18,"1986",1987,18,NA,NA,2.52,58.41
"14505",1986-10-19,"1986",1987,19,NA,NA,2.52,60.93
"14506",1986-10-20,"1986",1987,20,NA,NA,2.52,63.45
"14507",1986-10-21,"1986",1987,21,NA,NA,2.52,65.97
"14508",1986-10-22,"1986",1987,22,NA,NA,2.52,68.49
"14509",1986-10-23,"1986",1987,23,NA,NA,2.52,71.01
"14510",1986-10-24,"1986",1987,24,NA,NA,2.52,73.53
"14511",1986-10-25,"1986",1987,25,NA,NA,2.52,76.05
"14512",1986-10-26,"1986",1987,26,NA,NA,2.52,78.57
"14513",1986-10-27,"1986",1987,27,NA,NA,2.52,81.09
"14514",1986-10-28,"1986",1987,28,NA,NA,2.52,83.61
"14515",1986-10-29,"1986",1987,29,NA,NA,2.52,86.13
"14516",1986-10-30,"1986",1987,30,NA,NA,2.52,88.65
"14517",1986-10-31,"1986",1987,31,NA,NA,1.07,89.72
"14518",1986-11-01,"1986",1987,32,NA,NA,1.07,90.79
"14519",1986-11-02,"1986",1987,33,NA,NA,1.07,91.86
"14520",1986-11-03,"1986",1987,34,NA,NA,1.07,92.93
"14521",1986-11-04,"1986",1987,35,NA,NA,1.07,94
"14522",1986-11-05,"1986",1987,36,NA,NA,1.07,95.07
"14523",1986-11-06,"1986",1987,37,NA,NA,1.07,96.1399999999999
"14524",1986-11-07,"1986",1987,38,NA,NA,1.07,97.2099999999999
"14525",1986-11-08,"1986",1987,39,NA,NA,1.07,98.2799999999999
"14526",1986-11-09,"1986",1987,40,NA,NA,1.07,99.3499999999999
"14527",1986-11-10,"1986",1987,41,NA,NA,1.07,100.42
"14528",1986-11-11,"1986",1987,42,NA,NA,1.07,101.49
"14529",1986-11-12,"1986",1987,43,NA,NA,1.07,102.56
"14530",1986-11-13,"1986",1987,44,NA,NA,1.07,103.63
"14531",1986-11-14,"1986",1987,45,NA,NA,1.07,104.7
"14532",1986-11-15,"1986",1987,46,NA,NA,1.07,105.77
"14533",1986-11-16,"1986",1987,47,NA,NA,1.07,106.84
"14534",1986-11-17,"1986",1987,48,NA,NA,1.07,107.91
"14535",1986-11-18,"1986",1987,49,NA,NA,1.07,108.98
"14536",1986-11-19,"1986",1987,50,NA,NA,1.07,110.05
"14537",1986-11-20,"1986",1987,51,NA,NA,1.07,111.12
"14538",1986-11-21,"1986",1987,52,NA,NA,1.07,112.19
"14539",1986-11-22,"1986",1987,53,NA,NA,1.07,113.26
"14540",1986-11-23,"1986",1987,54,NA,NA,1.07,114.33
"14541",1986-11-24,"1986",1987,55,NA,NA,1.07,115.4
"14542",1986-11-25,"1986",1987,56,NA,NA,1.07,116.47
"14543",1986-11-26,"1986",1987,57,NA,NA,1.07,117.54
"14544",1986-11-27,"1986",1987,58,NA,NA,1.07,118.61
"14545",1986-11-28,"1986",1987,59,NA,NA,1.07,119.68
"14546",1986-11-29,"1986",1987,60,NA,NA,1.07,120.75
"14547",1986-11-30,"1986",1987,61,NA,NA,0.36,121.11
"14548",1986-12-01,"1986",1987,62,NA,NA,0.36,121.47
"14549",1986-12-02,"1986",1987,63,NA,NA,0.36,121.83
"14550",1986-12-03,"1986",1987,64,NA,NA,0.36,122.19
"14551",1986-12-04,"1986",1987,65,NA,NA,0.36,122.55
"14552",1986-12-05,"1986",1987,66,NA,NA,0.36,122.91
"14553",1986-12-06,"1986",1987,67,NA,NA,0.36,123.27
"14554",1986-12-07,"1986",1987,68,NA,NA,0.36,123.63
"14555",1986-12-08,"1986",1987,69,NA,NA,0.36,123.99
"14556",1986-12-09,"1986",1987,70,NA,NA,0.36,124.35
"14557",1986-12-10,"1986",1987,71,NA,NA,0.36,124.71
"14558",1986-12-11,"1986",1987,72,NA,NA,0.36,125.07
"14559",1986-12-12,"1986",1987,73,NA,NA,0.36,125.43
"14560",1986-12-13,"1986",1987,74,NA,NA,0.36,125.79
"14561",1986-12-14,"1986",1987,75,NA,NA,0.36,126.15
"14562",1986-12-15,"1986",1987,76,NA,NA,0.36,126.51
"14563",1986-12-16,"1986",1987,77,NA,NA,0.36,126.87
"14564",1986-12-17,"1986",1987,78,NA,NA,0.36,127.23
"14565",1986-12-18,"1986",1987,79,NA,NA,0.36,127.59
"14566",1986-12-19,"1986",1987,80,NA,NA,0.36,127.95
"14567",1986-12-20,"1986",1987,81,NA,NA,0.36,128.31
"14568",1986-12-21,"1986",1987,82,NA,NA,0.36,128.67
"14569",1986-12-22,"1986",1987,83,NA,NA,0.36,129.03
"14570",1986-12-23,"1986",1987,84,NA,NA,0.36,129.39
"14571",1986-12-24,"1986",1987,85,NA,NA,0.36,129.75
"14572",1986-12-25,"1986",1987,86,NA,NA,0.36,130.11
"14573",1986-12-26,"1986",1987,87,NA,NA,0.36,130.47
"14574",1986-12-27,"1986",1987,88,NA,NA,0.36,130.83
"14575",1986-12-28,"1986",1987,89,NA,NA,0.36,131.19
"14576",1986-12-29,"1986",1987,90,NA,NA,0.36,131.55
"14577",1986-12-30,"1986",1987,91,NA,NA,0.36,131.91
"14578",1986-12-31,"1986",1987,92,NA,NA,0.01,131.92
"14579",1987-01-01,"1987",1987,93,NA,NA,0.01,131.93
"14580",1987-01-02,"1987",1987,94,NA,NA,0.01,131.94
"14581",1987-01-03,"1987",1987,95,NA,NA,0.01,131.95
"14582",1987-01-04,"1987",1987,96,NA,NA,0.01,131.96
"14583",1987-01-05,"1987",1987,97,NA,NA,0.01,131.97
"14584",1987-01-06,"1987",1987,98,NA,NA,0.01,131.98
"14585",1987-01-07,"1987",1987,99,NA,NA,0.01,131.99
"14586",1987-01-08,"1987",1987,100,NA,NA,0.01,132
"14587",1987-01-09,"1987",1987,101,NA,NA,0.01,132.01
"14588",1987-01-10,"1987",1987,102,NA,NA,0.01,132.02
"14589",1987-01-11,"1987",1987,103,NA,NA,0.01,132.03
"14590",1987-01-12,"1987",1987,104,NA,NA,0.01,132.04
"14591",1987-01-13,"1987",1987,105,NA,NA,0.01,132.05
"14592",1987-01-14,"1987",1987,106,NA,NA,0.01,132.06
"14593",1987-01-15,"1987",1987,107,NA,NA,0.01,132.07
"14594",1987-01-16,"1987",1987,108,NA,NA,0.01,132.08
"14595",1987-01-17,"1987",1987,109,NA,NA,0.01,132.09
"14596",1987-01-18,"1987",1987,110,NA,NA,0.01,132.1
"14597",1987-01-19,"1987",1987,111,NA,NA,0.01,132.11
"14598",1987-01-20,"1987",1987,112,NA,NA,0.01,132.12
"14599",1987-01-21,"1987",1987,113,NA,NA,0.01,132.13
"14600",1987-01-22,"1987",1987,114,NA,NA,0.01,132.14
"14601",1987-01-23,"1987",1987,115,NA,NA,0.01,132.15
"14602",1987-01-24,"1987",1987,116,NA,NA,0.01,132.16
"14603",1987-01-25,"1987",1987,117,NA,NA,0.01,132.17
"14604",1987-01-26,"1987",1987,118,NA,NA,0.01,132.18
"14605",1987-01-27,"1987",1987,119,NA,NA,0.01,132.19
"14606",1987-01-28,"1987",1987,120,NA,NA,0.01,132.2
"14607",1987-01-29,"1987",1987,121,NA,NA,0.01,132.21
"14608",1987-01-30,"1987",1987,122,NA,NA,0.01,132.22
"14609",1987-01-31,"1987",1987,123,NA,NA,0.01,132.23
"14610",1987-02-01,"1987",1987,124,NA,NA,0.01,132.24
"14611",1987-02-02,"1987",1987,125,NA,NA,0.01,132.25
"14612",1987-02-03,"1987",1987,126,NA,NA,0.01,132.26
"14613",1987-02-04,"1987",1987,127,NA,NA,0.01,132.27
"14614",1987-02-05,"1987",1987,128,NA,NA,0.01,132.28
"14615",1987-02-06,"1987",1987,129,NA,NA,0.01,132.29
"14616",1987-02-07,"1987",1987,130,NA,NA,0.01,132.3
"14617",1987-02-08,"1987",1987,131,NA,NA,0.01,132.31
"14618",1987-02-09,"1987",1987,132,NA,NA,0.01,132.32
"14619",1987-02-10,"1987",1987,133,NA,NA,0.01,132.33
"14620",1987-02-11,"1987",1987,134,NA,NA,0.01,132.34
"14621",1987-02-12,"1987",1987,135,NA,NA,0.01,132.35
"14622",1987-02-13,"1987",1987,136,NA,NA,0.01,132.36
"14623",1987-02-14,"1987",1987,137,NA,NA,0.01,132.37
"14624",1987-02-15,"1987",1987,138,NA,NA,0.01,132.379999999999
"14625",1987-02-16,"1987",1987,139,NA,NA,0.01,132.389999999999
"14626",1987-02-17,"1987",1987,140,NA,NA,0.01,132.399999999999
"14627",1987-02-18,"1987",1987,141,NA,NA,0.01,132.409999999999
"14628",1987-02-19,"1987",1987,142,NA,NA,0.01,132.419999999999
"14629",1987-02-20,"1987",1987,143,NA,NA,0.01,132.429999999999
"14630",1987-02-21,"1987",1987,144,NA,NA,0.01,132.439999999999
"14631",1987-02-22,"1987",1987,145,NA,NA,0.01,132.449999999999
"14632",1987-02-23,"1987",1987,146,NA,NA,0.01,132.459999999999
"14633",1987-02-24,"1987",1987,147,NA,NA,0.01,132.469999999999
"14634",1987-02-25,"1987",1987,148,NA,NA,0.01,132.479999999999
"14635",1987-02-26,"1987",1987,149,NA,NA,0.01,132.489999999999
"14636",1987-02-27,"1987",1987,150,NA,NA,0.01,132.499999999999
"14637",1987-02-28,"1987",1987,151,NA,NA,0.36,132.859999999999
"14638",1987-03-01,"1987",1987,152,NA,NA,0.36,133.219999999999
"14639",1987-03-02,"1987",1987,153,NA,NA,0.36,133.579999999999
"14640",1987-03-03,"1987",1987,154,NA,NA,0.36,133.939999999999
"14641",1987-03-04,"1987",1987,155,NA,NA,0.36,134.299999999999
"14642",1987-03-05,"1987",1987,156,NA,NA,0.36,134.659999999999
"14643",1987-03-06,"1987",1987,157,NA,NA,0.36,135.019999999999
"14644",1987-03-07,"1987",1987,158,NA,NA,0.36,135.379999999999
"14645",1987-03-08,"1987",1987,159,NA,NA,0.36,135.74
"14646",1987-03-09,"1987",1987,160,NA,NA,0.36,136.1
"14647",1987-09-30,"1987",1987,365,NA,NA,2.21,2008.06
"14648",1987-10-01,"1987",1988,1,NA,NA,2.15,2.15
"14649",1987-10-02,"1987",1988,2,NA,NA,2.03,4.18
"14650",1987-10-03,"1987",1988,3,NA,NA,1.85,6.03
"14651",1987-10-04,"1987",1988,4,NA,NA,1.85,7.88
"14652",1988-09-21,"1988",1988,357,NA,NA,2.85,1946.76
"14653",1988-09-22,"1988",1988,358,NA,NA,2.77,1949.53
"14654",1988-09-23,"1988",1988,359,NA,NA,2.64,1952.17
"14655",1988-09-24,"1988",1988,360,NA,NA,2.46,1954.63
"14656",1988-09-25,"1988",1988,361,NA,NA,2.38,1957.01
"14657",1988-09-26,"1988",1988,362,NA,NA,2.24,1959.25
"14658",1988-09-27,"1988",1988,363,NA,NA,1.85,1961.1
"14659",1988-09-28,"1988",1988,364,NA,NA,1.67,1962.77
"14660",1988-09-29,"1988",1988,365,NA,NA,1.79,1964.56
"14661",1988-09-30,"1988",1988,366,NA,NA,1.79,1966.35
"14662",1988-10-01,"1988",1989,1,NA,NA,1.68,1.68
"14663",1988-10-02,"1988",1989,2,NA,NA,1.63,3.31
"14664",1988-10-03,"1988",1989,3,NA,NA,1.63,4.94
"14665",1989-09-27,"1989",1989,362,NA,NA,2.65,1806.25
"14666",1989-09-28,"1989",1989,363,NA,NA,2.71,1808.96
"14667",1989-09-29,"1989",1989,364,NA,NA,2.62,1811.58
"14668",1989-09-30,"1989",1989,365,NA,NA,2.64,1814.22
"14669",1989-10-01,"1989",1990,1,NA,NA,2.65,2.65
"14670",1989-10-02,"1989",1990,2,NA,NA,2.51,5.16
"14671",1990-09-26,"1990",1990,361,NA,NA,3.94,2069.9
"14672",1990-09-27,"1990",1990,362,NA,NA,3.82,2073.72
"14673",1990-09-28,"1990",1990,363,NA,NA,4.28,2078
"14674",1990-09-29,"1990",1990,364,NA,NA,4.27,2082.27
"14675",1990-09-30,"1990",1990,365,NA,NA,4.12,2086.39
"14676",1990-10-01,"1990",1991,1,NA,NA,4.1,4.1
"14677",1991-09-25,"1991",1991,360,NA,NA,2.39,1989.64
"14678",1991-09-26,"1991",1991,361,NA,NA,2.36,1992
"14679",1991-09-27,"1991",1991,362,NA,NA,2.52,1994.52
"14680",1991-09-28,"1991",1991,363,NA,NA,2.52,1997.04
"14681",1991-09-29,"1991",1991,364,NA,NA,2.39,1999.43
"14682",1991-09-30,"1991",1991,365,NA,NA,2.27,2001.7
"14683",1992-09-30,"1992",1992,366,NA,NA,2.85,1586.04
"14684",1992-10-01,"1992",1993,1,NA,NA,2.9,2.9
"14685",1992-10-02,"1992",1993,2,NA,NA,2.59,5.49
"14686",1992-10-03,"1992",1993,3,NA,NA,2.51,8
"14687",1992-10-04,"1992",1993,4,NA,NA,2.46,10.46
"14688",1992-10-05,"1992",1993,5,NA,NA,2.39,12.85
"14689",1992-10-06,"1992",1993,6,NA,NA,2.25,15.1
"14690",1992-10-07,"1992",1993,7,NA,NA,2.15,17.25
"14691",1992-10-08,"1992",1993,8,NA,NA,1.98,19.23
"14692",1992-10-09,"1992",1993,9,NA,NA,1.85,21.08
"14693",1992-10-10,"1992",1993,10,NA,NA,1.77,22.85
"14694",1992-10-11,"1992",1993,11,NA,NA,1.76,24.61
"14695",1992-10-12,"1992",1993,12,NA,NA,1.56,26.17
"14696",1993-09-21,"1993",1993,356,NA,NA,6.71,2023.71
"14697",1993-09-22,"1993",1993,357,NA,NA,6.22,2029.93
"14698",1993-09-23,"1993",1993,358,NA,NA,6.01,2035.94
"14699",1993-09-24,"1993",1993,359,NA,NA,5.64,2041.58
"14700",1993-09-25,"1993",1993,360,NA,NA,5.34,2046.92
"14701",1993-09-26,"1993",1993,361,NA,NA,5.14,2052.06
"14702",1993-09-27,"1993",1993,362,NA,NA,4.77,2056.83
"14703",1993-09-28,"1993",1993,363,NA,NA,4.53,2061.36
"14704",1993-09-29,"1993",1993,364,NA,NA,4.35,2065.71
"14705",1993-09-30,"1993",1993,365,NA,NA,4.07,2069.78
"14706",1993-10-01,"1993",1994,1,NA,NA,3.84,3.84
"14707",1993-10-02,"1993",1994,2,NA,NA,3.69,7.53
"14708",1993-10-03,"1993",1994,3,NA,NA,3.62,11.15
"14709",1993-10-04,"1993",1994,4,NA,NA,3.37,14.52
"14710",1994-09-27,"1994",1994,362,NA,NA,2.97,2042.88
"14711",1994-09-28,"1994",1994,363,NA,NA,2.8,2045.68
"14712",1994-09-29,"1994",1994,364,NA,NA,2.74,2048.42
"14713",1994-09-30,"1994",1994,365,NA,NA,2.76,2051.18
"14714",1994-10-01,"1994",1995,1,NA,NA,2.77,2.77
"14715",1994-10-02,"1994",1995,2,NA,NA,2.65,5.42
"14716",1994-10-03,"1994",1995,3,NA,NA,1.63,7.05
"14717",1995-09-27,"1995",1995,362,NA,NA,3.62,2363.7
"14718",1995-09-28,"1995",1995,363,NA,NA,3.75,2367.45
"14719",1995-09-29,"1995",1995,364,NA,NA,3.74,2371.19
"14720",1995-09-30,"1995",1995,365,NA,NA,3.4,2374.59
"14721",1995-10-01,"1995",1996,1,NA,NA,3.26,3.26
"14722",1995-10-02,"1995",1996,2,NA,NA,2.92,6.18
"14723",1996-09-25,"1996",1996,361,NA,NA,8.88,2445.39
"14724",1996-09-26,"1996",1996,362,NA,NA,8.29,2453.68
"14725",1996-09-27,"1996",1996,363,NA,NA,7.32,2461
"14726",1996-09-28,"1996",1996,364,NA,NA,6.61,2467.61
"14727",1996-09-29,"1996",1996,365,NA,NA,6.52,2474.13
"14728",1996-09-30,"1996",1996,366,NA,NA,6.18,2480.31
"14729",1997-09-24,"1997",1997,359,NA,NA,8.57,2756.45
"14730",1997-09-25,"1997",1997,360,NA,NA,7.73,2764.18
"14731",1997-09-26,"1997",1997,361,NA,NA,7.54,2771.72
"14732",1997-09-27,"1997",1997,362,NA,NA,7.54,2779.26
"14733",1997-09-28,"1997",1997,363,NA,NA,7.16,2786.42
"14734",1997-09-29,"1997",1997,364,NA,NA,7.71,2794.13
"14735",1997-09-30,"1997",1997,365,NA,NA,6.96,2801.09
"14736",1998-09-30,"1998",1998,365,NA,NA,4.78,2434.08
"14737",1998-10-01,"1998",1999,1,NA,NA,4.86,4.86
"14738",1998-10-02,"1998",1999,2,NA,NA,5.11,9.97
"14739",1998-10-03,"1998",1999,3,NA,NA,5.36,15.33
"14740",1998-10-04,"1998",1999,4,NA,NA,5.36,20.69
"14741",1998-10-05,"1998",1999,5,NA,NA,5.36,26.05
"14742",1999-09-29,"1999",1999,364,NA,NA,4.5,2613.61
"14743",1999-09-30,"1999",1999,365,NA,NA,4.42,2618.03
"14744",1999-10-01,"1999",2000,1,NA,NA,4.03,4.03
"14745",1999-10-02,"1999",2000,2,NA,NA,3.69,7.72
"14746",1999-10-03,"1999",2000,3,NA,NA,3.69,11.41
"14747",1999-10-04,"1999",2000,4,NA,NA,3.69,15.1
"14748",2000-09-27,"2000",2000,363,NA,NA,6.59,2339.24
"14749",2000-09-28,"2000",2000,364,NA,NA,6.41,2345.65
"14750",2000-09-29,"2000",2000,365,NA,NA,6.46,2352.11
"14751",2000-09-30,"2000",2000,366,NA,NA,6.5,2358.61
"14752",2000-10-01,"2000",2001,1,NA,NA,6.23,6.23
"14753",2000-10-02,"2000",2001,2,NA,NA,6.14,12.37
"14754",2001-09-26,"2001",2001,361,NA,NA,4.44,1893.24
"14755",2001-09-27,"2001",2001,362,NA,NA,4.22,1897.46
"14756",2001-09-28,"2001",2001,363,NA,NA,4.05,1901.51
"14757",2001-09-29,"2001",2001,364,NA,NA,3.98,1905.49
"14758",2001-09-30,"2001",2001,365,NA,NA,3.82,1909.31
"14759",2001-10-01,"2001",2002,1,NA,NA,3.49,3.49
"14760",2002-09-25,"2002",2002,360,NA,NA,3.37,1223.95
"14761",2002-09-26,"2002",2002,361,NA,NA,3.2,1227.15
"14762",2002-09-27,"2002",2002,362,NA,NA,3.03,1230.18
"14763",2002-09-28,"2002",2002,363,NA,NA,2.86,1233.04
"14764",2002-09-29,"2002",2002,364,NA,NA,2.72,1235.76
"14765",2002-09-30,"2002",2002,365,NA,NA,2.43,1238.19
"14766",2003-10-01,"2003",2004,1,NA,NA,2.43,2.43
"14767",2003-10-02,"2003",2004,2,NA,NA,2.52,4.95
"14768",2003-10-03,"2003",2004,3,NA,NA,2.49,7.44
"14769",2003-10-04,"2003",2004,4,NA,NA,2.39,9.83
"14770",2003-10-05,"2003",2004,5,NA,NA,2.36,12.19
"14771",2003-10-06,"2003",2004,6,NA,NA,2.33,14.52
"14772",2004-09-29,"2004",2004,365,NA,NA,6.32,2188.63
"14773",2004-09-30,"2004",2004,366,NA,NA,6.71,2195.34
"14774",2004-10-01,"2004",2005,1,NA,NA,6.57,6.57
"14775",2004-10-02,"2004",2005,2,NA,NA,6.52,13.09
"14776",2004-10-03,"2004",2005,3,NA,NA,6.43,19.52
"14777",2004-10-04,"2004",2005,4,NA,NA,6.16,25.68
"14778",2005-09-28,"2005",2005,363,NA,NA,4.86,2391.16
"14779",2005-09-29,"2005",2005,364,NA,NA,4.78,2395.94
"14780",2005-09-30,"2005",2005,365,NA,NA,4.62,2400.56
"14781",2005-10-01,"2005",2006,1,NA,NA,4.22,4.22
"14782",2005-10-02,"2005",2006,2,NA,NA,4.07,8.29
"14783",2005-10-03,"2005",2006,3,NA,NA,4.46,12.75
"14784",2006-09-28,"2006",2006,363,NA,NA,1.8,2295.57
"14785",2006-10-01,"2006",2007,1,NA,NA,1.7,1.7
"14786",2006-10-02,"2006",2007,2,NA,NA,1.7,3.4
"14787",2007-09-26,"2007",2007,361,NA,NA,2.5,1749.02
"14788",2007-09-27,"2007",2007,362,NA,NA,2.3,1751.32
"14789",2007-09-28,"2007",2007,363,NA,NA,2.4,1753.72
"14790",2007-09-29,"2007",2007,364,NA,NA,2.8,1756.52
"14791",2007-09-30,"2007",2007,365,NA,NA,2.7,1759.22
"14792",2007-10-01,"2007",2008,1,NA,NA,3.77,3.77
"14793",2008-10-01,"2008",2009,1,NA,NA,4.64,4.64
"14794",2008-10-02,"2008",2009,2,NA,NA,4.64,9.28
"14795",2008-10-03,"2008",2009,3,NA,NA,4.32,13.6
"14796",2008-10-04,"2008",2009,4,NA,NA,4.32,17.92
"14797",2008-10-05,"2008",2009,5,NA,NA,4.32,22.24
"14798",2008-10-06,"2008",2009,6,NA,NA,4.16,26.4
"14799",2009-09-30,"2009",2009,365,NA,NA,1.07,2044
"14800",2009-10-01,"2009",2010,1,NA,NA,1.02,1.02
"14801",2009-10-02,"2009",2010,2,NA,NA,1.26,2.28
"14802",2009-10-03,"2009",2010,3,NA,NA,1.33,3.61
"14803",2009-10-04,"2009",2010,4,NA,NA,1.54,5.15
"14804",2009-10-05,"2009",2010,5,NA,NA,1.45,6.6
"14805",2010-09-29,"2010",2010,364,NA,NA,1.35,2035.1
"14806",2010-09-30,"2010",2010,365,NA,NA,1.36,2036.46
"14807",2010-10-01,"2010",2011,1,NA,NA,1.35,1.35
"14808",2010-10-02,"2010",2011,2,NA,NA,1.35,2.7
"14809",2010-10-03,"2010",2011,3,NA,NA,1.29,3.99
"14810",2010-10-04,"2010",2011,4,NA,NA,1.3,5.29
"14811",2019-10-25,"2019",2020,25,NA,NA,0.92,36.8
"14812",2019-10-26,"2019",2020,26,NA,NA,0.89,37.69
"14813",2019-10-27,"2019",2020,27,NA,NA,0.86,38.55
"14814",2019-10-28,"2019",2020,28,NA,NA,0.86,39.41
"14815",2019-10-29,"2019",2020,29,NA,NA,0.86,40.27
"14816",2019-10-30,"2019",2020,30,NA,NA,0.83,41.1
"14817",2019-10-31,"2019",2020,31,NA,NA,0.62,41.72
"14818",2019-11-01,"2019",2020,32,NA,NA,0.47,42.19
"14819",2019-11-02,"2019",2020,33,NA,NA,0.4,42.59
"14820",2019-11-03,"2019",2020,34,NA,NA,0.35,42.94
"14821",2019-11-04,"2019",2020,35,NA,NA,0.34,43.28
"14822",2019-11-05,"2019",2020,36,NA,NA,0.33,43.61
"14823",2019-11-06,"2019",2020,37,NA,NA,0.33,43.94
"14824",2019-11-07,"2019",2020,38,NA,NA,0.32,44.26
"14825",2019-11-08,"2019",2020,39,NA,NA,0.31,44.57
"14826",2020-03-09,"2020",2020,161,NA,NA,0.16,72.79
"14827",2020-10-01,"2020",2021,1,NA,NA,2.33,2.33
"14828",2020-10-02,"2020",2021,2,NA,NA,2.16,4.49
"14829",2021-01-23,"2021",2021,114,NA,NA,0.05,50.01
"14830",2021-01-24,"2021",2021,115,NA,NA,0.05,50.06
"14831",2021-01-25,"2021",2021,116,NA,NA,0.05,50.11
"14832",2021-01-26,"2021",2021,117,NA,NA,0.05,50.16
"14833",2021-01-27,"2021",2021,118,NA,NA,0.04,50.2
"14834",2021-01-28,"2021",2021,119,NA,NA,0.03,50.23
"14835",2021-01-29,"2021",2021,120,NA,NA,0.03,50.26
"14836",2021-01-30,"2021",2021,121,NA,NA,0.03,50.29
"14837",2021-01-31,"2021",2021,122,NA,NA,0.03,50.32
"14838",2021-02-01,"2021",2021,123,NA,NA,0.03,50.35
"14839",2021-02-02,"2021",2021,124,NA,NA,0.03,50.38
"14840",2021-02-03,"2021",2021,125,NA,NA,0.03,50.41
"14841",2021-02-04,"2021",2021,126,NA,NA,0.04,50.45
"14842",2021-02-05,"2021",2021,127,NA,NA,0.04,50.49
"14843",2021-02-06,"2021",2021,128,NA,NA,0.04,50.53
"14844",2021-02-07,"2021",2021,129,NA,NA,0.05,50.58
"14845",2021-02-08,"2021",2021,130,NA,NA,0.05,50.63
"14846",2021-02-09,"2021",2021,131,NA,NA,0.04,50.67
"14847",2021-02-10,"2021",2021,132,NA,NA,0.04,50.71
"14848",2021-02-11,"2021",2021,133,NA,NA,0.04,50.75
"14849",2021-02-12,"2021",2021,134,NA,NA,0.03,50.78
"14850",2021-02-13,"2021",2021,135,NA,NA,0.04,50.82
"14851",2021-02-14,"2021",2021,136,NA,NA,0.04,50.86
"14852",2021-02-15,"2021",2021,137,NA,NA,0.04,50.9
"14853",2021-02-16,"2021",2021,138,NA,NA,0.03,50.93
"14854",2021-02-17,"2021",2021,139,NA,NA,0.03,50.96
"14855",2021-02-18,"2021",2021,140,NA,NA,0.03,50.99
"14856",2021-02-19,"2021",2021,141,NA,NA,0.02,51.01
"14857",2021-02-20,"2021",2021,142,NA,NA,0.02,51.03
"14858",2021-02-21,"2021",2021,143,NA,NA,0.02,51.05
"14859",2021-02-22,"2021",2021,144,NA,NA,0.01,51.06
"14860",2021-02-23,"2021",2021,145,NA,NA,0.01,51.07
"14861",2021-02-24,"2021",2021,146,NA,NA,0.01,51.08
"14862",2021-02-25,"2021",2021,147,NA,NA,0.03,51.11
"14863",2021-02-26,"2021",2021,148,NA,NA,0.02,51.13
"14864",2021-02-27,"2021",2021,149,NA,NA,0.02,51.15
"14865",2021-02-28,"2021",2021,150,NA,NA,0.02,51.17
"14866",2021-03-01,"2021",2021,151,NA,NA,0.01,51.18
"14867",2021-03-02,"2021",2021,152,NA,NA,0.02,51.2
"14868",2021-03-03,"2021",2021,153,NA,NA,0.01,51.21
"14869",2021-03-04,"2021",2021,154,NA,NA,0.02,51.23
"14870",2021-03-05,"2021",2021,155,NA,NA,0.04,51.27
"14871",2021-03-06,"2021",2021,156,NA,NA,0.02,51.29
"14872",2021-03-07,"2021",2021,157,NA,NA,0.01,51.3
"14873",2021-03-08,"2021",2021,158,NA,NA,0.02,51.32
"14874",2021-03-09,"2021",2021,159,NA,NA,0.03,51.35
"14875",2021-03-10,"2021",2021,160,NA,NA,0.1,51.45
"14876",2021-03-11,"2021",2021,161,NA,NA,0.08,51.53
"14877",2021-03-12,"2021",2021,162,NA,NA,0.07,51.6
"14878",2021-03-13,"2021",2021,163,NA,NA,0.06,51.66
"14879",2021-03-14,"2021",2021,164,NA,NA,0.06,51.72
"14880",2021-03-15,"2021",2021,165,NA,NA,0.06,51.78
"14881",2021-03-16,"2021",2021,166,NA,NA,0.05,51.83
"14882",2021-03-17,"2021",2021,167,NA,NA,0.04,51.87
"14883",2021-03-18,"2021",2021,168,NA,NA,0.03,51.9
"14884",2021-03-19,"2021",2021,169,NA,NA,0.03,51.93
"14885",2021-03-20,"2021",2021,170,NA,NA,0.03,51.96
"14886",2021-03-21,"2021",2021,171,NA,NA,0.04,52
"14887",2021-03-22,"2021",2021,172,NA,NA,0.04,52.04
"14888",2021-03-23,"2021",2021,173,NA,NA,0.04,52.08
"14889",2021-03-24,"2021",2021,174,NA,NA,0.04,52.12
"14890",2021-03-25,"2021",2021,175,NA,NA,0.04,52.16
"14891",2021-03-26,"2021",2021,176,NA,NA,0.03,52.19
"14892",2021-03-27,"2021",2021,177,NA,NA,0.03,52.22
"14893",2021-03-28,"2021",2021,178,NA,NA,0.02,52.24
"14894",2021-03-29,"2021",2021,179,NA,NA,0.02,52.26
"14895",2021-03-30,"2021",2021,180,NA,NA,0.03,52.29
"14896",2021-03-31,"2021",2021,181,NA,NA,0.02,52.31
"14897",2021-04-01,"2021",2021,182,NA,NA,0.02,52.33
"14898",2021-04-02,"2021",2021,183,NA,NA,0.02,52.35
"14899",2021-04-03,"2021",2021,184,NA,NA,0.03,52.38
"14900",2021-04-04,"2021",2021,185,NA,NA,0.05,52.43
"14901",2021-04-05,"2021",2021,186,NA,NA,0.1,52.53
"14902",2021-04-06,"2021",2021,187,NA,NA,0.19,52.72
"14903",2021-04-07,"2021",2021,188,NA,NA,0.21,52.93
"14904",2021-04-08,"2021",2021,189,NA,NA,0.22,53.15
"14905",2021-04-09,"2021",2021,190,NA,NA,0.23,53.38
"14906",2021-04-10,"2021",2021,191,NA,NA,0.22,53.6
"14907",2021-04-11,"2021",2021,192,NA,NA,0.22,53.82
"14908",2021-04-12,"2021",2021,193,NA,NA,0.24,54.06
"14909",2021-04-13,"2021",2021,194,NA,NA,0.26,54.32
"14910",2021-04-14,"2021",2021,195,NA,NA,0.29,54.61
"14911",2021-04-15,"2021",2021,196,NA,NA,0.3,54.91
"14912",2021-04-16,"2021",2021,197,NA,NA,0.28,55.19
"14913",2021-04-17,"2021",2021,198,NA,NA,0.23,55.42
"14914",2021-04-18,"2021",2021,199,NA,NA,0.19,55.61
"14915",2021-04-19,"2021",2021,200,NA,NA,0.16,55.77
"14916",2021-04-20,"2021",2021,201,NA,NA,0.15,55.92
"14917",2021-04-21,"2021",2021,202,NA,NA,0.13,56.05
"14918",2021-04-22,"2021",2021,203,NA,NA,0.12,56.17
"14919",2021-04-23,"2021",2021,204,NA,NA,0.1,56.27
"14920",2021-04-24,"2021",2021,205,NA,NA,0.09,56.36
"14921",2021-04-25,"2021",2021,206,NA,NA,0.08,56.44
"14922",2021-04-26,"2021",2021,207,NA,NA,0.13,56.57
"14923",2021-04-27,"2021",2021,208,NA,NA,0.22,56.79
"14924",2021-04-28,"2021",2021,209,NA,NA,0.31,57.1
"14925",2021-04-29,"2021",2021,210,NA,NA,0.27,57.37
"14926",2021-04-30,"2021",2021,211,NA,NA,0.6,57.97
"14927",2021-05-01,"2021",2021,212,NA,NA,2.22,60.19
"14928",2021-05-02,"2021",2021,213,NA,NA,3.82,64.01
"14929",2021-05-03,"2021",2021,214,NA,NA,4.08,68.09
"14930",2021-05-04,"2021",2021,215,NA,NA,3.27,71.36
"14931",2021-05-05,"2021",2021,216,NA,NA,2.58,73.94
"14932",2021-05-06,"2021",2021,217,NA,NA,1.99,75.93
"14933",2021-05-07,"2021",2021,218,NA,NA,2.25,78.18
"14934",2021-05-08,"2021",2021,219,NA,NA,3.07,81.25
"14935",2021-05-09,"2021",2021,220,NA,NA,3.17,84.42
"14936",2021-05-10,"2021",2021,221,NA,NA,2.96,87.38
"14937",2021-05-11,"2021",2021,222,NA,NA,2.54,89.92
"14938",2021-05-12,"2021",2021,223,NA,NA,2.09,92.01
"14939",2021-05-13,"2021",2021,224,NA,NA,1.75,93.76
"14940",2021-05-14,"2021",2021,225,NA,NA,1.78,95.54
"14941",2021-05-15,"2021",2021,226,NA,NA,2.4,97.94
"14942",2021-05-16,"2021",2021,227,NA,NA,4.6,102.54
"14943",2021-05-17,"2021",2021,228,NA,NA,8.3,110.84
"14944",2021-05-18,"2021",2021,229,NA,NA,12.4,123.24
"14945",2021-05-19,"2021",2021,230,NA,NA,12.9,136.14
"14946",2021-05-20,"2021",2021,231,NA,NA,13.5,149.64
"14947",2021-05-21,"2021",2021,232,NA,NA,15.1,164.74
"14948",2021-05-22,"2021",2021,233,NA,NA,17.8,182.54
"14949",2021-05-23,"2021",2021,234,NA,NA,28.6,211.14
"14950",2021-05-24,"2021",2021,235,NA,NA,15.9,227.04
"14951",2021-05-25,"2021",2021,236,NA,NA,13.5,240.54
"14952",2021-05-26,"2021",2021,237,NA,NA,13.4,253.94
"14953",2021-05-27,"2021",2021,238,NA,NA,13.9,267.84
"14954",2021-05-28,"2021",2021,239,NA,NA,15.9,283.74
"14955",2021-05-29,"2021",2021,240,NA,NA,16.9,300.64
"14956",2021-05-30,"2021",2021,241,NA,NA,16.2,316.84
"14957",2021-05-31,"2021",2021,242,NA,NA,13,329.84
"14958",2021-06-01,"2021",2021,243,NA,NA,13.9,343.74
"14959",2021-06-02,"2021",2021,244,NA,NA,15.2,358.94
"14960",2021-06-03,"2021",2021,245,NA,NA,22.1,381.04
"14961",2021-06-04,"2021",2021,246,NA,NA,32,413.04
"14962",2021-06-05,"2021",2021,247,NA,NA,38.6,451.64
"14963",2021-06-06,"2021",2021,248,NA,NA,43.1,494.74
"14964",2021-06-07,"2021",2021,249,NA,NA,38.8,533.54
"14965",2021-06-08,"2021",2021,250,NA,NA,36.9,570.44
"14966",2021-06-09,"2021",2021,251,NA,NA,34,604.44
"14967",2021-06-10,"2021",2021,252,NA,NA,32.7,637.14
"14968",2021-06-11,"2021",2021,253,NA,NA,30.2,667.34
"14969",2021-06-12,"2021",2021,254,NA,NA,27.6,694.94
"14970",2021-06-13,"2021",2021,255,NA,NA,28.7,723.64
"14971",2021-06-14,"2021",2021,256,NA,NA,31.8,755.44
"14972",2021-06-15,"2021",2021,257,NA,NA,31.8,787.24
"14973",2021-06-16,"2021",2021,258,NA,NA,30,817.24
"14974",2021-06-17,"2021",2021,259,NA,NA,27.2,844.44
"14975",2021-06-18,"2021",2021,260,NA,NA,24.2,868.64
"14976",2021-06-19,"2021",2021,261,NA,NA,23.7,892.34
"14977",2021-06-20,"2021",2021,262,NA,NA,26.5,918.84
"14978",2021-06-21,"2021",2021,263,NA,NA,24.7,943.54
"14979",2021-06-22,"2021",2021,264,NA,NA,23.6,967.14
"14980",2021-06-23,"2021",2021,265,NA,NA,21,988.14
"14981",2021-06-24,"2021",2021,266,NA,NA,20.2,1008.34
"14982",2021-06-25,"2021",2021,267,NA,NA,23.8,1032.14
"14983",2021-06-26,"2021",2021,268,NA,NA,26.5,1058.64
"14984",2021-06-27,"2021",2021,269,NA,NA,27.6,1086.24
"14985",2021-06-28,"2021",2021,270,NA,NA,21.1,1107.34
"14986",2021-06-29,"2021",2021,271,NA,NA,17.7,1125.04
"14987",2021-06-30,"2021",2021,272,NA,NA,17.2,1142.24
"14988",2021-07-01,"2021",2021,273,NA,NA,18,1160.24
"14989",2021-07-02,"2021",2021,274,NA,NA,18.7,1178.94
"14990",2021-07-03,"2021",2021,275,NA,NA,18.6,1197.54
"14991",2021-07-04,"2021",2021,276,NA,NA,19.5,1217.04
"14992",2021-07-05,"2021",2021,277,NA,NA,19.8,1236.84
"14993",2021-07-06,"2021",2021,278,NA,NA,24.8,1261.64
"14994",2021-07-07,"2021",2021,279,NA,NA,21.9,1283.54
"14995",2021-07-08,"2021",2021,280,NA,NA,18.3,1301.84
"14996",2021-07-09,"2021",2021,281,NA,NA,17.4,1319.24
"14997",2021-07-10,"2021",2021,282,NA,NA,17.4,1336.64
"14998",2021-07-11,"2021",2021,283,NA,NA,15.6,1352.24
"14999",2021-07-12,"2021",2021,284,NA,NA,13.5,1365.74
"15000",2021-07-13,"2021",2021,285,NA,NA,11.4,1377.14
"15001",2021-07-14,"2021",2021,286,NA,NA,10.6,1387.74
"15002",2021-07-15,"2021",2021,287,NA,NA,10.6,1398.34
"15003",2021-07-16,"2021",2021,288,NA,NA,10.2,1408.54
"15004",2021-07-17,"2021",2021,289,NA,NA,9.97,1418.51
"15005",2021-07-18,"2021",2021,290,NA,NA,9.95,1428.46
"15006",2021-07-19,"2021",2021,291,NA,NA,10.7,1439.16
"15007",2021-07-20,"2021",2021,292,NA,NA,10.5,1449.66
"15008",2021-07-21,"2021",2021,293,NA,NA,10.3,1459.96
"15009",2021-07-22,"2021",2021,294,NA,NA,9.92,1469.88
"15010",2021-07-23,"2021",2021,295,NA,NA,10.7,1480.58
"15011",2021-07-24,"2021",2021,296,NA,NA,11.5,1492.08
"15012",2021-07-25,"2021",2021,297,NA,NA,10.7,1502.78
"15013",2021-07-26,"2021",2021,298,NA,NA,10.3,1513.08
"15014",2021-07-27,"2021",2021,299,NA,NA,9.83,1522.91
"15015",2021-07-28,"2021",2021,300,NA,NA,9.24,1532.15
"15016",2021-07-29,"2021",2021,301,NA,NA,10.1,1542.25
"15017",2021-07-30,"2021",2021,302,NA,NA,10.8,1553.05
"15018",2021-07-31,"2021",2021,303,NA,NA,12.9,1565.95
"15019",2021-08-01,"2021",2021,304,NA,NA,17.2,1583.15
"15020",2021-08-02,"2021",2021,305,NA,NA,16.7,1599.85
"15021",2021-08-03,"2021",2021,306,NA,NA,39.2,1639.05
"15022",2021-08-04,"2021",2021,307,NA,NA,33,1672.05
"15023",2021-08-05,"2021",2021,308,NA,NA,21.2,1693.25
"15024",2021-08-06,"2021",2021,309,NA,NA,16.5,1709.75
"15025",2021-08-07,"2021",2021,310,NA,NA,14.2,1723.95
"15026",2021-08-08,"2021",2021,311,NA,NA,11.3,1735.25
"15027",2021-08-09,"2021",2021,312,NA,NA,10.2,1745.45
"15028",2021-08-10,"2021",2021,313,NA,NA,9.16,1754.61
"15029",2021-08-11,"2021",2021,314,NA,NA,8.28,1762.89
"15030",2021-08-12,"2021",2021,315,NA,NA,7.98,1770.87
"15031",2021-08-13,"2021",2021,316,NA,NA,7.87,1778.74
"15032",2021-08-14,"2021",2021,317,NA,NA,7.67,1786.41
"15033",2021-08-15,"2021",2021,318,NA,NA,7.28,1793.69
"15034",2021-08-16,"2021",2021,319,NA,NA,7.07,1800.76
"15035",2021-08-17,"2021",2021,320,NA,NA,6.67,1807.43
"15036",2021-08-18,"2021",2021,321,NA,NA,6.64,1814.07
"15037",2021-08-19,"2021",2021,322,NA,NA,6.79,1820.86
"15038",2021-08-20,"2021",2021,323,NA,NA,5.8,1826.66
"15039",2021-08-21,"2021",2021,324,NA,NA,5.17,1831.83
"15040",2021-08-22,"2021",2021,325,NA,NA,4.91,1836.74
"15041",2021-08-23,"2021",2021,326,NA,NA,5.01,1841.75
"15042",2021-08-24,"2021",2021,327,NA,NA,4.96,1846.71
"15043",2021-08-25,"2021",2021,328,NA,NA,4.76,1851.47
"15044",2021-08-26,"2021",2021,329,NA,NA,4.57,1856.04
"15045",2021-08-27,"2021",2021,330,NA,NA,4.48,1860.52
"15046",2021-08-28,"2021",2021,331,NA,NA,4.56,1865.08
"15047",2021-08-29,"2021",2021,332,NA,NA,4.6,1869.68
"15048",2021-08-30,"2021",2021,333,NA,NA,4.43,1874.11
"15049",2021-08-31,"2021",2021,334,NA,NA,4.27,1878.38
"15050",2021-09-01,"2021",2021,335,NA,NA,4.08,1882.46
"15051",2021-09-02,"2021",2021,336,NA,NA,4.27,1886.73
"15052",2021-09-03,"2021",2021,337,NA,NA,4.39,1891.12
"15053",2021-09-04,"2021",2021,338,NA,NA,4.38,1895.5
"15054",2021-09-05,"2021",2021,339,NA,NA,4.12,1899.62
"15055",2021-09-06,"2021",2021,340,NA,NA,3.89,1903.51
"15056",2021-09-07,"2021",2021,341,NA,NA,3.77,1907.28
"15057",2021-09-08,"2021",2021,342,NA,NA,3.71,1910.99
"15058",2021-09-09,"2021",2021,343,NA,NA,3.52,1914.51
"15059",2021-09-10,"2021",2021,344,NA,NA,3.44,1917.95
"15060",2021-09-11,"2021",2021,345,NA,NA,3.36,1921.31
"15061",2021-09-12,"2021",2021,346,NA,NA,3.42,1924.73
"15062",2021-09-13,"2021",2021,347,NA,NA,3.36,1928.09
"15063",2021-09-14,"2021",2021,348,NA,NA,3.28,1931.37
"15064",2021-09-15,"2021",2021,349,NA,NA,2.99,1934.36
"15065",2021-09-16,"2021",2021,350,NA,NA,2.97,1937.33
"15066",2021-09-17,"2021",2021,351,NA,NA,2.92,1940.25
"15067",2021-09-18,"2021",2021,352,NA,NA,2.77,1943.02
"15068",2021-09-19,"2021",2021,353,NA,NA,2.41,1945.43
"15069",2021-09-20,"2021",2021,354,NA,NA,2.67,1948.1
"15070",2021-09-21,"2021",2021,355,NA,NA,2.69,1950.79
"15071",2021-09-22,"2021",2021,356,NA,NA,2.58,1953.37
"15072",2021-09-23,"2021",2021,357,NA,NA,2.54,1955.91
"15073",2021-09-24,"2021",2021,358,NA,NA,2.44,1958.35
"15074",2021-09-25,"2021",2021,359,NA,NA,2.3,1960.65
"15075",2021-09-26,"2021",2021,360,NA,NA,2.15,1962.8
"15076",2021-09-27,"2021",2021,361,NA,NA,2.11,1964.91
"15077",2021-09-28,"2021",2021,362,NA,NA,2.15,1967.06
"15078",2021-09-29,"2021",2021,363,NA,NA,2.38,1969.44
"15079",2021-09-30,"2021",2021,364,NA,NA,2.44,1971.88
"15080",2021-10-09,"2021",2022,9,NA,NA,2.1,20.63
"15081",2022-03-18,"2022",2022,169,NA,NA,0.01,85.32
"15082",2022-03-19,"2022",2022,170,NA,NA,0.01,85.33
"15083",2022-03-20,"2022",2022,171,NA,NA,0.01,85.34
"15084",2022-03-21,"2022",2022,172,NA,NA,0.01,85.35
"15085",2022-03-22,"2022",2022,173,NA,NA,0.01,85.3600000000001
"15086",2022-03-23,"2022",2022,174,NA,NA,0.01,85.3700000000001
"15087",2022-03-24,"2022",2022,175,NA,NA,0.01,85.3800000000001
"15088",2022-03-25,"2022",2022,176,NA,NA,0.01,85.3900000000001
"15089",2022-03-26,"2022",2022,177,NA,NA,0.01,85.4000000000001
"15090",2022-03-27,"2022",2022,178,NA,NA,0.01,85.4100000000001
"15091",2022-03-28,"2022",2022,179,NA,NA,0.01,85.4200000000001
"15092",2022-04-03,"2022",2022,185,NA,NA,0.02,85.5400000000001
"15093",2022-04-04,"2022",2022,186,NA,NA,0.02,85.5600000000001
"15094",2022-04-05,"2022",2022,187,NA,NA,0.02,85.58
"15095",2022-04-06,"2022",2022,188,NA,NA,0.02,85.6
"15096",2022-04-07,"2022",2022,189,NA,NA,0.02,85.62
"15097",2022-04-08,"2022",2022,190,NA,NA,0.02,85.64
"15098",2022-04-09,"2022",2022,191,NA,NA,0.02,85.66
"15099",2022-04-10,"2022",2022,192,NA,NA,0.02,85.68
"15100",2022-04-11,"2022",2022,193,NA,NA,0.02,85.7
"15101",2022-04-12,"2022",2022,194,NA,NA,0.02,85.72
"15102",2022-04-13,"2022",2022,195,NA,NA,0.02,85.74
"15103",2022-04-14,"2022",2022,196,NA,NA,0.02,85.76
"15104",2022-04-15,"2022",2022,197,NA,NA,0.02,85.78
"15105",2022-04-16,"2022",2022,198,NA,NA,0.02,85.8
"15106",2022-04-17,"2022",2022,199,NA,NA,0.01,85.81
"15107",2022-04-18,"2022",2022,200,NA,NA,0.02,85.83
"15108",2022-04-19,"2022",2022,201,NA,NA,0.01,85.84
"15109",2022-04-20,"2022",2022,202,NA,NA,0.02,85.86
"15110",2022-12-23,"2022",2023,84,NA,NA,0.13,94.6400000000001
"15111",2022-12-27,"2022",2023,88,NA,NA,0.14,95.1700000000001
"15112",2023-04-12,"2023",2023,194,NA,NA,0.04,98.9000000000002
"15113",2023-04-13,"2023",2023,195,NA,NA,0.14,99.0400000000002
"15114",2023-12-04,"2023",2024,65,NA,NA,0.31,55.67
"15115",2023-12-05,"2023",2024,66,NA,NA,0.2,55.87
"15116",2023-12-06,"2023",2024,67,NA,NA,0.16,56.03
"15117",2023-12-08,"2023",2024,69,NA,NA,0.15,56.33
"15118",2023-12-10,"2023",2024,71,NA,NA,0.2,56.67
"15119",2023-12-11,"2023",2024,72,NA,NA,0.18,56.85
"15120",2023-12-12,"2023",2024,73,NA,NA,0.15,57
"15121",2023-12-13,"2023",2024,74,NA,NA,0.13,57.13
"15122",2023-12-14,"2023",2024,75,NA,NA,0.15,57.28
"15123",2023-12-15,"2023",2024,76,NA,NA,0.14,57.42
"15124",2023-12-16,"2023",2024,77,NA,NA,0.14,57.56
"15125",2023-12-17,"2023",2024,78,NA,NA,0.12,57.68
"15126",2023-12-18,"2023",2024,79,NA,NA,0.11,57.79
"15127",2023-12-19,"2023",2024,80,NA,NA,0.1,57.89
"15128",2023-12-20,"2023",2024,81,NA,NA,0.09,57.98
"15129",2023-12-21,"2023",2024,82,NA,NA,0.09,58.07
"15130",2023-12-22,"2023",2024,83,NA,NA,0.09,58.16
"15131",2023-12-23,"2023",2024,84,NA,NA,0.08,58.24
"15132",2023-12-24,"2023",2024,85,NA,NA,0.09,58.33
"15133",2023-12-25,"2023",2024,86,NA,NA,0.1,58.43
"15134",2023-12-26,"2023",2024,87,NA,NA,0.11,58.54
"15135",2023-12-27,"2023",2024,88,NA,NA,0.1,58.64
"15136",2023-12-28,"2023",2024,89,NA,NA,0.1,58.74
"15137",2023-12-29,"2023",2024,90,NA,NA,0.1,58.84
"15138",2023-12-30,"2023",2024,91,NA,NA,0.1,58.94
"15139",2024-01-02,"2024",2024,94,NA,NA,0.07,59.13
"15140",2024-01-03,"2024",2024,95,NA,NA,0.08,59.21
"15141",2024-01-04,"2024",2024,96,NA,NA,0.08,59.29
"15142",2024-01-05,"2024",2024,97,NA,NA,0.09,59.38
"15143",2024-01-06,"2024",2024,98,NA,NA,0.14,59.52
"15144",2024-01-07,"2024",2024,99,NA,NA,0.09,59.61
"15145",2024-01-08,"2024",2024,100,NA,NA,0.07,59.68
"15146",2024-01-09,"2024",2024,101,NA,NA,0.08,59.76
"15147",2024-01-10,"2024",2024,102,NA,NA,0.09,59.85
"15148",2024-01-11,"2024",2024,103,NA,NA,0.08,59.93
"15149",2024-01-12,"2024",2024,104,NA,NA,0.08,60.01
"15150",2024-01-13,"2024",2024,105,NA,NA,0.09,60.1
"15151",2024-01-14,"2024",2024,106,NA,NA,0.09,60.19
"15152",2024-01-15,"2024",2024,107,NA,NA,0.09,60.28
"15153",2024-01-16,"2024",2024,108,NA,NA,0.09,60.37
"15154",2024-01-17,"2024",2024,109,NA,NA,0.08,60.45
"15155",2024-01-18,"2024",2024,110,NA,NA,0.06,60.51
"15156",2024-01-19,"2024",2024,111,NA,NA,0.05,60.56
"15157",2024-01-20,"2024",2024,112,NA,NA,0.06,60.62
"15158",2024-01-21,"2024",2024,113,NA,NA,0.05,60.67
"15159",2024-01-22,"2024",2024,114,NA,NA,0.05,60.72
"15160",2024-01-23,"2024",2024,115,NA,NA,0.06,60.78
"15161",2024-01-24,"2024",2024,116,NA,NA,0.05,60.83
"15162",2024-01-25,"2024",2024,117,NA,NA,0.05,60.88
"15163",2024-01-26,"2024",2024,118,NA,NA,0.05,60.93
"15164",2024-01-27,"2024",2024,119,NA,NA,0.05,60.98
"15165",2024-01-28,"2024",2024,120,NA,NA,0.05,61.03
"15166",2024-01-29,"2024",2024,121,NA,NA,0.05,61.08
"15167",2024-01-30,"2024",2024,122,NA,NA,0.05,61.13
"15168",2024-01-31,"2024",2024,123,NA,NA,0.05,61.18
"15169",2024-02-01,"2024",2024,124,NA,NA,0.05,61.23
"15170",2024-02-04,"2024",2024,127,NA,NA,0.05,61.38
"15171",2024-02-05,"2024",2024,128,NA,NA,0.05,61.43
"15172",2024-02-10,"2024",2024,133,NA,NA,0.05,61.68
"15173",2024-02-11,"2024",2024,134,NA,NA,0.05,61.73
"15174",2024-02-12,"2024",2024,135,NA,NA,0.05,61.78
"15175",2024-02-17,"2024",2024,140,NA,NA,0.05,61.99
"15176",2024-02-18,"2024",2024,141,NA,NA,0.05,62.04
"15177",2024-08-26,"2024",2024,331,NA,NA,13.5,1704.14
"15178",2024-08-27,"2024",2024,332,NA,NA,11.2,1715.34
"15179",2024-08-28,"2024",2024,333,NA,NA,9,1724.34
"15180",2024-08-29,"2024",2024,334,NA,NA,7.93,1732.27
"15181",2024-08-30,"2024",2024,335,NA,NA,6.9,1739.17
"15182",2024-08-31,"2024",2024,336,NA,NA,6.23,1745.4
"15183",2024-09-01,"2024",2024,337,NA,NA,5.69,1751.09
"15184",2024-09-02,"2024",2024,338,NA,NA,5.25,1756.34
"15185",2024-09-03,"2024",2024,339,NA,NA,4.93,1761.27
"15186",2024-09-04,"2024",2024,340,NA,NA,4.8,1766.07
"15187",2024-09-05,"2024",2024,341,NA,NA,5.09,1771.16
"15188",2024-09-06,"2024",2024,342,NA,NA,4.62,1775.78
"15189",2024-09-07,"2024",2024,343,NA,NA,4.09,1779.87
"15190",2024-09-08,"2024",2024,344,NA,NA,3.82,1783.69
"15191",2024-09-09,"2024",2024,345,NA,NA,3.73,1787.42
"15192",2024-09-10,"2024",2024,346,NA,NA,3.63,1791.05
"15193",2024-09-11,"2024",2024,347,NA,NA,3.67,1794.72
"15194",2024-09-12,"2024",2024,348,NA,NA,3.65,1798.37
"15195",2024-09-13,"2024",2024,349,NA,NA,3.64,1802.01
"15196",2024-09-14,"2024",2024,350,NA,NA,3.41,1805.42
"15197",2024-09-15,"2024",2024,351,NA,NA,3.22,1808.64
"15198",2024-09-16,"2024",2024,352,NA,NA,3.07,1811.71
"15199",2024-09-17,"2024",2024,353,NA,NA,2.76,1814.47
"15200",2024-09-18,"2024",2024,354,NA,NA,2.28,1816.75
"15201",2024-09-19,"2024",2024,355,NA,NA,2.36,1819.11
"15202",2024-09-20,"2024",2024,356,NA,NA,2.4,1821.51
"15203",2024-09-21,"2024",2024,357,NA,NA,2.43,1823.94
"15204",2024-09-22,"2024",2024,358,NA,NA,2.87,1826.81
"15205",2024-09-23,"2024",2024,359,NA,NA,2.93,1829.74
"15206",2024-09-24,"2024",2024,360,NA,NA,2.74,1832.48
"15207",2024-09-25,"2024",2024,361,NA,NA,2.78,1835.26
"15208",2024-09-26,"2024",2024,362,NA,NA,2.66,1837.92
"15209",2024-09-27,"2024",2024,363,NA,NA,2.62,1840.54
"15210",2024-09-28,"2024",2024,364,NA,NA,2.65,1843.19
"15211",2024-09-29,"2024",2024,365,NA,NA,2.58,1845.77
"15212",2024-09-30,"2024",2024,366,NA,NA,2.35,1848.12
"15213",2024-10-01,"2024",2025,1,NA,NA,2.25,2.25
"15214",2024-10-02,"2024",2025,2,NA,NA,2.04,4.29
"15215",2024-10-03,"2024",2025,3,NA,NA,2.21,6.5
"15216",2024-10-04,"2024",2025,4,NA,NA,2.23,8.73
"15217",2024-10-05,"2024",2025,5,NA,NA,2.06,10.79
"15218",2024-10-06,"2024",2025,6,NA,NA,2.11,12.9
"15219",2024-10-07,"2024",2025,7,NA,NA,2.1,15
"15220",2024-10-08,"2024",2025,8,NA,NA,2.04,17.04
"15221",2024-10-09,"2024",2025,9,NA,NA,2.02,19.06
"15222",2024-10-10,"2024",2025,10,NA,NA,1.94,21
"15223",2024-10-11,"2024",2025,11,NA,NA,1.86,22.86
"15224",2024-10-12,"2024",2025,12,NA,NA,1.8,24.66
"15225",2024-10-13,"2024",2025,13,NA,NA,1.76,26.42
"15226",2024-10-14,"2024",2025,14,NA,NA,1.69,28.11
"15227",2024-10-16,"2024",2025,15,NA,NA,1.57,29.68
"15228",2024-10-17,"2024",2025,16,NA,NA,1.39,31.07
"15229",2024-10-18,"2024",2025,17,NA,NA,1.52,32.59
"15230",2024-10-19,"2024",2025,18,NA,NA,1.62,34.21
"15231",2024-10-20,"2024",2025,19,NA,NA,1.58,35.79
"15232",2024-10-21,"2024",2025,20,NA,NA,1.45,37.24
"15233",2024-10-22,"2024",2025,21,NA,NA,1.21,38.45
"15234",2024-10-23,"2024",2025,22,NA,NA,1.27,39.72
"15235",2024-10-24,"2024",2025,23,NA,NA,1.26,40.98
"15236",2024-10-25,"2024",2025,24,NA,NA,1.19,42.17
"15237",2024-10-26,"2024",2025,25,NA,NA,1.21,43.38
"15238",2024-10-27,"2024",2025,26,NA,NA,1.21,44.59
"15239",2024-10-28,"2024",2025,27,NA,NA,1.15,45.74
"15240",2024-10-29,"2024",2025,28,NA,NA,1.19,46.93
"15241",2024-10-30,"2024",2025,29,NA,NA,1.27,48.2
"15242",2024-10-31,"2024",2025,30,NA,NA,1.24,49.44
"15243",2024-11-01,"2024",2025,31,NA,NA,1.16,50.6
"15244",2024-11-02,"2024",2025,32,NA,NA,1.13,51.73
"15245",2024-11-03,"2024",2025,33,NA,NA,1.1,52.83
"15246",2024-11-05,"2024",2025,34,NA,NA,1.16,53.99
"15247",2024-11-06,"2024",2025,35,NA,NA,1.18,55.17
"15248",2024-11-08,"2024",2025,36,NA,NA,1.19,56.36
"15249",2024-11-09,"2024",2025,37,NA,NA,1.25,57.61
"15250",2024-11-10,"2024",2025,38,NA,NA,1.16,58.77
"15251",2024-11-11,"2024",2025,39,NA,NA,1.06,59.83
"15252",2024-11-12,"2024",2025,40,NA,NA,1.03,60.86
"15253",2024-11-13,"2024",2025,41,NA,NA,0.98,61.84
"15254",2024-11-14,"2024",2025,42,NA,NA,0.92,62.76
"15255",2024-11-15,"2024",2025,43,NA,NA,0.91,63.67
"15256",2024-11-16,"2024",2025,44,NA,NA,0.9,64.57
"15257",2024-11-17,"2024",2025,45,NA,NA,0.86,65.43
"15258",2024-11-18,"2024",2025,46,NA,NA,0.81,66.24
"15259",2024-11-19,"2024",2025,47,NA,NA,0.81,67.05
"15260",2024-11-20,"2024",2025,48,NA,NA,0.78,67.83
"15261",2024-11-21,"2024",2025,49,NA,NA,0.74,68.57
"15262",2024-11-22,"2024",2025,50,NA,NA,0.72,69.29
"15263",2024-11-23,"2024",2025,51,NA,NA,0.71,70
"15264",2024-11-24,"2024",2025,52,NA,NA,0.7,70.7
"15265",2024-11-25,"2024",2025,53,NA,NA,0.74,71.44
"15266",2024-11-26,"2024",2025,54,NA,NA,0.75,72.19
"15267",2024-11-27,"2024",2025,55,NA,NA,0.82,73.01
"15268",2024-11-28,"2024",2025,56,NA,NA,0.78,73.79
"15269",2024-11-29,"2024",2025,57,NA,NA,0.75,74.54
"15270",2024-11-30,"2024",2025,58,NA,NA,0.73,75.27
"15271",2024-12-01,"2024",2025,59,NA,NA,0.66,75.93
"15272",2024-12-02,"2024",2025,60,NA,NA,0.66,76.59
"15273",2024-12-03,"2024",2025,61,NA,NA,0.68,77.27
"15274",2024-12-04,"2024",2025,62,NA,NA,0.66,77.93
"15275",2024-12-05,"2024",2025,63,NA,NA,0.65,78.58
"15276",2024-12-06,"2024",2025,64,NA,NA,0.63,79.21
"15277",2024-12-07,"2024",2025,65,NA,NA,0.67,79.88
"15278",2024-12-08,"2024",2025,66,NA,NA,0.62,80.5
"15279",2024-12-09,"2024",2025,67,NA,NA,0.57,81.07
"15280",2024-12-10,"2024",2025,68,NA,NA,0.56,81.63
"15281",2024-12-11,"2024",2025,69,NA,NA,0.55,82.18
"15282",2024-12-12,"2024",2025,70,NA,NA,0.52,82.7
"15283",2024-12-13,"2024",2025,71,NA,NA,0.49,83.19
"15284",2024-12-14,"2024",2025,72,NA,NA,0.47,83.66
"15285",2024-12-15,"2024",2025,73,NA,NA,0.52,84.18
"15286",2024-12-16,"2024",2025,74,NA,NA,0.51,84.69
"15287",2024-12-17,"2024",2025,75,NA,NA,0.51,85.2
"15288",2024-12-18,"2024",2025,76,NA,NA,0.57,85.77
"15289",2024-12-19,"2024",2025,77,NA,NA,0.46,86.23
"15290",2024-12-20,"2024",2025,78,NA,NA,0.43,86.66
"15291",2024-12-21,"2024",2025,79,NA,NA,0.42,87.08
"15292",2024-12-22,"2024",2025,80,NA,NA,0.42,87.5
"15293",2024-12-23,"2024",2025,81,NA,NA,0.38,87.88
"15294",2024-12-24,"2024",2025,82,NA,NA,0.36,88.24
"15295",2024-12-25,"2024",2025,83,NA,NA,0.34,88.58
"15296",2024-12-26,"2024",2025,84,NA,NA,0.42,89
"15297",2024-12-27,"2024",2025,85,NA,NA,0.41,89.41
"15298",2024-12-28,"2024",2025,86,NA,NA,0.5,89.91
"15299",2024-12-29,"2024",2025,87,NA,NA,0.47,90.38
"15300",2024-12-30,"2024",2025,88,NA,NA,0.41,90.79
"15301",2024-12-31,"2024",2025,89,NA,NA,0.39,91.18
"15302",2025-01-01,"2025",2025,90,NA,NA,0.4,91.58
"15303",2025-01-02,"2025",2025,91,NA,NA,0.47,92.05
"15304",2025-01-03,"2025",2025,92,NA,NA,0.42,92.47
"15305",2025-01-04,"2025",2025,93,NA,NA,0.33,92.8
"15306",2025-01-05,"2025",2025,94,NA,NA,0.32,93.12
"15307",2025-01-06,"2025",2025,95,NA,NA,0.28,93.4
"15308",2025-01-07,"2025",2025,96,NA,NA,0.27,93.67
"15309",2025-01-08,"2025",2025,97,NA,NA,0.28,93.95
"15310",2025-01-09,"2025",2025,98,NA,NA,0.27,94.22
"15311",2025-01-10,"2025",2025,99,NA,NA,0.32,94.54
"15312",2025-01-11,"2025",2025,100,NA,NA,0.28,94.82
"15313",2025-01-12,"2025",2025,101,NA,NA,0.28,95.1
"15314",2025-01-13,"2025",2025,102,NA,NA,0.29,95.39
"15315",2025-01-14,"2025",2025,103,NA,NA,0.28,95.67
"15316",2025-01-15,"2025",2025,104,NA,NA,0.28,95.95
"15317",2025-01-16,"2025",2025,105,NA,NA,0.31,96.26
"15318",2025-01-17,"2025",2025,106,NA,NA,0.31,96.57
"15319",2025-01-18,"2025",2025,107,NA,NA,0.34,96.91
"15320",2025-01-19,"2025",2025,108,NA,NA,0.3,97.21
"15321",2025-01-20,"2025",2025,109,NA,NA,0.3,97.51
"15322",2025-01-21,"2025",2025,110,NA,NA,0.28,97.79
"15323",2025-01-23,"2025",2025,111,NA,NA,0.27,98.06
"15324",2025-01-24,"2025",2025,112,NA,NA,0.32,98.38
"15325",2025-01-25,"2025",2025,113,NA,NA,0.35,98.73
"15326",2025-01-26,"2025",2025,114,NA,NA,0.34,99.07
"15327",2025-01-27,"2025",2025,115,NA,NA,0.34,99.41
"15328",2025-01-28,"2025",2025,116,NA,NA,0.33,99.74
"15329",2025-01-29,"2025",2025,117,NA,NA,0.29,100.03
"15330",2025-01-31,"2025",2025,118,NA,NA,0.26,100.29
"15331",2025-02-01,"2025",2025,119,NA,NA,0.21,100.5
"15332",2025-02-02,"2025",2025,120,NA,NA,0.23,100.73
"15333",2025-02-03,"2025",2025,121,NA,NA,0.22,100.95
"15334",2025-02-04,"2025",2025,122,NA,NA,0.22,101.17
"15335",2025-02-05,"2025",2025,123,NA,NA,0.2,101.37
"15336",2025-02-06,"2025",2025,124,NA,NA,0.18,101.55
"15337",2025-02-07,"2025",2025,125,NA,NA,0.18,101.73
"15338",2025-02-08,"2025",2025,126,NA,NA,0.21,101.94
"15339",2025-02-09,"2025",2025,127,NA,NA,0.2,102.14
"15340",2025-02-10,"2025",2025,128,NA,NA,0.18,102.32
"15341",2025-02-11,"2025",2025,129,NA,NA,0.18,102.5
"15342",2025-02-12,"2025",2025,130,NA,NA,0.22,102.72
"15343",2025-02-13,"2025",2025,131,NA,NA,0.16,102.88
"15344",2025-02-14,"2025",2025,132,NA,NA,0.16,103.04
"15345",2025-02-15,"2025",2025,133,NA,NA,0.18,103.22
"15346",2025-02-16,"2025",2025,134,NA,NA,0.15,103.37
"15347",2025-02-17,"2025",2025,135,NA,NA,0.17,103.54
"15348",2025-02-18,"2025",2025,136,NA,NA,0.18,103.72
"15349",2025-02-19,"2025",2025,137,NA,NA,0.17,103.89
"15350",2025-02-20,"2025",2025,138,NA,NA,0.14,104.03
"15351",2025-02-21,"2025",2025,139,NA,NA,0.14,104.17
"15352",2025-02-22,"2025",2025,140,NA,NA,0.13,104.3
"15353",2025-02-23,"2025",2025,141,NA,NA,0.11,104.41
"15354",2025-02-24,"2025",2025,142,NA,NA,0.11,104.52
"15355",2025-02-25,"2025",2025,143,NA,NA,0.12,104.64
"15356",2025-02-26,"2025",2025,144,NA,NA,0.13,104.77
"15357",2025-02-27,"2025",2025,145,NA,NA,0.13,104.9
"15358",2025-02-28,"2025",2025,146,NA,NA,0.13,105.03
"15359",2025-03-01,"2025",2025,147,NA,NA,0.14,105.17
"15360",2025-03-02,"2025",2025,148,NA,NA,0.14,105.31
"15361",2025-03-03,"2025",2025,149,NA,NA,0.14,105.45
"15362",2025-03-04,"2025",2025,150,NA,NA,0.14,105.59
"15363",2025-03-05,"2025",2025,151,NA,NA,0.14,105.73
"15364",2025-03-06,"2025",2025,152,NA,NA,0.17,105.9
"15365",2025-03-07,"2025",2025,153,NA,NA,0.15,106.05
"15366",2025-03-08,"2025",2025,154,NA,NA,0.14,106.19
"15367",2025-03-09,"2025",2025,155,NA,NA,0.12,106.31
"15368",2025-03-10,"2025",2025,156,NA,NA,0.11,106.42
"15369",2025-03-11,"2025",2025,157,NA,NA,0.13,106.55
"15370",2025-03-12,"2025",2025,158,NA,NA,0.12,106.67
"15371",2025-03-13,"2025",2025,159,NA,NA,0.14,106.81
"15372",2025-03-14,"2025",2025,160,NA,NA,0.15,106.96
"15373",2025-03-15,"2025",2025,161,NA,NA,0.12,107.08
"15374",2025-03-16,"2025",2025,162,NA,NA,0.11,107.19
"15375",2025-03-17,"2025",2025,163,NA,NA,0.11,107.3
"15376",2025-03-18,"2025",2025,164,NA,NA,0.11,107.41
"15377",2025-03-19,"2025",2025,165,NA,NA,0.11,107.52
"15378",2025-03-20,"2025",2025,166,NA,NA,0.1,107.62
"15379",2025-03-21,"2025",2025,167,NA,NA,0.1,107.72
"15380",2025-03-22,"2025",2025,168,NA,NA,0.1,107.82
"15381",2025-03-23,"2025",2025,169,NA,NA,0.1,107.92
"15382",2025-03-24,"2025",2025,170,NA,NA,0.09,108.01
"15383",2025-03-25,"2025",2025,171,NA,NA,0.09,108.1
"15384",2025-03-26,"2025",2025,172,NA,NA,0.11,108.21
"15385",2025-03-27,"2025",2025,173,NA,NA,0.13,108.34
"15386",2025-03-28,"2025",2025,174,NA,NA,0.19,108.53
"15387",2025-03-29,"2025",2025,175,NA,NA,0.24,108.77
"15388",2025-03-30,"2025",2025,176,NA,NA,0.25,109.02
"15389",2025-03-31,"2025",2025,177,NA,NA,0.24,109.26
"15390",2025-04-01,"2025",2025,178,NA,NA,0.24,109.5
"15391",2025-04-02,"2025",2025,179,NA,NA,0.22,109.72
"15392",2025-04-03,"2025",2025,180,NA,NA,0.19,109.91
"15393",2025-04-04,"2025",2025,181,NA,NA,0.19,110.1
"15394",2025-04-05,"2025",2025,182,NA,NA,0.19,110.29
"15395",2025-04-06,"2025",2025,183,NA,NA,0.16,110.45
"15396",2025-04-07,"2025",2025,184,NA,NA,0.15,110.6
"15397",2025-04-08,"2025",2025,185,NA,NA,0.16,110.76
"15398",2025-04-09,"2025",2025,186,NA,NA,0.18,110.94
"15399",2025-04-10,"2025",2025,187,NA,NA,0.29,111.23
"15400",2025-04-11,"2025",2025,188,NA,NA,0.76,111.99
"15401",2025-04-12,"2025",2025,189,NA,NA,1.07,113.06
"15402",2025-04-13,"2025",2025,190,NA,NA,1.72,114.78
"15403",2025-04-14,"2025",2025,191,NA,NA,1.75,116.53
"15404",2025-04-15,"2025",2025,192,NA,NA,1.68,118.21
"15405",2025-04-16,"2025",2025,193,NA,NA,1.81,120.02
"15406",2025-04-17,"2025",2025,194,NA,NA,2.12,122.14
"15407",2025-04-18,"2025",2025,195,NA,NA,2.52,124.66
"15408",2025-04-19,"2025",2025,196,NA,NA,2.19,126.85
"15409",2025-04-20,"2025",2025,197,NA,NA,1.84,128.69
"15410",2025-04-21,"2025",2025,198,NA,NA,1.55,130.24
"15411",2025-04-22,"2025",2025,199,NA,NA,1.36,131.6
"15412",2025-04-23,"2025",2025,200,NA,NA,1.27,132.87
"15413",2025-04-24,"2025",2025,201,NA,NA,1.35,134.22
"15414",2025-04-25,"2025",2025,202,NA,NA,1.67,135.89
"15415",2025-04-26,"2025",2025,203,NA,NA,2,137.89
"15416",2025-04-27,"2025",2025,204,NA,NA,3.05,140.94
"15417",2025-04-28,"2025",2025,205,NA,NA,3.95,144.89
"15418",2025-04-29,"2025",2025,206,NA,NA,3.52,148.41
"15419",2025-04-30,"2025",2025,207,NA,NA,2.99,151.4
"15420",2025-05-01,"2025",2025,208,NA,NA,2.79,154.19
"15421",2025-05-02,"2025",2025,209,NA,NA,2.6,156.79
"15422",2025-05-03,"2025",2025,210,NA,NA,2.69,159.48
"15423",2025-05-04,"2025",2025,211,NA,NA,3.67,163.15
"15424",2025-05-05,"2025",2025,212,NA,NA,4.52,167.67
"15425",2025-05-06,"2025",2025,213,NA,NA,4.76,172.43
"15426",2025-05-07,"2025",2025,214,NA,NA,4.41,176.84
"15427",2025-05-08,"2025",2025,215,NA,NA,3.68,180.52
"15428",2025-05-09,"2025",2025,216,NA,NA,3.87,184.39
"15429",2025-05-10,"2025",2025,217,NA,NA,5.12,189.51
"15430",2025-05-11,"2025",2025,218,NA,NA,9.35,198.86
"15431",2025-05-12,"2025",2025,219,NA,NA,14.8,213.66
"15432",2025-05-13,"2025",2025,220,NA,NA,15.9,229.56
"15433",2025-05-14,"2025",2025,221,NA,NA,11.9,241.46
"15434",2025-05-15,"2025",2025,222,NA,NA,8.9,250.36
"15435",2025-05-16,"2025",2025,223,NA,NA,6.47,256.83
"15436",2025-05-17,"2025",2025,224,NA,NA,4.9,261.73
"15437",2025-05-18,"2025",2025,225,NA,NA,4.53,266.26
"15438",2025-05-19,"2025",2025,226,NA,NA,4.1,270.36
"15439",2025-05-20,"2025",2025,227,NA,NA,3.23,273.59
"15440",2025-05-21,"2025",2025,228,NA,NA,3.17,276.76
"15441",2025-05-22,"2025",2025,229,NA,NA,3.09,279.85
"15442",2025-05-23,"2025",2025,230,NA,NA,3.94,283.79
"15443",2025-05-24,"2025",2025,231,NA,NA,8.7,292.49
"15444",2025-05-25,"2025",2025,232,NA,NA,15.4,307.89
"15445",2025-05-26,"2025",2025,233,NA,NA,19.7,327.59
"15446",2025-05-27,"2025",2025,234,NA,NA,20.3,347.89
"15447",2025-05-28,"2025",2025,235,NA,NA,21.6,369.49
"15448",2025-05-29,"2025",2025,236,NA,NA,20.3,389.79
"15449",2025-05-30,"2025",2025,237,NA,NA,21.3,411.09
"15450",2025-05-31,"2025",2025,238,NA,NA,25.9,436.99
"15451",2025-06-01,"2025",2025,239,NA,NA,31.7,468.69
"15452",2025-06-02,"2025",2025,240,NA,NA,28.8,497.49
"15453",2025-06-03,"2025",2025,241,NA,NA,25.5,522.99
"15454",2025-06-04,"2025",2025,242,NA,NA,20.6,543.59
"15455",2025-06-05,"2025",2025,243,NA,NA,19.2,562.79
"15456",2025-06-06,"2025",2025,244,NA,NA,20,582.79
"15457",2025-06-07,"2025",2025,245,NA,NA,20.1,602.89
"15458",2025-06-08,"2025",2025,246,NA,NA,22.2,625.09
"15459",2025-06-09,"2025",2025,247,NA,NA,24.2,649.29
"15460",2025-06-10,"2025",2025,248,NA,NA,24,673.29
"15461",2025-06-11,"2025",2025,249,NA,NA,25.5,698.79
"15462",2025-06-12,"2025",2025,250,NA,NA,26.9,725.69
"15463",2025-06-13,"2025",2025,251,NA,NA,28.5,754.19
"15464",2025-06-14,"2025",2025,252,NA,NA,27.8,781.99
"15465",2025-06-15,"2025",2025,253,NA,NA,25.1,807.09
"15466",2025-06-16,"2025",2025,254,NA,NA,23.1,830.19
"15467",2025-06-17,"2025",2025,255,NA,NA,23.1,853.29
"15468",2025-06-18,"2025",2025,256,NA,NA,20.5,873.79
"15469",2025-06-19,"2025",2025,257,NA,NA,20,893.79
"15470",2025-06-20,"2025",2025,258,NA,NA,21.9,915.69
"15471",2025-06-21,"2025",2025,259,NA,NA,22.6,938.29
"15472",2025-06-22,"2025",2025,260,NA,NA,20.2,958.49
"15473",2025-06-23,"2025",2025,261,NA,NA,18.6,977.09
"15474",2025-06-24,"2025",2025,262,NA,NA,17.4,994.49
"15475",2025-06-25,"2025",2025,263,NA,NA,18,1012.49
"15476",2025-06-26,"2025",2025,264,NA,NA,16.3,1028.79
"15477",2025-06-27,"2025",2025,265,NA,NA,15.2,1043.99
"15478",2025-06-28,"2025",2025,266,NA,NA,15.5,1059.49
"15479",2025-06-29,"2025",2025,267,NA,NA,15.7,1075.19
"15480",2025-06-30,"2025",2025,268,NA,NA,15.1,1090.29
"15481",2025-07-01,"2025",2025,269,NA,NA,15.2,1105.49
"15482",2025-07-02,"2025",2025,270,NA,NA,16.8,1122.29
"15483",2025-07-03,"2025",2025,271,NA,NA,17.1,1139.39
"15484",2025-07-04,"2025",2025,272,NA,NA,19,1158.39
"15485",2025-07-05,"2025",2025,273,NA,NA,19.8,1178.19
"15486",2025-07-06,"2025",2025,274,NA,NA,16.6,1194.79
"15487",2025-07-07,"2025",2025,275,NA,NA,14.6,1209.39
"15488",2025-07-08,"2025",2025,276,NA,NA,12.5,1221.89
"15489",2025-07-09,"2025",2025,277,NA,NA,11.9,1233.79
"15490",2025-07-10,"2025",2025,278,NA,NA,12.3,1246.09
"15491",2025-07-11,"2025",2025,279,NA,NA,14.3,1260.39
"15492",2025-07-12,"2025",2025,280,NA,NA,18,1278.39
"15493",2025-07-13,"2025",2025,281,NA,NA,16.5,1294.89
"15494",2025-07-14,"2025",2025,282,NA,NA,14.5,1309.39
"15495",2025-07-15,"2025",2025,283,NA,NA,13.6,1322.99
"15496",2025-07-16,"2025",2025,284,NA,NA,13.1,1336.09
"15497",2025-07-17,"2025",2025,285,NA,NA,12.1,1348.19
"15498",2025-07-18,"2025",2025,286,NA,NA,11.6,1359.79
"15499",2025-07-19,"2025",2025,287,NA,NA,11.7,1371.49
"15500",2025-07-20,"2025",2025,288,NA,NA,10.8,1382.29
"15501",2025-07-21,"2025",2025,289,NA,NA,10.1,1392.39
"15502",2025-07-22,"2025",2025,290,NA,NA,9.43,1401.82
"15503",2025-07-23,"2025",2025,291,NA,NA,9.89,1411.71
"15504",2025-07-24,"2025",2025,292,NA,NA,9.94,1421.65
"15505",2025-07-25,"2025",2025,293,NA,NA,9.13,1430.78
"15506",2025-07-26,"2025",2025,294,NA,NA,8.46,1439.24
"15507",2025-07-27,"2025",2025,295,NA,NA,7.87,1447.11
"15508",2025-07-28,"2025",2025,296,NA,NA,7.4,1454.51
"15509",2025-07-29,"2025",2025,297,NA,NA,7.27,1461.78
"15510",2025-07-30,"2025",2025,298,NA,NA,6.96,1468.74
"15511",2025-07-31,"2025",2025,299,NA,NA,6.59,1475.33
"15512",2025-08-01,"2025",2025,300,NA,NA,6.32,1481.65
"15513",2025-08-02,"2025",2025,301,NA,NA,6.27,1487.92
"15514",2025-08-03,"2025",2025,302,NA,NA,6.18,1494.1
"15515",2025-08-04,"2025",2025,303,NA,NA,5.93,1500.03
"15516",2025-08-05,"2025",2025,304,NA,NA,5.46,1505.49
"15517",2025-08-06,"2025",2025,305,NA,NA,5.2,1510.69
"15518",2025-08-07,"2025",2025,306,NA,NA,5.09,1515.78
"15519",2025-08-08,"2025",2025,307,NA,NA,5.12,1520.9
"15520",2025-08-09,"2025",2025,308,NA,NA,5.3,1526.2
"15521",2025-08-10,"2025",2025,309,NA,NA,5.31,1531.51
"15522",2025-08-11,"2025",2025,310,NA,NA,5.11,1536.62
"15523",2025-08-12,"2025",2025,311,NA,NA,4.86,1541.48
"15524",2025-08-13,"2025",2025,312,NA,NA,4.56,1546.04
"15525",2025-08-14,"2025",2025,313,NA,NA,4.42,1550.46
"15526",2025-08-15,"2025",2025,314,NA,NA,4.52,1554.98
"15527",2025-08-16,"2025",2025,315,NA,NA,4.56,1559.54
"15528",2025-08-17,"2025",2025,316,NA,NA,4.59,1564.13
"15529",2025-08-18,"2025",2025,317,NA,NA,4.63,1568.76
"15530",2025-08-19,"2025",2025,318,NA,NA,4.72,1573.48
"15531",2025-08-20,"2025",2025,319,NA,NA,4.66,1578.14
"15532",2025-08-21,"2025",2025,320,NA,NA,4.49,1582.63
"15533",2025-08-22,"2025",2025,321,NA,NA,4.4,1587.03
"15534",2025-08-23,"2025",2025,322,NA,NA,4.52,1591.55
"15535",2025-08-24,"2025",2025,323,NA,NA,4.58,1596.13
"15536",2025-08-25,"2025",2025,324,NA,NA,4.52,1600.65
"15537",2025-08-26,"2025",2025,325,NA,NA,4.7,1605.35
"15538",2025-08-27,"2025",2025,326,NA,NA,4.88,1610.23
"15539",2025-08-28,"2025",2025,327,NA,NA,5.13,1615.36
"15540",2025-08-29,"2025",2025,328,NA,NA,4.97,1620.33
"15541",2025-08-30,"2025",2025,329,NA,NA,5.48,1625.81
"15542",2025-08-31,"2025",2025,330,NA,NA,5.55,1631.36
"15543",2025-09-01,"2025",2025,331,NA,NA,5.2,1636.56
"15544",2025-09-02,"2025",2025,332,NA,NA,4.89,1641.45
"15545",2025-09-03,"2025",2025,333,NA,NA,4.67,1646.12
"15546",2025-09-04,"2025",2025,334,NA,NA,4.4,1650.52
"15547",2025-09-05,"2025",2025,335,NA,NA,4.14,1654.66
"15548",2025-09-06,"2025",2025,336,NA,NA,4.05,1658.71
"15549",2025-09-07,"2025",2025,337,NA,NA,3.81,1662.52
"15550",2025-09-08,"2025",2025,338,NA,NA,3.75,1666.27
"15551",2025-09-09,"2025",2025,339,NA,NA,3.77,1670.04
"15552",2025-09-10,"2025",2025,340,NA,NA,3.73,1673.77
"15553",2025-09-11,"2025",2025,341,NA,NA,3.56,1677.33
"15554",2025-09-12,"2025",2025,342,NA,NA,3.68,1681.01
"15555",2025-09-13,"2025",2025,343,NA,NA,3.83,1684.84
"15556",2025-09-14,"2025",2025,344,NA,NA,3.69,1688.53
"15557",2025-09-15,"2025",2025,345,NA,NA,3.54,1692.07
"15558",2025-09-16,"2025",2025,346,NA,NA,3.42,1695.49
"15559",2025-09-17,"2025",2025,347,NA,NA,3.56,1699.05
"15560",2025-09-18,"2025",2025,348,NA,NA,3.53,1702.58
"15561",2025-09-19,"2025",2025,349,NA,NA,3.28,1705.86
"15562",2025-09-20,"2025",2025,350,NA,NA,3.22,1709.08
"15563",2025-09-21,"2025",2025,351,NA,NA,3.28,1712.36
"15564",2025-09-22,"2025",2025,352,NA,NA,3.33,1715.69
"15565",2025-09-23,"2025",2025,353,NA,NA,4.08,1719.77
"15566",2025-09-24,"2025",2025,354,NA,NA,5.43,1725.2
"15567",2025-09-25,"2025",2025,355,NA,NA,5.77,1730.97
"15568",2025-09-26,"2025",2025,356,NA,NA,5.55,1736.52
"15569",2025-09-27,"2025",2025,357,NA,NA,5.22,1741.74
"15570",2025-09-28,"2025",2025,358,NA,NA,5.02,1746.76
"15571",2025-09-29,"2025",2025,359,NA,NA,4.78,1751.54
"15572",2025-09-30,"2025",2025,360,NA,NA,4.6,1756.14
